"Monthly age-standardised mortality rates by vaccination status by age group by sex for all cause deaths and deaths involving COVID-19, per 100,000 person-years, England, deaths occurring between 1 April 2021 and 31 May 2023",,,,,,,,,,,
This worksheet contains 1 table.,,,,,,,,,,,
"Source: Office for National Statistics, National Immunisation Management Service.",,,,,,,,,,,
Sex,Cause of Death,Year,Month,Age group,Vaccination status,Count of deaths,Person-years,"Age-standardised mortality rate / 100,000 person-years",Noted as Unreliable,Lower confidence limit,Upper confidence limit
Female,All causes,2021,April,18-39,Unvaccinated,105,420201,25.6,,20.7,30.5
Female,All causes,2021,April,18-39,"First dose, less than 21 days ago",6,22520,23.3,u,8.5,51
Female,All causes,2021,April,18-39,"First dose, at least 21 days ago",101,102905,92.3,,73.8,110.9
Female,All causes,2021,April,18-39,"Second dose, less than 21 days ago",9,30552,26,u,11.9,49.3
Female,All causes,2021,April,18-39,"Second dose, at least 21 days ago",10,22303,43.3,u,20.2,80.5
Female,All causes,2021,April,18-39,"Third dose or booster, less than 21 days ago",<3,0,x,,x,x
Female,All causes,2021,April,18-39,"Third dose or booster, at least 21 days ago",<3,0,x,,x,x
Female,All causes,2021,April,18-39,"Fourth dose or booster, less than 21 days ago",<3,0,x,,x,x
Female,All causes,2021,April,18-39,"Fourth dose or booster, at least 21 days ago",<3,0,x,,x,x
Female,All causes,2021,April,40-49,Unvaccinated,119,125685,101.9,,83.3,120.5
Female,All causes,2021,April,40-49,"First dose, less than 21 days ago",14,36074,39.6,u,20.5,68.1
Female,All causes,2021,April,40-49,"First dose, at least 21 days ago",149,83100,177.9,,149.1,206.6
Female,All causes,2021,April,40-49,"Second dose, less than 21 days ago",19,21084,88.8,u,53.3,138.8
Female,All causes,2021,April,40-49,"Second dose, at least 21 days ago",10,16205,58.4,u,28,107.5
Female,All causes,2021,April,40-49,"Third dose or booster, less than 21 days ago",<3,0,x,,x,x
Female,All causes,2021,April,40-49,"Third dose or booster, at least 21 days ago",<3,0,x,,x,x
Female,All causes,2021,April,40-49,"Fourth dose or booster, less than 21 days ago",<3,0,x,,x,x
Female,All causes,2021,April,40-49,"Fourth dose or booster, at least 21 days ago",<3,0,x,,x,x
Female,All causes,2021,April,50-59,Unvaccinated,191,28314,689.8,,591.6,787.9
Female,All causes,2021,April,50-59,"First dose, less than 21 days ago",26,43724,61.1,,39.7,89.9
Female,All causes,2021,April,50-59,"First dose, at least 21 days ago",468,183365,251.3,,228.5,274.1
Female,All causes,2021,April,50-59,"Second dose, less than 21 days ago",42,28970,142,,102.2,192
Female,All causes,2021,April,50-59,"Second dose, at least 21 days ago",26,21083,122.4,,79.9,179.5
Female,All causes,2021,April,50-59,"Third dose or booster, less than 21 days ago",<3,0,x,,x,x
Female,All causes,2021,April,50-59,"Third dose or booster, at least 21 days ago",<3,0,x,,x,x
Female,All causes,2021,April,50-59,"Fourth dose or booster, less than 21 days ago",<3,0,x,,x,x
Female,All causes,2021,April,50-59,"Fourth dose or booster, at least 21 days ago",<3,0,x,,x,x
Female,All causes,2021,April,60-69,Unvaccinated,304,13705,2326,,2061.1,2590.9
Female,All causes,2021,April,60-69,"First dose, less than 21 days ago",29,6528,698.5,,421.7,1060.4
Female,All causes,2021,April,60-69,"First dose, at least 21 days ago",1006,181286,556.9,,522.5,591.3
Female,All causes,2021,April,60-69,"Second dose, less than 21 days ago",115,30043,373.3,,304.2,442.4
Female,All causes,2021,April,60-69,"Second dose, at least 21 days ago",59,12024,554.7,,418.2,720.5
Female,All causes,2021,April,60-69,"Third dose or booster, less than 21 days ago",<3,0,x,,x,x
Female,All causes,2021,April,60-69,"Third dose or booster, at least 21 days ago",<3,0,x,,x,x
Female,All causes,2021,April,60-69,"Fourth dose or booster, less than 21 days ago",<3,0,x,,x,x
Female,All causes,2021,April,60-69,"Fourth dose or booster, at least 21 days ago",<3,0,x,,x,x
Female,All causes,2021,April,70-79,Unvaccinated,340,6538,5296,,4730.8,5861.1
Female,All causes,2021,April,70-79,"First dose, less than 21 days ago",35,629,5836.8,,4052.2,8134.8
Female,All causes,2021,April,70-79,"First dose, at least 21 days ago",2112,98888,2381.7,,2276.8,2486.6
Female,All causes,2021,April,70-79,"Second dose, less than 21 days ago",519,79484,626.4,,572,680.8
Female,All causes,2021,April,70-79,"Second dose, at least 21 days ago",294,17243,1660.7,,1454.9,1866.4
Female,All causes,2021,April,70-79,"Third dose or booster, less than 21 days ago",<3,0,x,,x,x
Female,All causes,2021,April,70-79,"Third dose or booster, at least 21 days ago",<3,0,x,,x,x
Female,All causes,2021,April,70-79,"Fourth dose or booster, less than 21 days ago",<3,0,x,,x,x
Female,All causes,2021,April,70-79,"Fourth dose or booster, at least 21 days ago",<3,0,x,,x,x
Female,All causes,2021,April,80-89,Unvaccinated,469,3314,13929.9,,12666.8,15193
Female,All causes,2021,April,80-89,"First dose, less than 21 days ago",49,293,16119.3,,11900,21341.8
Female,All causes,2021,April,80-89,"First dose, at least 21 days ago",2413,17793,13303.2,,12771.4,13835
Female,All causes,2021,April,80-89,"Second dose, less than 21 days ago",1132,40712,2764.2,,2603.1,2925.2
Female,All causes,2021,April,80-89,"Second dose, at least 21 days ago",1460,40654,3540.5,,3358.7,3722.3
Female,All causes,2021,April,80-89,"Third dose or booster, less than 21 days ago",<3,0,x,,x,x
Female,All causes,2021,April,80-89,"Third dose or booster, at least 21 days ago",<3,0,x,,x,x
Female,All causes,2021,April,80-89,"Fourth dose or booster, less than 21 days ago",<3,0,x,,x,x
Female,All causes,2021,April,80-89,"Fourth dose or booster, at least 21 days ago",<3,0,x,,x,x
Female,All causes,2021,April,90+,Unvaccinated,272,1013,26851.8,,23755,30240
Female,All causes,2021,April,90+,"First dose, less than 21 days ago",28,101,27650.2,,18369.2,39964
Female,All causes,2021,April,90+,"First dose, at least 21 days ago",1689,5352,31556.4,,30069.2,33098.1
Female,All causes,2021,April,90+,"Second dose, less than 21 days ago",1037,9730,10657.2,,10018.4,11326.2
Female,All causes,2021,April,90+,"Second dose, at least 21 days ago",1247,9521,13097.6,,12380.6,13845.2
Female,All causes,2021,April,90+,"Third dose or booster, less than 21 days ago",<3,0,x,,x,x
Female,All causes,2021,April,90+,"Third dose or booster, at least 21 days ago",<3,0,x,,x,x
Female,All causes,2021,April,90+,"Fourth dose or booster, less than 21 days ago",<3,0,x,,x,x
Female,All causes,2021,April,90+,"Fourth dose or booster, at least 21 days ago",<3,0,x,,x,x
Female,All causes,2021,May,18-39,Unvaccinated,88,393825,24.8,,19.8,30.7
Female,All causes,2021,May,18-39,"First dose, less than 21 days ago",5,36363,24.3,u,3.2,66.1
Female,All causes,2021,May,18-39,"First dose, at least 21 days ago",47,80580,58.5,,42.3,78.6
Female,All causes,2021,May,18-39,"Second dose, less than 21 days ago",18,38482,40.5,u,23.7,64.3
Female,All causes,2021,May,18-39,"Second dose, at least 21 days ago",33,68744,48.8,,32.3,70.2
Female,All causes,2021,May,18-39,"Third dose or booster, less than 21 days ago",<3,0,x,,x,x
Female,All causes,2021,May,18-39,"Third dose or booster, at least 21 days ago",<3,1,x,,x,x
Female,All causes,2021,May,18-39,"Fourth dose or booster, less than 21 days ago",<3,0,x,,x,x
Female,All causes,2021,May,18-39,"Fourth dose or booster, at least 21 days ago",<3,0,x,,x,x
Female,All causes,2021,May,40-49,Unvaccinated,114,60990,217.5,,176.6,258.5
Female,All causes,2021,May,40-49,"First dose, less than 21 days ago",13,48553,27.9,u,14.5,48.3
Female,All causes,2021,May,40-49,"First dose, at least 21 days ago",143,100964,140.9,,117.3,164.4
Female,All causes,2021,May,40-49,"Second dose, less than 21 days ago",35,31835,106.9,,74.3,148.9
Female,All causes,2021,May,40-49,"Second dose, at least 21 days ago",71,49059,142.9,,111.5,180.3
Female,All causes,2021,May,40-49,"Third dose or booster, less than 21 days ago",<3,0,x,,x,x
Female,All causes,2021,May,40-49,"Third dose or booster, at least 21 days ago",<3,1,x,,x,x
Female,All causes,2021,May,40-49,"Fourth dose or booster, less than 21 days ago",<3,0,x,,x,x
Female,All causes,2021,May,40-49,"Fourth dose or booster, at least 21 days ago",<3,0,x,,x,x
Female,All causes,2021,May,50-59,Unvaccinated,150,25870,593.2,,498,688.4
Female,All causes,2021,May,50-59,"First dose, less than 21 days ago",3,2349,126.2,u,22.6,377
Female,All causes,2021,May,50-59,"First dose, at least 21 days ago",368,158135,232.5,,208.7,256.2
Female,All causes,2021,May,50-59,"Second dose, less than 21 days ago",104,61140,167.4,,135.1,199.6
Female,All causes,2021,May,50-59,"Second dose, at least 21 days ago",184,68354,264.5,,226.2,302.8
Female,All causes,2021,May,50-59,"Third dose or booster, less than 21 days ago",<3,0,x,,x,x
Female,All causes,2021,May,50-59,"Third dose or booster, at least 21 days ago",<3,1,x,,x,x
Female,All causes,2021,May,50-59,"Fourth dose or booster, less than 21 days ago",<3,0,x,,x,x
Female,All causes,2021,May,50-59,"Fourth dose or booster, at least 21 days ago",<3,0,x,,x,x
Female,All causes,2021,May,60-69,Unvaccinated,220,13034,1751.1,,1516.8,1985.4
Female,All causes,2021,May,60-69,"First dose, less than 21 days ago",10,751,1536,u,723,2846.7
Female,All causes,2021,May,60-69,"First dose, at least 21 days ago",696,73959,1236.1,,1136,1336.1
Female,All causes,2021,May,60-69,"Second dose, less than 21 days ago",232,90554,250.3,,217.7,282.9
Female,All causes,2021,May,60-69,"Second dose, at least 21 days ago",458,73920,607.4,,550.9,664
Female,All causes,2021,May,60-69,"Third dose or booster, less than 21 days ago",<3,0,x,,x,x
Female,All causes,2021,May,60-69,"Third dose or booster, at least 21 days ago",<3,0,x,,x,x
Female,All causes,2021,May,60-69,"Fourth dose or booster, less than 21 days ago",<3,0,x,,x,x
Female,All causes,2021,May,60-69,"Fourth dose or booster, at least 21 days ago",<3,0,x,,x,x
Female,All causes,2021,May,70-79,Unvaccinated,307,6387,4919,,4366.6,5471.4
Female,All causes,2021,May,70-79,"First dose, less than 21 days ago",14,248,5515.6,u,3000.9,9275.9
Female,All causes,2021,May,70-79,"First dose, at least 21 days ago",998,7110,15382.4,,14401.8,16363.1
Female,All causes,2021,May,70-79,"Second dose, less than 21 days ago",443,49951,1057.2,,952.1,1162.2
Female,All causes,2021,May,70-79,"Second dose, at least 21 days ago",1741,146430,1159.2,,1104.6,1213.9
Female,All causes,2021,May,70-79,"Third dose or booster, less than 21 days ago",<3,0,x,,x,x
Female,All causes,2021,May,70-79,"Third dose or booster, at least 21 days ago",<3,0,x,,x,x
Female,All causes,2021,May,70-79,"Fourth dose or booster, less than 21 days ago",<3,0,x,,x,x
Female,All causes,2021,May,70-79,"Fourth dose or booster, at least 21 days ago",<3,0,x,,x,x
Female,All causes,2021,May,80-89,Unvaccinated,321,3221,9823.4,,8746.8,10900
Female,All causes,2021,May,80-89,"First dose, less than 21 days ago",16,113,13539.9,u,7703,22040.9
Female,All causes,2021,May,80-89,"First dose, at least 21 days ago",1028,2685,37212.9,,34913.7,39512.2
Female,All causes,2021,May,80-89,"Second dose, less than 21 days ago",383,6266,6009.2,,5405.7,6612.7
Female,All causes,2021,May,80-89,"Second dose, at least 21 days ago",4090,94109,4300.7,,4168.9,4432.6
Female,All causes,2021,May,80-89,"Third dose or booster, less than 21 days ago",<3,0,x,,x,x
Female,All causes,2021,May,80-89,"Third dose or booster, at least 21 days ago",<3,1,x,,x,x
Female,All causes,2021,May,80-89,"Fourth dose or booster, less than 21 days ago",<3,0,x,,x,x
Female,All causes,2021,May,80-89,"Fourth dose or booster, at least 21 days ago",<3,0,x,,x,x
Female,All causes,2021,May,90+,Unvaccinated,233,980,23787.1,,20830.4,27045.7
Female,All causes,2021,May,90+,"First dose, less than 21 days ago",3,35,8569.2,u,1722.3,25037.9
Female,All causes,2021,May,90+,"First dose, at least 21 days ago",657,983,66805.3,,61793.8,72114.9
Female,All causes,2021,May,90+,"Second dose, less than 21 days ago",305,2075,14701.8,,13097.9,16447.9
Female,All causes,2021,May,90+,"Second dose, at least 21 days ago",3473,22650,15333.1,,14827.3,15851.7
Female,All causes,2021,May,90+,"Third dose or booster, less than 21 days ago",<3,0,x,,x,x
Female,All causes,2021,May,90+,"Third dose or booster, at least 21 days ago",<3,0,x,,x,x
Female,All causes,2021,May,90+,"Fourth dose or booster, less than 21 days ago",<3,0,x,,x,x
Female,All causes,2021,May,90+,"Fourth dose or booster, at least 21 days ago",<3,0,x,,x,x
Female,All causes,2021,June,18-39,Unvaccinated,71,254013,34,,26.2,43.5
Female,All causes,2021,June,18-39,"First dose, less than 21 days ago",10,95025,10.6,u,5,19.6
Female,All causes,2021,June,18-39,"First dose, at least 21 days ago",37,88560,41.5,,26.5,60.8
Female,All causes,2021,June,18-39,"Second dose, less than 21 days ago",7,37669,16.1,u,6.3,33.3
Female,All causes,2021,June,18-39,"Second dose, at least 21 days ago",56,122320,41.9,,31.4,54.6
Female,All causes,2021,June,18-39,"Third dose or booster, less than 21 days ago",<3,3,x,,x,x
Female,All causes,2021,June,18-39,"Third dose or booster, at least 21 days ago",<3,1,x,,x,x
Female,All causes,2021,June,18-39,"Fourth dose or booster, less than 21 days ago",<3,0,x,,x,x
Female,All causes,2021,June,18-39,"Fourth dose or booster, at least 21 days ago",<3,0,x,,x,x
Female,All causes,2021,June,40-49,Unvaccinated,93,38286,258.5,,208.1,317.3
Female,All causes,2021,June,40-49,"First dose, less than 21 days ago",7,9042,114.1,u,44.4,237.7
Female,All causes,2021,June,40-49,"First dose, at least 21 days ago",83,95216,88.2,,70.2,109.5
Female,All causes,2021,June,40-49,"Second dose, less than 21 days ago",22,43776,47.8,,29.7,72.6
Female,All causes,2021,June,40-49,"Second dose, at least 21 days ago",138,95540,142.8,,118.8,166.7
Female,All causes,2021,June,40-49,"Third dose or booster, less than 21 days ago",<3,5,x,,x,x
Female,All causes,2021,June,40-49,"Third dose or booster, at least 21 days ago",<3,1,x,,x,x
Female,All causes,2021,June,40-49,"Fourth dose or booster, less than 21 days ago",<3,0,x,,x,x
Female,All causes,2021,June,40-49,"Fourth dose or booster, at least 21 days ago",<3,0,x,,x,x
Female,All causes,2021,June,50-59,Unvaccinated,134,22721,599.2,,497.5,700.8
Female,All causes,2021,June,50-59,"First dose, less than 21 days ago",3,1546,212,u,41.9,624
Female,All causes,2021,June,50-59,"First dose, at least 21 days ago",203,29432,719.7,,620,819.4
Female,All causes,2021,June,50-59,"Second dose, less than 21 days ago",71,84822,83.4,,65.1,105.1
Female,All causes,2021,June,50-59,"Second dose, at least 21 days ago",426,167411,250.8,,226.9,274.7
Female,All causes,2021,June,50-59,"Third dose or booster, less than 21 days ago",<3,6,x,,x,x
Female,All causes,2021,June,50-59,"Third dose or booster, at least 21 days ago",<3,2,x,,x,x
Female,All causes,2021,June,50-59,"Fourth dose or booster, less than 21 days ago",<3,0,x,,x,x
Female,All causes,2021,June,50-59,"Fourth dose or booster, at least 21 days ago",<3,0,x,,x,x
Female,All causes,2021,June,60-69,Unvaccinated,158,11812,1382,,1163.9,1600
Female,All causes,2021,June,60-69,"First dose, less than 21 days ago",<3,541,x,,x,x
Female,All causes,2021,June,60-69,"First dose, at least 21 days ago",340,7541,5288.5,,4686,5891.1
Female,All causes,2021,June,60-69,"Second dose, less than 21 days ago",93,32890,456.4,,353.3,576.8
Female,All causes,2021,June,60-69,"Second dose, at least 21 days ago",969,191707,499.4,,467.8,531
Female,All causes,2021,June,60-69,"Third dose or booster, less than 21 days ago",<3,4,x,,x,x
Female,All causes,2021,June,60-69,"Third dose or booster, at least 21 days ago",<3,1,x,,x,x
Female,All causes,2021,June,60-69,"Fourth dose or booster, less than 21 days ago",<3,0,x,,x,x
Female,All causes,2021,June,60-69,"Fourth dose or booster, at least 21 days ago",<3,0,x,,x,x
Female,All causes,2021,June,70-79,Unvaccinated,217,5920,3733.6,,3234.9,4232.2
Female,All causes,2021,June,70-79,"First dose, less than 21 days ago",9,179,5412.4,u,2454,10309.1
Female,All causes,2021,June,70-79,"First dose, at least 21 days ago",431,2085,21030.6,,19036.6,23024.5
Female,All causes,2021,June,70-79,"Second dose, less than 21 days ago",81,2112,4141.9,,3270.7,5170
Female,All causes,2021,June,70-79,"Second dose, at least 21 days ago",2767,193604,1439.1,,1385.5,1492.7
Female,All causes,2021,June,70-79,"Third dose or booster, less than 21 days ago",<3,5,x,,x,x
Female,All causes,2021,June,70-79,"Third dose or booster, at least 21 days ago",<3,1,x,,x,x
Female,All causes,2021,June,70-79,"Fourth dose or booster, less than 21 days ago",<3,0,x,,x,x
Female,All causes,2021,June,70-79,"Fourth dose or booster, at least 21 days ago",<3,0,x,,x,x
Female,All causes,2021,June,80-89,Unvaccinated,266,2993,8766,,7710.6,9821.4
Female,All causes,2021,June,80-89,"First dose, less than 21 days ago",3,78,3878.3,u,798.8,11336.6
Female,All causes,2021,June,80-89,"First dose, at least 21 days ago",433,1116,37707.8,,34113.2,41302.5
Female,All causes,2021,June,80-89,"Second dose, less than 21 days ago",93,811,11294.4,,9098.4,13857
Female,All causes,2021,June,80-89,"Second dose, at least 21 days ago",4824,98126,4855.4,,4718.3,4992.6
Female,All causes,2021,June,80-89,"Third dose or booster, less than 21 days ago",<3,2,x,,x,x
Female,All causes,2021,June,80-89,"Third dose or booster, at least 21 days ago",<3,1,x,,x,x
Female,All causes,2021,June,80-89,"Fourth dose or booster, less than 21 days ago",<3,0,x,,x,x
Female,All causes,2021,June,80-89,"Fourth dose or booster, at least 21 days ago",<3,0,x,,x,x
Female,All causes,2021,June,90+,Unvaccinated,203,911,22277.2,,19317.7,25561.7
Female,All causes,2021,June,90+,"First dose, less than 21 days ago",5,20,25003.4,u,8057.6,58349.5
Female,All causes,2021,June,90+,"First dose, at least 21 days ago",319,418,76242.1,,68103.8,85085.2
Female,All causes,2021,June,90+,"Second dose, less than 21 days ago",62,277,22363.7,,17145.1,28669.9
Female,All causes,2021,June,90+,"Second dose, at least 21 days ago",3721,24393,15254.2,,14768,15752.4
Female,All causes,2021,June,90+,"Third dose or booster, less than 21 days ago",<3,0,x,,x,x
Female,All causes,2021,June,90+,"Third dose or booster, at least 21 days ago",<3,0,x,,x,x
Female,All causes,2021,June,90+,"Fourth dose or booster, less than 21 days ago",<3,0,x,,x,x
Female,All causes,2021,June,90+,"Fourth dose or booster, at least 21 days ago",<3,0,x,,x,x
Female,All causes,2021,July,18-39,Unvaccinated,74,164788,50.5,,39.4,63.7
Female,All causes,2021,July,18-39,"First dose, less than 21 days ago",11,55800,32.6,u,12.3,64.5
Female,All causes,2021,July,18-39,"First dose, at least 21 days ago",49,173402,27.6,,20.4,36.6
Female,All causes,2021,July,18-39,"Second dose, less than 21 days ago",4,43613,10.4,u,2.3,27.9
Female,All causes,2021,July,18-39,"Second dose, at least 21 days ago",97,179471,51.1,,41,62.8
Female,All causes,2021,July,18-39,"Third dose or booster, less than 21 days ago",<3,3,x,,x,x
Female,All causes,2021,July,18-39,"Third dose or booster, at least 21 days ago",<3,6,x,,x,x
Female,All causes,2021,July,18-39,"Fourth dose or booster, less than 21 days ago",<3,0,x,,x,x
Female,All causes,2021,July,18-39,"Fourth dose or booster, at least 21 days ago",<3,0,x,,x,x
Female,All causes,2021,July,40-49,Unvaccinated,67,34933,196.8,,152,250.5
Female,All causes,2021,July,40-49,"First dose, less than 21 days ago",<3,2919,x,,x,x
Female,All causes,2021,July,40-49,"First dose, at least 21 days ago",70,37464,204.1,,157.6,259.6
Female,All causes,2021,July,40-49,"Second dose, less than 21 days ago",25,48589,51.9,,33.5,76.7
Female,All causes,2021,July,40-49,"Second dose, at least 21 days ago",230,167307,134.8,,117.2,152.3
Female,All causes,2021,July,40-49,"Third dose or booster, less than 21 days ago",<3,3,x,,x,x
Female,All causes,2021,July,40-49,"Third dose or booster, at least 21 days ago",<3,9,x,,x,x
Female,All causes,2021,July,40-49,"Fourth dose or booster, less than 21 days ago",<3,0,x,,x,x
Female,All causes,2021,July,40-49,"Fourth dose or booster, at least 21 days ago",<3,0,x,,x,x
Female,All causes,2021,July,50-59,Unvaccinated,144,21984,662,,553.7,770.3
Female,All causes,2021,July,50-59,"First dose, less than 21 days ago",<3,1013,x,,x,x
Female,All causes,2021,July,50-59,"First dose, at least 21 days ago",123,8089,1580.4,,1298.1,1862.7
Female,All causes,2021,July,50-59,"Second dose, less than 21 days ago",12,8609,158.6,u,80.5,279.3
Female,All causes,2021,July,50-59,"Second dose, at least 21 days ago",650,276570,232.8,,214.9,250.8
Female,All causes,2021,July,50-59,"Third dose or booster, less than 21 days ago",<3,5,x,,x,x
Female,All causes,2021,July,50-59,"Third dose or booster, at least 21 days ago",<3,11,x,,x,x
Female,All causes,2021,July,50-59,"Fourth dose or booster, less than 21 days ago",<3,0,x,,x,x
Female,All causes,2021,July,50-59,"Fourth dose or booster, at least 21 days ago",<3,0,x,,x,x
Female,All causes,2021,July,60-69,Unvaccinated,217,11702,1918.5,,1660.4,2176.6
Female,All causes,2021,July,60-69,"First dose, less than 21 days ago",4,360,1340.2,u,347.9,3468.6
Female,All causes,2021,July,60-69,"First dose, at least 21 days ago",204,3333,6639.9,,5710.6,7569.2
Female,All causes,2021,July,60-69,"Second dose, less than 21 days ago",29,2070,1486.7,,962.3,2172.1
Female,All causes,2021,July,60-69,"Second dose, at least 21 days ago",1406,235583,599.1,,567.8,630.5
Female,All causes,2021,July,60-69,"Third dose or booster, less than 21 days ago",<3,3,x,,x,x
Female,All causes,2021,July,60-69,"Third dose or booster, at least 21 days ago",<3,7,x,,x,x
Female,All causes,2021,July,60-69,"Fourth dose or booster, less than 21 days ago",<3,0,x,,x,x
Female,All causes,2021,July,60-69,"Fourth dose or booster, at least 21 days ago",<3,0,x,,x,x
Female,All causes,2021,July,70-79,Unvaccinated,239,5949,4102.1,,3580.1,4624
Female,All causes,2021,July,70-79,"First dose, less than 21 days ago",<3,121,x,,x,x
Female,All causes,2021,July,70-79,"First dose, at least 21 days ago",258,1454,17902.4,,15711.1,20093.7
Female,All causes,2021,July,70-79,"Second dose, less than 21 days ago",30,518,6007.1,,4039.3,8593.5
Female,All causes,2021,July,70-79,"Second dose, at least 21 days ago",3430,203158,1699.1,,1642.3,1756
Female,All causes,2021,July,70-79,"Third dose or booster, less than 21 days ago",<3,7,x,,x,x
Female,All causes,2021,July,70-79,"Third dose or booster, at least 21 days ago",<3,11,x,,x,x
Female,All causes,2021,July,70-79,"Fourth dose or booster, less than 21 days ago",<3,0,x,,x,x
Female,All causes,2021,July,70-79,"Fourth dose or booster, at least 21 days ago",<3,0,x,,x,x
Female,All causes,2021,July,80-89,Unvaccinated,295,3000,9688.5,,8580.8,10796.3
Female,All causes,2021,July,80-89,"First dose, less than 21 days ago",6,52,11787.6,u,4319.1,25669.1
Female,All causes,2021,July,80-89,"First dose, at least 21 days ago",288,791,35478.1,,31333.4,39622.7
Female,All causes,2021,July,80-89,"Second dose, less than 21 days ago",37,249,14575.6,,10221.7,20142.9
Female,All causes,2021,July,80-89,"Second dose, at least 21 days ago",5719,102555,5506.3,,5363.5,5649.1
Female,All causes,2021,July,80-89,"Third dose or booster, less than 21 days ago",<3,1,x,,x,x
Female,All causes,2021,July,80-89,"Third dose or booster, at least 21 days ago",<3,5,x,,x,x
Female,All causes,2021,July,80-89,"Fourth dose or booster, less than 21 days ago",<3,0,x,,x,x
Female,All causes,2021,July,80-89,"Fourth dose or booster, at least 21 days ago",<3,0,x,,x,x
Female,All causes,2021,July,90+,Unvaccinated,231,916,25211.9,,22065.1,28681.6
Female,All causes,2021,July,90+,"First dose, less than 21 days ago",<3,13,x,,x,x
Female,All causes,2021,July,90+,"First dose, at least 21 days ago",187,295,63287.5,,54540.8,73037.6
Female,All causes,2021,July,90+,"Second dose, less than 21 days ago",21,82,25479.2,,15765.9,38949.7
Female,All causes,2021,July,90+,"Second dose, at least 21 days ago",4605,25700,17918.2,,17404.4,18443.4
Female,All causes,2021,July,90+,"Third dose or booster, less than 21 days ago",<3,0,x,,x,x
Female,All causes,2021,July,90+,"Third dose or booster, at least 21 days ago",<3,1,x,,x,x
Female,All causes,2021,July,90+,"Fourth dose or booster, less than 21 days ago",<3,0,x,,x,x
Female,All causes,2021,July,90+,"Fourth dose or booster, at least 21 days ago",<3,0,x,,x,x
Female,All causes,2021,August,18-39,Unvaccinated,62,143124,47.9,,36.6,61.7
Female,All causes,2021,August,18-39,"First dose, less than 21 days ago",3,12491,17,u,2.2,52.8
Female,All causes,2021,August,18-39,"First dose, at least 21 days ago",35,126636,36.9,,25,52.3
Female,All causes,2021,August,18-39,"Second dose, less than 21 days ago",7,81269,8.2,u,3.2,17.1
Female,All causes,2021,August,18-39,"Second dose, at least 21 days ago",110,253221,41,,32.7,49.3
Female,All causes,2021,August,18-39,"Third dose or booster, less than 21 days ago",<3,2,x,,x,x
Female,All causes,2021,August,18-39,"Third dose or booster, at least 21 days ago",<3,9,x,,x,x
Female,All causes,2021,August,18-39,"Fourth dose or booster, less than 21 days ago",<3,0,x,,x,x
Female,All causes,2021,August,18-39,"Fourth dose or booster, at least 21 days ago",<3,0,x,,x,x
Female,All causes,2021,August,40-49,Unvaccinated,88,32820,282.6,,226.1,348.8
Female,All causes,2021,August,40-49,"First dose, less than 21 days ago",4,1392,336.6,u,88,869.8
Female,All causes,2021,August,40-49,"First dose, at least 21 days ago",40,13513,323,,229,442.2
Female,All causes,2021,August,40-49,"Second dose, less than 21 days ago",8,13828,70.5,u,28.7,141.8
Female,All causes,2021,August,40-49,"Second dose, at least 21 days ago",234,229655,100.4,,87.6,113.3
Female,All causes,2021,August,40-49,"Third dose or booster, less than 21 days ago",<3,2,x,,x,x
Female,All causes,2021,August,40-49,"Third dose or booster, at least 21 days ago",<3,14,x,,x,x
Female,All causes,2021,August,40-49,"Fourth dose or booster, less than 21 days ago",<3,0,x,,x,x
Female,All causes,2021,August,40-49,"Fourth dose or booster, at least 21 days ago",<3,0,x,,x,x
Female,All causes,2021,August,50-59,Unvaccinated,151,21132,723.3,,607.7,838.8
Female,All causes,2021,August,50-59,"First dose, less than 21 days ago",<3,582,x,,x,x
Female,All causes,2021,August,50-59,"First dose, at least 21 days ago",88,5919,1522.1,,1218.8,1877.7
Female,All causes,2021,August,50-59,"Second dose, less than 21 days ago",7,2151,292.5,u,115.3,606.9
Female,All causes,2021,August,50-59,"Second dose, at least 21 days ago",720,286628,248,,229.9,266.1
Female,All causes,2021,August,50-59,"Third dose or booster, less than 21 days ago",<3,3,x,,x,x
Female,All causes,2021,August,50-59,"Third dose or booster, at least 21 days ago",<3,18,x,,x,x
Female,All causes,2021,August,50-59,"Fourth dose or booster, less than 21 days ago",<3,0,x,,x,x
Female,All causes,2021,August,50-59,"Fourth dose or booster, at least 21 days ago",<3,0,x,,x,x
Female,All causes,2021,August,60-69,Unvaccinated,185,11405,1696.3,,1449.3,1943.2
Female,All causes,2021,August,60-69,"First dose, less than 21 days ago",5,221,2320.9,u,700.6,5520.7
Female,All causes,2021,August,60-69,"First dose, at least 21 days ago",109,2625,4314.2,,3488.8,5139.6
Female,All causes,2021,August,60-69,"Second dose, less than 21 days ago",5,741,765.7,u,234.4,1814.9
Female,All causes,2021,August,60-69,"Second dose, at least 21 days ago",1498,238494,631.8,,599.8,663.8
Female,All causes,2021,August,60-69,"Third dose or booster, less than 21 days ago",<3,3,x,,x,x
Female,All causes,2021,August,60-69,"Third dose or booster, at least 21 days ago",<3,11,x,,x,x
Female,All causes,2021,August,60-69,"Fourth dose or booster, less than 21 days ago",<3,0,x,,x,x
Female,All causes,2021,August,60-69,"Fourth dose or booster, at least 21 days ago",<3,0,x,,x,x
Female,All causes,2021,August,70-79,Unvaccinated,252,5842,4381.2,,3838.4,4924
Female,All causes,2021,August,70-79,"First dose, less than 21 days ago",<3,72,x,,x,x
Female,All causes,2021,August,70-79,"First dose, at least 21 days ago",164,1210,13860.2,,11732.3,15988.1
Female,All causes,2021,August,70-79,"Second dose, less than 21 days ago",13,249,5477,u,2902.7,9386.4
Female,All causes,2021,August,70-79,"Second dose, at least 21 days ago",3552,204213,1747.7,,1690.2,1805.2
Female,All causes,2021,August,70-79,"Third dose or booster, less than 21 days ago",<3,2,x,,x,x
Female,All causes,2021,August,70-79,"Third dose or booster, at least 21 days ago",<3,18,x,,x,x
Female,All causes,2021,August,70-79,"Fourth dose or booster, less than 21 days ago",<3,0,x,,x,x
Female,All causes,2021,August,70-79,"Fourth dose or booster, at least 21 days ago",<3,0,x,,x,x
Female,All causes,2021,August,80-89,Unvaccinated,307,2937,10345.1,,9185.6,11504.5
Female,All causes,2021,August,80-89,"First dose, less than 21 days ago",3,33,9663.4,u,1992.8,28240.4
Female,All causes,2021,August,80-89,"First dose, at least 21 days ago",181,660,26787.7,,22843.1,30732.3
Female,All causes,2021,August,80-89,"Second dose, less than 21 days ago",10,113,8885.2,u,4236.3,16379.9
Female,All causes,2021,August,80-89,"Second dose, at least 21 days ago",5863,103014,5615.3,,5471.4,5759.1
Female,All causes,2021,August,80-89,"Third dose or booster, less than 21 days ago",<3,0,x,,x,x
Female,All causes,2021,August,80-89,"Third dose or booster, at least 21 days ago",<3,6,x,,x,x
Female,All causes,2021,August,80-89,"Fourth dose or booster, less than 21 days ago",<3,0,x,,x,x
Female,All causes,2021,August,80-89,"Fourth dose or booster, at least 21 days ago",<3,0,x,,x,x
Female,All causes,2021,August,90+,Unvaccinated,219,899,24362.1,,21241.9,27811.4
Female,All causes,2021,August,90+,"First dose, less than 21 days ago",3,7,42903.3,u,8622.9,125356
Female,All causes,2021,August,90+,"First dose, at least 21 days ago",120,246,48750.4,,40418.1,58294.1
Female,All causes,2021,August,90+,"Second dose, less than 21 days ago",3,34,8761.1,u,1760.8,25598.4
Female,All causes,2021,August,90+,"Second dose, at least 21 days ago",4710,25909,18179,,17663.5,18705.8
Female,All causes,2021,August,90+,"Third dose or booster, less than 21 days ago",<3,0,x,,x,x
Female,All causes,2021,August,90+,"Third dose or booster, at least 21 days ago",<3,1,x,,x,x
Female,All causes,2021,August,90+,"Fourth dose or booster, less than 21 days ago",<3,0,x,,x,x
Female,All causes,2021,August,90+,"Fourth dose or booster, at least 21 days ago",<3,0,x,,x,x
Female,All causes,2021,September,18-39,Unvaccinated,80,127910,67.4,,53.2,84.1
Female,All causes,2021,September,18-39,"First dose, less than 21 days ago",<3,7239,x,,x,x
Female,All causes,2021,September,18-39,"First dose, at least 21 days ago",28,54791,66.6,,43.5,97.3
Female,All causes,2021,September,18-39,"Second dose, less than 21 days ago",7,50422,13.9,u,4.4,30.7
Female,All causes,2021,September,18-39,"Second dose, at least 21 days ago",146,355512,38.3,,31.9,44.7
Female,All causes,2021,September,18-39,"Third dose or booster, less than 21 days ago",<3,654,x,,x,x
Female,All causes,2021,September,18-39,"Third dose or booster, at least 21 days ago",<3,12,x,,x,x
Female,All causes,2021,September,18-39,"Fourth dose or booster, less than 21 days ago",<3,0,x,,x,x
Female,All causes,2021,September,18-39,"Fourth dose or booster, at least 21 days ago",<3,0,x,,x,x
Female,All causes,2021,September,40-49,Unvaccinated,46,30482,164.2,,119.9,219.5
Female,All causes,2021,September,40-49,"First dose, less than 21 days ago",<3,952,x,,x,x
Female,All causes,2021,September,40-49,"First dose, at least 21 days ago",28,9044,348.6,,230.5,505.4
Female,All causes,2021,September,40-49,"Second dose, less than 21 days ago",<3,3437,x,,x,x
Female,All causes,2021,September,40-49,"Second dose, at least 21 days ago",275,237326,115.3,,101.6,128.9
Female,All causes,2021,September,40-49,"Third dose or booster, less than 21 days ago",<3,676,x,,x,x
Female,All causes,2021,September,40-49,"Third dose or booster, at least 21 days ago",<3,16,x,,x,x
Female,All causes,2021,September,40-49,"Fourth dose or booster, less than 21 days ago",<3,0,x,,x,x
Female,All causes,2021,September,40-49,"Fourth dose or booster, at least 21 days ago",<3,0,x,,x,x
Female,All causes,2021,September,50-59,Unvaccinated,160,19877,810.9,,685.1,936.8
Female,All causes,2021,September,50-59,"First dose, less than 21 days ago",<3,418,x,,x,x
Female,All causes,2021,September,50-59,"First dose, at least 21 days ago",59,4808,1273.3,,967.8,1644.3
Female,All causes,2021,September,50-59,"Second dose, less than 21 days ago",3,1096,236.8,u,48.8,692
Female,All causes,2021,September,50-59,"Second dose, at least 21 days ago",811,278653,289,,269.1,308.9
Female,All causes,2021,September,50-59,"Third dose or booster, less than 21 days ago",<3,1360,x,,x,x
Female,All causes,2021,September,50-59,"Third dose or booster, at least 21 days ago",<3,23,x,,x,x
Female,All causes,2021,September,50-59,"Fourth dose or booster, less than 21 days ago",<3,0,x,,x,x
Female,All causes,2021,September,50-59,"Fourth dose or booster, at least 21 days ago",<3,0,x,,x,x
Female,All causes,2021,September,60-69,Unvaccinated,184,10853,1739.3,,1485.4,1993.2
Female,All causes,2021,September,60-69,"First dose, less than 21 days ago",<3,155,x,,x,x
Female,All causes,2021,September,60-69,"First dose, at least 21 days ago",104,2213,5003.9,,4025.8,5981.9
Female,All causes,2021,September,60-69,"Second dose, less than 21 days ago",6,407,1718.4,u,605.6,3786.7
Female,All causes,2021,September,60-69,"Second dose, at least 21 days ago",1569,231244,682.7,,648.9,716.5
Female,All causes,2021,September,60-69,"Third dose or booster, less than 21 days ago",4,899,420.2,u,107.7,1090.5
Female,All causes,2021,September,60-69,"Third dose or booster, at least 21 days ago",<3,15,x,,x,x
Female,All causes,2021,September,60-69,"Fourth dose or booster, less than 21 days ago",<3,0,x,,x,x
Female,All causes,2021,September,60-69,"Fourth dose or booster, at least 21 days ago",<3,0,x,,x,x
Female,All causes,2021,September,70-79,Unvaccinated,238,5595,4297.2,,3749.4,4844.9
Female,All causes,2021,September,70-79,"First dose, less than 21 days ago",<3,44,x,,x,x
Female,All causes,2021,September,70-79,"First dose, at least 21 days ago",128,1046,12528.5,,10351.7,14705.3
Female,All causes,2021,September,70-79,"Second dose, less than 21 days ago",<3,136,x,,x,x
Female,All causes,2021,September,70-79,"Second dose, at least 21 days ago",3696,197322,1880.1,,1819.4,1940.7
Female,All causes,2021,September,70-79,"Third dose or booster, less than 21 days ago",3,883,255.1,u,52.6,745.5
Female,All causes,2021,September,70-79,"Third dose or booster, at least 21 days ago",<3,21,x,,x,x
Female,All causes,2021,September,70-79,"Fourth dose or booster, less than 21 days ago",<3,0,x,,x,x
Female,All causes,2021,September,70-79,"Fourth dose or booster, at least 21 days ago",<3,0,x,,x,x
Female,All causes,2021,September,80-89,Unvaccinated,275,2800,9615.1,,8476.4,10753.7
Female,All causes,2021,September,80-89,"First dose, less than 21 days ago",<3,18,x,,x,x
Female,All causes,2021,September,80-89,"First dose, at least 21 days ago",161,575,27412.9,,23128.4,31697.5
Female,All causes,2021,September,80-89,"Second dose, less than 21 days ago",5,60,8164.9,u,2641.3,19073.5
Female,All causes,2021,September,80-89,"Second dose, at least 21 days ago",5957,97948,5996.6,,5844.1,6149
Female,All causes,2021,September,80-89,"Third dose or booster, less than 21 days ago",18,2028,889.7,u,527.3,1406.1
Female,All causes,2021,September,80-89,"Third dose or booster, at least 21 days ago",<3,7,x,,x,x
Female,All causes,2021,September,80-89,"Fourth dose or booster, less than 21 days ago",<3,0,x,,x,x
Female,All causes,2021,September,80-89,"Fourth dose or booster, at least 21 days ago",<3,0,x,,x,x
Female,All causes,2021,September,90+,Unvaccinated,178,859,20733.7,,17799.4,24013.6
Female,All causes,2021,September,90+,"First dose, less than 21 days ago",<3,5,x,,x,x
Female,All causes,2021,September,90+,"First dose, at least 21 days ago",125,217,57664.3,,47998.3,68705.1
Female,All causes,2021,September,90+,"Second dose, less than 21 days ago",3,14,20784.3,u,4177.3,60728.2
Female,All causes,2021,September,90+,"Second dose, at least 21 days ago",4812,24845,19368.1,,18824.7,19923.2
Female,All causes,2021,September,90+,"Third dose or booster, less than 21 days ago",17,366,4645.8,u,2704.8,7438.8
Female,All causes,2021,September,90+,"Third dose or booster, at least 21 days ago",<3,1,x,,x,x
Female,All causes,2021,September,90+,"Fourth dose or booster, less than 21 days ago",<3,0,x,,x,x
Female,All causes,2021,September,90+,"Fourth dose or booster, at least 21 days ago",<3,0,x,,x,x
Female,All causes,2021,October,18-39,Unvaccinated,60,125027,51.5,,39.2,66.5
Female,All causes,2021,October,18-39,"First dose, less than 21 days ago",<3,4865,x,,x,x
Female,All causes,2021,October,18-39,"First dose, at least 21 days ago",24,40292,71,,44.8,106.7
Female,All causes,2021,October,18-39,"Second dose, less than 21 days ago",4,15319,33,u,8,86.6
Female,All causes,2021,October,18-39,"Second dose, at least 21 days ago",133,413661,30.7,,25.5,36
Female,All causes,2021,October,18-39,"Third dose or booster, less than 21 days ago",6,13607,49.7,u,16.5,111.4
Female,All causes,2021,October,18-39,"Third dose or booster, at least 21 days ago",<3,3296,x,,x,x
Female,All causes,2021,October,18-39,"Fourth dose or booster, less than 21 days ago",<3,3,x,,x,x
Female,All causes,2021,October,18-39,"Fourth dose or booster, at least 21 days ago",<3,1,x,,x,x
Female,All causes,2021,October,40-49,Unvaccinated,64,30559,214,,164.3,274
Female,All causes,2021,October,40-49,"First dose, less than 21 days ago",<3,706,x,,x,x
Female,All causes,2021,October,40-49,"First dose, at least 21 days ago",38,7945,527,,371.4,725.3
Female,All causes,2021,October,40-49,"Second dose, less than 21 days ago",<3,1755,x,,x,x
Female,All causes,2021,October,40-49,"Second dose, at least 21 days ago",255,234794,108.4,,95.1,121.7
Female,All causes,2021,October,40-49,"Third dose or booster, less than 21 days ago",5,12312,42,u,13.5,98.2
Female,All causes,2021,October,40-49,"Third dose or booster, at least 21 days ago",<3,3252,x,,x,x
Female,All causes,2021,October,40-49,"Fourth dose or booster, less than 21 days ago",<3,3,x,,x,x
Female,All causes,2021,October,40-49,"Fourth dose or booster, at least 21 days ago",<3,1,x,,x,x
Female,All causes,2021,October,50-59,Unvaccinated,147,20124,735.9,,616.8,855.1
Female,All causes,2021,October,50-59,"First dose, less than 21 days ago",<3,306,x,,x,x
Female,All causes,2021,October,50-59,"First dose, at least 21 days ago",61,4497,1367.4,,1044.5,1758.3
Female,All causes,2021,October,50-59,"Second dose, less than 21 days ago",<3,717,x,,x,x
Female,All causes,2021,October,50-59,"Second dose, at least 21 days ago",781,262063,294.5,,273.9,315.2
Female,All causes,2021,October,50-59,"Third dose or booster, less than 21 days ago",15,22402,63.8,u,35.6,105.4
Female,All causes,2021,October,50-59,"Third dose or booster, at least 21 days ago",7,6416,115.4,u,46.3,237.8
Female,All causes,2021,October,50-59,"Fourth dose or booster, less than 21 days ago",<3,5,x,,x,x
Female,All causes,2021,October,50-59,"Fourth dose or booster, at least 21 days ago",<3,1,x,,x,x
Female,All causes,2021,October,60-69,Unvaccinated,169,11090,1581.6,,1340.9,1822.4
Female,All causes,2021,October,60-69,"First dose, less than 21 days ago",<3,118,x,,x,x
Female,All causes,2021,October,60-69,"First dose, at least 21 days ago",75,2090,3762.2,,2945,4732.8
Female,All causes,2021,October,60-69,"Second dose, less than 21 days ago",3,282,1403.6,u,289.4,4101.8
Female,All causes,2021,October,60-69,"Second dose, at least 21 days ago",1737,217595,802.8,,765,840.6
Female,All causes,2021,October,60-69,"Third dose or booster, less than 21 days ago",53,18943,280.2,,209.8,366.5
Female,All causes,2021,October,60-69,"Third dose or booster, at least 21 days ago",10,4312,233.9,u,109.7,434.1
Female,All causes,2021,October,60-69,"Fourth dose or booster, less than 21 days ago",<3,3,x,,x,x
Female,All causes,2021,October,60-69,"Fourth dose or booster, at least 21 days ago",<3,1,x,,x,x
Female,All causes,2021,October,70-79,Unvaccinated,231,5729,4094.4,,3564.8,4624.1
Female,All causes,2021,October,70-79,"First dose, less than 21 days ago",<3,42,x,,x,x
Female,All causes,2021,October,70-79,"First dose, at least 21 days ago",119,989,12256.5,,10048.8,14464.2
Female,All causes,2021,October,70-79,"Second dose, less than 21 days ago",6,100,6512.1,u,2358.9,14231.7
Female,All causes,2021,October,70-79,"Second dose, at least 21 days ago",3575,157823,2335.4,,2258.5,2412.3
Female,All causes,2021,October,70-79,"Third dose or booster, less than 21 days ago",301,41593,691.3,,610.6,771.9
Female,All causes,2021,October,70-79,"Third dose or booster, at least 21 days ago",52,5822,793.8,,580.3,1056.5
Female,All causes,2021,October,70-79,"Fourth dose or booster, less than 21 days ago",<3,4,x,,x,x
Female,All causes,2021,October,70-79,"Fourth dose or booster, at least 21 days ago",<3,1,x,,x,x
Female,All causes,2021,October,80-89,Unvaccinated,280,2856,9631.4,,8501.2,10761.6
Female,All causes,2021,October,80-89,"First dose, less than 21 days ago",<3,20,x,,x,x
Female,All causes,2021,October,80-89,"First dose, at least 21 days ago",154,536,28821.4,,24223.3,33419.5
Female,All causes,2021,October,80-89,"Second dose, less than 21 days ago",9,52,14277.5,u,6528.5,27103.1
Female,All causes,2021,October,80-89,"Second dose, at least 21 days ago",5602,55594,9899.5,,9639.7,10159.3
Female,All causes,2021,October,80-89,"Third dose or booster, less than 21 days ago",869,37323,2307.4,,2154,2460.9
Female,All causes,2021,October,80-89,"Third dose or booster, at least 21 days ago",281,10651,2622.3,,2315.6,2928.9
Female,All causes,2021,October,80-89,"Fourth dose or booster, less than 21 days ago",<3,7,x,,x,x
Female,All causes,2021,October,80-89,"Fourth dose or booster, at least 21 days ago",<3,2,x,,x,x
Female,All causes,2021,October,90+,Unvaccinated,210,872,24085.6,,20937.8,27573
Female,All causes,2021,October,90+,"First dose, less than 21 days ago",7,8,90825.9,u,36387.2,187145.6
Female,All causes,2021,October,90+,"First dose, at least 21 days ago",123,198,62083.9,,51596.7,74075.6
Female,All causes,2021,October,90+,"Second dose, less than 21 days ago",10,20,48804.1,u,23364.4,89758.7
Female,All causes,2021,October,90+,"Second dose, at least 21 days ago",4315,16052,26881.1,,26085,27695.4
Female,All causes,2021,October,90+,"Third dose or booster, less than 21 days ago",790,8037,9829.2,,9155.7,10539.3
Female,All causes,2021,October,90+,"Third dose or booster, at least 21 days ago",230,2049,11223.9,,9820,12772.1
Female,All causes,2021,October,90+,"Fourth dose or booster, less than 21 days ago",<3,2,x,,x,x
Female,All causes,2021,October,90+,"Fourth dose or booster, at least 21 days ago",<3,0,x,,x,x
Female,All causes,2021,November,18-39,Unvaccinated,57,115568,53.1,,40.1,69
Female,All causes,2021,November,18-39,"First dose, less than 21 days ago",<3,3815,x,,x,x
Female,All causes,2021,November,18-39,"First dose, at least 21 days ago",19,32888,67.4,u,39.9,106.3
Female,All causes,2021,November,18-39,"Second dose, less than 21 days ago",3,8733,40,u,6.9,120.2
Female,All causes,2021,November,18-39,"Second dose, at least 21 days ago",117,393122,29,,23.7,34.2
Female,All causes,2021,November,18-39,"Third dose or booster, less than 21 days ago",11,18075,63.7,u,30.2,116.6
Female,All causes,2021,November,18-39,"Third dose or booster, at least 21 days ago",6,23642,23.7,u,7.8,53.4
Female,All causes,2021,November,18-39,"Fourth dose or booster, less than 21 days ago",<3,3,x,,x,x
Female,All causes,2021,November,18-39,"Fourth dose or booster, at least 21 days ago",<3,5,x,,x,x
Female,All causes,2021,November,40-49,Unvaccinated,67,28871,244.9,,189.3,311.7
Female,All causes,2021,November,40-49,"First dose, less than 21 days ago",<3,569,x,,x,x
Female,All causes,2021,November,40-49,"First dose, at least 21 days ago",28,6769,446,,294.6,646.9
Female,All causes,2021,November,40-49,"Second dose, less than 21 days ago",<3,1301,x,,x,x
Female,All causes,2021,November,40-49,"Second dose, at least 21 days ago",234,204966,114.4,,99.8,129.1
Female,All causes,2021,November,40-49,"Third dose or booster, less than 21 days ago",20,17957,107.7,,65.6,166.7
Female,All causes,2021,November,40-49,"Third dose or booster, at least 21 days ago",28,21451,127,,84.2,183.9
Female,All causes,2021,November,40-49,"Fourth dose or booster, less than 21 days ago",<3,4,x,,x,x
Female,All causes,2021,November,40-49,"Fourth dose or booster, at least 21 days ago",<3,5,x,,x,x
Female,All causes,2021,November,50-59,Unvaccinated,137,19142,726.6,,604.8,848.4
Female,All causes,2021,November,50-59,"First dose, less than 21 days ago",<3,263,x,,x,x
Female,All causes,2021,November,50-59,"First dose, at least 21 days ago",57,3904,1506,,1139.1,1953.1
Female,All causes,2021,November,50-59,"Second dose, less than 21 days ago",<3,614,x,,x,x
Female,All causes,2021,November,50-59,"Second dose, at least 21 days ago",694,202294,341.7,,316.3,367.1
Female,All causes,2021,November,50-59,"Third dose or booster, less than 21 days ago",59,40504,146.5,,111.3,189.4
Female,All causes,2021,November,50-59,"Third dose or booster, at least 21 days ago",112,39675,277.7,,226,329.3
Female,All causes,2021,November,50-59,"Fourth dose or booster, less than 21 days ago",<3,8,x,,x,x
Female,All causes,2021,November,50-59,"Fourth dose or booster, at least 21 days ago",<3,8,x,,x,x
Female,All causes,2021,November,60-69,Unvaccinated,199,10633,1914.3,,1645.7,2182.9
Female,All causes,2021,November,60-69,"First dose, less than 21 days ago",3,105,2813.7,u,516.7,8376.7
Female,All causes,2021,November,60-69,"First dose, at least 21 days ago",76,1861,4299,,3372.5,5398.3
Female,All causes,2021,November,60-69,"Second dose, less than 21 days ago",<3,232,x,,x,x
Female,All causes,2021,November,60-69,"Second dose, at least 21 days ago",1317,130624,1071.8,,1013,1130.5
Female,All causes,2021,November,60-69,"Third dose or booster, less than 21 days ago",185,65327,266.4,,227.1,305.7
Female,All causes,2021,November,60-69,"Third dose or booster, at least 21 days ago",218,37946,567.3,,491.9,642.8
Female,All causes,2021,November,60-69,"Fourth dose or booster, less than 21 days ago",<3,9,x,,x,x
Female,All causes,2021,November,60-69,"Fourth dose or booster, at least 21 days ago",<3,6,x,,x,x
Female,All causes,2021,November,70-79,Unvaccinated,229,5499,4249.2,,3697.3,4801.2
Female,All causes,2021,November,70-79,"First dose, less than 21 days ago",<3,36,x,,x,x
Female,All causes,2021,November,70-79,"First dose, at least 21 days ago",87,882,10023.7,,8024.5,12369.1
Female,All causes,2021,November,70-79,"Second dose, less than 21 days ago",3,86,3430.5,u,692,10062.8
Female,All causes,2021,November,70-79,"Second dose, at least 21 days ago",2637,48769,5791.4,,5567.3,6015.6
Female,All causes,2021,November,70-79,"Third dose or booster, less than 21 days ago",531,71407,769.4,,703.6,835.2
Female,All causes,2021,November,70-79,"Third dose or booster, at least 21 days ago",902,78703,1094.1,,1021.4,1166.9
Female,All causes,2021,November,70-79,"Fourth dose or booster, less than 21 days ago",<3,8,x,,x,x
Female,All causes,2021,November,70-79,"Fourth dose or booster, at least 21 days ago",<3,8,x,,x,x
Female,All causes,2021,November,80-89,Unvaccinated,309,2726,11139,,9894.9,12383.1
Female,All causes,2021,November,80-89,"First dose, less than 21 days ago",6,19,30235.1,u,10935.9,66106.1
Female,All causes,2021,November,80-89,"First dose, at least 21 days ago",113,468,23615.6,,19220.3,28010.8
Female,All causes,2021,November,80-89,"Second dose, less than 21 days ago",4,47,9023.4,u,2407.3,23213.6
Female,All causes,2021,November,80-89,"Second dose, at least 21 days ago",3575,17908,19466.9,,18823.4,20110.4
Female,All causes,2021,November,80-89,"Third dose or booster, less than 21 days ago",829,20340,4019.6,,3745.9,4293.4
Female,All causes,2021,November,80-89,"Third dose or booster, at least 21 days ago",2438,62136,3890.3,,3735.8,4044.8
Female,All causes,2021,November,80-89,"Fourth dose or booster, less than 21 days ago",<3,5,x,,x,x
Female,All causes,2021,November,80-89,"Fourth dose or booster, at least 21 days ago",<3,12,x,,x,x
Female,All causes,2021,November,90+,Unvaccinated,216,825,26195.7,,22818.3,29932
Female,All causes,2021,November,90+,"First dose, less than 21 days ago",5,7,69704.2,u,22463,162665.8
Female,All causes,2021,November,90+,"First dose, at least 21 days ago",79,168,47114.4,,37299.5,58719.6
Female,All causes,2021,November,90+,"Second dose, less than 21 days ago",6,19,31946,u,11665.3,69535.3
Female,All causes,2021,November,90+,"Second dose, at least 21 days ago",2560,6382,40114.2,,38575.2,41698.9
Female,All causes,2021,November,90+,"Third dose or booster, less than 21 days ago",821,5383,15251.8,,14226.2,16331.8
Female,All causes,2021,November,90+,"Third dose or booster, at least 21 days ago",2166,13580,15949.7,,15285,16635.9
Female,All causes,2021,November,90+,"Fourth dose or booster, less than 21 days ago",<3,2,x,,x,x
Female,All causes,2021,November,90+,"Fourth dose or booster, at least 21 days ago",<3,3,x,,x,x
Female,All causes,2021,December,18-39,Unvaccinated,69,113376,66.7,,51.7,84.6
Female,All causes,2021,December,18-39,"First dose, less than 21 days ago",<3,4513,x,,x,x
Female,All causes,2021,December,18-39,"First dose, at least 21 days ago",12,28521,49.3,u,24.8,87.1
Female,All causes,2021,December,18-39,"Second dose, less than 21 days ago",<3,8168,x,,x,x
Female,All causes,2021,December,18-39,"Second dose, at least 21 days ago",90,322206,27.9,,22.4,34.3
Female,All causes,2021,December,18-39,"Third dose or booster, less than 21 days ago",17,84712,19.9,u,11.3,32.3
Female,All causes,2021,December,18-39,"Third dose or booster, at least 21 days ago",29,53819,46.1,,30.3,66.7
Female,All causes,2021,December,18-39,"Fourth dose or booster, less than 21 days ago",<3,20,x,,x,x
Female,All causes,2021,December,18-39,"Fourth dose or booster, at least 21 days ago",<3,11,x,,x,x
Female,All causes,2021,December,40-49,Unvaccinated,69,29027,252.6,,196,320.3
Female,All causes,2021,December,40-49,"First dose, less than 21 days ago",<3,660,x,,x,x
Female,All causes,2021,December,40-49,"First dose, at least 21 days ago",25,6088,454.3,,292.4,672.8
Female,All causes,2021,December,40-49,"Second dose, less than 21 days ago",<3,1250,x,,x,x
Female,All causes,2021,December,40-49,"Second dose, at least 21 days ago",170,127224,135.6,,115.2,156
Female,All causes,2021,December,40-49,"Third dose or booster, less than 21 days ago",41,71962,56.1,,40.2,76.1
Female,All causes,2021,December,40-49,"Third dose or booster, at least 21 days ago",79,55034,139.1,,110,173.5
Female,All causes,2021,December,40-49,"Fourth dose or booster, less than 21 days ago",<3,17,x,,x,x
Female,All causes,2021,December,40-49,"Fourth dose or booster, at least 21 days ago",<3,12,x,,x,x
Female,All causes,2021,December,50-59,Unvaccinated,147,19388,765.9,,642,889.9
Female,All causes,2021,December,50-59,"First dose, less than 21 days ago",<3,315,x,,x,x
Female,All causes,2021,December,50-59,"First dose, at least 21 days ago",38,3636,1058.5,,747.6,1454.6
Female,All causes,2021,December,50-59,"Second dose, less than 21 days ago",<3,562,x,,x,x
Female,All causes,2021,December,50-59,"Second dose, at least 21 days ago",548,84390,661.3,,605.9,716.8
Female,All causes,2021,December,50-59,"Third dose or booster, less than 21 days ago",110,92019,118.1,,96,140.2
Female,All causes,2021,December,50-59,"Third dose or booster, at least 21 days ago",267,116351,223.5,,196.5,250.5
Female,All causes,2021,December,50-59,"Fourth dose or booster, less than 21 days ago",<3,25,x,,x,x
Female,All causes,2021,December,50-59,"Fourth dose or booster, at least 21 days ago",<3,23,x,,x,x
Female,All causes,2021,December,60-69,Unvaccinated,233,10864,2233.9,,1944.3,2523.4
Female,All causes,2021,December,60-69,"First dose, less than 21 days ago",<3,120,x,,x,x
Female,All causes,2021,December,60-69,"First dose, at least 21 days ago",76,1763,4558.8,,3576.4,5724.3
Female,All causes,2021,December,60-69,"Second dose, less than 21 days ago",<3,230,x,,x,x
Female,All causes,2021,December,60-69,"Second dose, at least 21 days ago",889,36656,2762.8,,2574.7,2950.9
Female,All causes,2021,December,60-69,"Third dose or booster, less than 21 days ago",196,61100,348.7,,298.7,398.7
Female,All causes,2021,December,60-69,"Third dose or booster, at least 21 days ago",740,144630,500.4,,464.1,536.7
Female,All causes,2021,December,60-69,"Fourth dose or booster, less than 21 days ago",<3,16,x,,x,x
Female,All causes,2021,December,60-69,"Fourth dose or booster, at least 21 days ago",<3,21,x,,x,x
Female,All causes,2021,December,70-79,Unvaccinated,248,5625,4479.1,,3920,5038.3
Female,All causes,2021,December,70-79,"First dose, less than 21 days ago",<3,44,x,,x,x
Female,All causes,2021,December,70-79,"First dose, at least 21 days ago",85,837,10318.1,,8237.3,12763.6
Female,All causes,2021,December,70-79,"Second dose, less than 21 days ago",<3,90,x,,x,x
Female,All causes,2021,December,70-79,"Second dose, at least 21 days ago",1624,12998,12802.3,,12177.6,13426.9
Female,All causes,2021,December,70-79,"Third dose or booster, less than 21 days ago",382,18632,2233.8,,2006.3,2461.3
Female,All causes,2021,December,70-79,"Third dose or booster, at least 21 days ago",2480,174137,1411.3,,1355.7,1466.8
Female,All causes,2021,December,70-79,"Fourth dose or booster, less than 21 days ago",<3,10,x,,x,x
Female,All causes,2021,December,70-79,"Fourth dose or booster, at least 21 days ago",3,20,15735.1,u,3244.9,45984.4
Female,All causes,2021,December,80-89,Unvaccinated,356,2774,12652.6,,11336.2,13969
Female,All causes,2021,December,80-89,"First dose, less than 21 days ago",3,23,13565.1,u,2742.6,39775.6
Female,All causes,2021,December,80-89,"First dose, at least 21 days ago",104,431,23799.9,,19185.1,28414.7
Female,All causes,2021,December,80-89,"Second dose, less than 21 days ago",5,52,8639.5,u,2761.6,20247.8
Female,All causes,2021,December,80-89,"Second dose, at least 21 days ago",2124,6972,29699.5,,28421.8,30977.1
Female,All causes,2021,December,80-89,"Third dose or booster, less than 21 days ago",545,6495,8124.1,,7436,8812.3
Female,All causes,2021,December,80-89,"Third dose or booster, at least 21 days ago",4863,90356,5322.1,,5172.4,5471.7
Female,All causes,2021,December,80-89,"Fourth dose or booster, less than 21 days ago",<3,5,x,,x,x
Female,All causes,2021,December,80-89,"Fourth dose or booster, at least 21 days ago",3,19,15491.7,u,3177,45316.1
Female,All causes,2021,December,90+,Unvaccinated,253,832,30408.4,,26776.4,34395.7
Female,All causes,2021,December,90+,"First dose, less than 21 days ago",<3,7,x,,x,x
Female,All causes,2021,December,90+,"First dose, at least 21 days ago",86,151,56975.1,,45571.1,70364.8
Female,All causes,2021,December,90+,"Second dose, less than 21 days ago",7,21,33641.4,u,13477.6,69317.7
Female,All causes,2021,December,90+,"Second dose, at least 21 days ago",1571,2565,61252.5,,58260.7,64358.2
Female,All causes,2021,December,90+,"Third dose or booster, less than 21 days ago",476,2406,19786,,18048.2,21646
Female,All causes,2021,December,90+,"Third dose or booster, at least 21 days ago",4199,21186,19819.4,,19224.4,20428.1
Female,All causes,2021,December,90+,"Fourth dose or booster, less than 21 days ago",<3,2,x,,x,x
Female,All causes,2021,December,90+,"Fourth dose or booster, at least 21 days ago",<3,6,x,,x,x
Female,All causes,2022,January,18-39,Unvaccinated,48,107017,47.3,,34.7,62.9
Female,All causes,2022,January,18-39,"First dose, less than 21 days ago",<3,4360,x,,x,x
Female,All causes,2022,January,18-39,"First dose, at least 21 days ago",9,26226,39.4,u,17.4,75.8
Female,All causes,2022,January,18-39,"Second dose, less than 21 days ago",<3,5886,x,,x,x
Female,All causes,2022,January,18-39,"Second dose, at least 21 days ago",81,189571,45.1,,35.7,56.1
Female,All causes,2022,January,18-39,"Third dose or booster, less than 21 days ago",7,81793,8.4,u,3.3,17.2
Female,All causes,2022,January,18-39,"Third dose or booster, at least 21 days ago",67,200042,31.3,,24.1,40.1
Female,All causes,2022,January,18-39,"Fourth dose or booster, less than 21 days ago",<3,27,x,,x,x
Female,All causes,2022,January,18-39,"Fourth dose or booster, at least 21 days ago",<3,47,x,,x,x
Female,All causes,2022,January,40-49,Unvaccinated,61,28188,223.7,,170.6,288
Female,All causes,2022,January,40-49,"First dose, less than 21 days ago",<3,649,x,,x,x
Female,All causes,2022,January,40-49,"First dose, at least 21 days ago",22,5594,411.8,,255.9,626.5
Female,All causes,2022,January,40-49,"Second dose, less than 21 days ago",<3,964,x,,x,x
Female,All causes,2022,January,40-49,"Second dose, at least 21 days ago",123,57813,222.1,,182.6,261.5
Female,All causes,2022,January,40-49,"Third dose or booster, less than 21 days ago",12,34272,35.1,u,18.1,61.3
Female,All causes,2022,January,40-49,"Third dose or booster, at least 21 days ago",158,163696,94.7,,79.9,109.5
Female,All causes,2022,January,40-49,"Fourth dose or booster, less than 21 days ago",<3,16,x,,x,x
Female,All causes,2022,January,40-49,"Fourth dose or booster, at least 21 days ago",<3,40,x,,x,x
Female,All causes,2022,January,50-59,Unvaccinated,110,18971,586.7,,476.9,696.4
Female,All causes,2022,January,50-59,"First dose, less than 21 days ago",<3,318,x,,x,x
Female,All causes,2022,January,50-59,"First dose, at least 21 days ago",32,3412,948.1,,647.4,1339.9
Female,All causes,2022,January,50-59,"Second dose, less than 21 days ago",<3,457,x,,x,x
Female,All causes,2022,January,50-59,"Second dose, at least 21 days ago",309,36080,877.2,,779,975.3
Female,All causes,2022,January,50-59,"Third dose or booster, less than 21 days ago",39,19871,200.2,,142.1,273.8
Female,All causes,2022,January,50-59,"Third dose or booster, at least 21 days ago",510,237477,211.1,,192.7,229.5
Female,All causes,2022,January,50-59,"Fourth dose or booster, less than 21 days ago",<3,16,x,,x,x
Female,All causes,2022,January,50-59,"Fourth dose or booster, at least 21 days ago",<3,59,x,,x,x
Female,All causes,2022,January,60-69,Unvaccinated,145,10741,1390.8,,1162.3,1619.2
Female,All causes,2022,January,60-69,"First dose, less than 21 days ago",<3,115,x,,x,x
Female,All causes,2022,January,60-69,"First dose, at least 21 days ago",58,1662,3588.5,,2710.8,4656.2
Female,All causes,2022,January,60-69,"Second dose, less than 21 days ago",3,183,1612.5,u,296.5,4799.9
Female,All causes,2022,January,60-69,"Second dose, at least 21 days ago",512,16347,3379.7,,3080.7,3678.7
Female,All causes,2022,January,60-69,"Third dose or booster, less than 21 days ago",56,7989,848.3,,632.8,1111.4
Female,All causes,2022,January,60-69,"Third dose or booster, at least 21 days ago",1174,218778,537.2,,506.5,567.9
Female,All causes,2022,January,60-69,"Fourth dose or booster, less than 21 days ago",<3,11,x,,x,x
Female,All causes,2022,January,60-69,"Fourth dose or booster, at least 21 days ago",<3,45,x,,x,x
Female,All causes,2022,January,70-79,Unvaccinated,256,5572,4689.9,,4113.9,5266
Female,All causes,2022,January,70-79,"First dose, less than 21 days ago",<3,36,x,,x,x
Female,All causes,2022,January,70-79,"First dose, at least 21 days ago",75,790,9724.9,,7646.4,12193.6
Female,All causes,2022,January,70-79,"Second dose, less than 21 days ago",4,70,5979.2,u,1575,15425.3
Female,All causes,2022,January,70-79,"Second dose, at least 21 days ago",863,7096,12392.3,,11563.7,13220.9
Female,All causes,2022,January,70-79,"Third dose or booster, less than 21 days ago",108,2559,4359.4,,3535.1,5183.8
Female,All causes,2022,January,70-79,"Third dose or booster, at least 21 days ago",3181,196413,1612,,1555.9,1668
Female,All causes,2022,January,70-79,"Fourth dose or booster, less than 21 days ago",<3,7,x,,x,x
Female,All causes,2022,January,70-79,"Fourth dose or booster, at least 21 days ago",<3,33,x,,x,x
Female,All causes,2022,January,80-89,Unvaccinated,299,2728,10864.9,,9631.4,12098.5
Female,All causes,2022,January,80-89,"First dose, less than 21 days ago",4,19,20810,u,5614.4,53401.3
Female,All causes,2022,January,80-89,"First dose, at least 21 days ago",98,402,23303,,18881.2,28442.3
Female,All causes,2022,January,80-89,"Second dose, less than 21 days ago",6,34,17190.7,u,6226.6,37569.2
Female,All causes,2022,January,80-89,"Second dose, at least 21 days ago",1146,3888,28758.3,,27079.1,30437.5
Female,All causes,2022,January,80-89,"Third dose or booster, less than 21 days ago",179,1391,12536.5,,10670.7,14402.2
Female,All causes,2022,January,80-89,"Third dose or booster, at least 21 days ago",5929,98687,5929.5,,5778.4,6080.5
Female,All causes,2022,January,80-89,"Fourth dose or booster, less than 21 days ago",<3,3,x,,x,x
Female,All causes,2022,January,80-89,"Fourth dose or booster, at least 21 days ago",<3,25,x,,x,x
Female,All causes,2022,January,90+,Unvaccinated,287,808,35515.2,,31524.6,39871.1
Female,All causes,2022,January,90+,"First dose, less than 21 days ago",4,7,57182,u,15383.7,146398.4
Female,All causes,2022,January,90+,"First dose, at least 21 days ago",71,136,52226.9,,40787.7,65878.3
Female,All causes,2022,January,90+,"Second dose, less than 21 days ago",5,14,36656.9,u,11813.1,85544.9
Female,All causes,2022,January,90+,"Second dose, at least 21 days ago",841,1291,65167.7,,60837.1,69725.2
Female,All causes,2022,January,90+,"Third dose or booster, less than 21 days ago",145,566,25630.1,,21627.9,30158
Female,All causes,2022,January,90+,"Third dose or booster, at least 21 days ago",5124,24277,21106.7,,20532.7,21692.7
Female,All causes,2022,January,90+,"Fourth dose or booster, less than 21 days ago",<3,1,x,,x,x
Female,All causes,2022,January,90+,"Fourth dose or booster, at least 21 days ago",5,9,57447.3,u,18513.1,134062.5
Female,All causes,2022,February,18-39,Unvaccinated,30,93270,33.3,,22.3,47.7
Female,All causes,2022,February,18-39,"First dose, less than 21 days ago",<3,2110,x,,x,x
Female,All causes,2022,February,18-39,"First dose, at least 21 days ago",10,24060,46.2,u,21.7,85.7
Female,All causes,2022,February,18-39,"Second dose, less than 21 days ago",<3,3480,x,,x,x
Female,All causes,2022,February,18-39,"Second dose, at least 21 days ago",61,152700,42.7,,32.6,54.9
Female,All causes,2022,February,18-39,"Third dose or booster, less than 21 days ago",<3,13743,x,,x,x
Female,All causes,2022,February,18-39,"Third dose or booster, at least 21 days ago",83,265522,29.1,,23,36.1
Female,All causes,2022,February,18-39,"Fourth dose or booster, less than 21 days ago",<3,17,x,,x,x
Female,All causes,2022,February,18-39,"Fourth dose or booster, at least 21 days ago",<3,74,x,,x,x
Female,All causes,2022,February,40-49,Unvaccinated,38,25046,157.4,,110.9,216.6
Female,All causes,2022,February,40-49,"First dose, less than 21 days ago",<3,306,x,,x,x
Female,All causes,2022,February,40-49,"First dose, at least 21 days ago",18,5071,359.1,u,210.5,570.8
Female,All causes,2022,February,40-49,"Second dose, less than 21 days ago",<3,530,x,,x,x
Female,All causes,2022,February,40-49,"Second dose, at least 21 days ago",60,45490,135.6,,103.3,174.9
Female,All causes,2022,February,40-49,"Third dose or booster, less than 21 days ago",3,3910,69.7,u,14.4,203.6
Female,All causes,2022,February,40-49,"Third dose or booster, at least 21 days ago",167,182599,91,,77.2,104.9
Female,All causes,2022,February,40-49,"Fourth dose or booster, less than 21 days ago",<3,9,x,,x,x
Female,All causes,2022,February,40-49,"Fourth dose or booster, at least 21 days ago",<3,55,x,,x,x
Female,All causes,2022,February,50-59,Unvaccinated,95,16915,568.7,,460,695.4
Female,All causes,2022,February,50-59,"First dose, less than 21 days ago",<3,156,x,,x,x
Female,All causes,2022,February,50-59,"First dose, at least 21 days ago",24,3095,789.6,,504.8,1176.2
Female,All causes,2022,February,50-59,"Second dose, less than 21 days ago",<3,261,x,,x,x
Female,All causes,2022,February,50-59,"Second dose, at least 21 days ago",210,28764,753.6,,651.4,855.9
Female,All causes,2022,February,50-59,"Third dose or booster, less than 21 days ago",7,2258,319.1,u,127.3,659.1
Female,All causes,2022,February,50-59,"Third dose or booster, at least 21 days ago",568,234463,238.5,,218.8,258.1
Female,All causes,2022,February,50-59,"Fourth dose or booster, less than 21 days ago",<3,8,x,,x,x
Female,All causes,2022,February,50-59,"Fourth dose or booster, at least 21 days ago",<3,73,x,,x,x
Female,All causes,2022,February,60-69,Unvaccinated,113,9660,1220.8,,993.7,1447.9
Female,All causes,2022,February,60-69,"First dose, less than 21 days ago",<3,55,x,,x,x
Female,All causes,2022,February,60-69,"First dose, at least 21 days ago",35,1495,2530.6,,1751.3,3534.1
Female,All causes,2022,February,60-69,"Second dose, less than 21 days ago",<3,104,x,,x,x
Female,All causes,2022,February,60-69,"Second dose, at least 21 days ago",309,13161,2532.7,,2244.4,2821
Female,All causes,2022,February,60-69,"Third dose or booster, less than 21 days ago",11,969,1237.9,u,602.2,2239.6
Female,All causes,2022,February,60-69,"Third dose or booster, at least 21 days ago",1191,206065,580.6,,547.7,613.6
Female,All causes,2022,February,60-69,"Fourth dose or booster, less than 21 days ago",<3,6,x,,x,x
Female,All causes,2022,February,60-69,"Fourth dose or booster, at least 21 days ago",<3,54,x,,x,x
Female,All causes,2022,February,70-79,Unvaccinated,158,5020,3199.7,,2699.5,3699.9
Female,All causes,2022,February,70-79,"First dose, less than 21 days ago",<3,16,x,,x,x
Female,All causes,2022,February,70-79,"First dose, at least 21 days ago",46,698,6743.9,,4934.9,8998.4
Female,All causes,2022,February,70-79,"Second dose, less than 21 days ago",<3,39,x,,x,x
Female,All causes,2022,February,70-79,"Second dose, at least 21 days ago",463,5717,8221.7,,7470.9,8972.5
Female,All causes,2022,February,70-79,"Third dose or booster, less than 21 days ago",19,402,4763.4,u,2866.8,7440.3
Female,All causes,2022,February,70-79,"Third dose or booster, at least 21 days ago",3153,180335,1736.7,,1676.1,1797.4
Female,All causes,2022,February,70-79,"Fourth dose or booster, less than 21 days ago",<3,6,x,,x,x
Female,All causes,2022,February,70-79,"Fourth dose or booster, at least 21 days ago",<3,39,x,,x,x
Female,All causes,2022,February,80-89,Unvaccinated,239,2446,9583.8,,8366.8,10800.8
Female,All causes,2022,February,80-89,"First dose, less than 21 days ago",<3,8,x,,x,x
Female,All causes,2022,February,80-89,"First dose, at least 21 days ago",70,352,19654.1,,15285.9,24874.1
Female,All causes,2022,February,80-89,"Second dose, less than 21 days ago",<3,19,x,,x,x
Female,All causes,2022,February,80-89,"Second dose, at least 21 days ago",653,3042,20987.5,,19366.5,22608.6
Female,All causes,2022,February,80-89,"Third dose or booster, less than 21 days ago",38,247,14884.1,,10442.8,20544.5
Female,All causes,2022,February,80-89,"Third dose or booster, at least 21 days ago",5697,90793,6188.7,,6027.8,6349.5
Female,All causes,2022,February,80-89,"Fourth dose or booster, less than 21 days ago",<3,2,x,,x,x
Female,All causes,2022,February,80-89,"Fourth dose or booster, at least 21 days ago",5,26,18921,u,6142.4,44157.7
Female,All causes,2022,February,90+,Unvaccinated,187,719,26023,,22426.5,30032.1
Female,All causes,2022,February,90+,"First dose, less than 21 days ago",5,3,167545.8,u,53993.6,390994.9
Female,All causes,2022,February,90+,"First dose, at least 21 days ago",53,119,44574.5,,33386.8,58305.9
Female,All causes,2022,February,90+,"Second dose, less than 21 days ago",3,6,46214.6,u,9288.4,135031.3
Female,All causes,2022,February,90+,"Second dose, at least 21 days ago",435,960,45327.9,,41167.7,49794.6
Female,All causes,2022,February,90+,"Third dose or booster, less than 21 days ago",33,105,31570.3,,21727.9,44338.2
Female,All causes,2022,February,90+,"Third dose or booster, at least 21 days ago",4690,22598,20754.4,,20164.6,21357.1
Female,All causes,2022,February,90+,"Fourth dose or booster, less than 21 days ago",<3,0,x,,x,x
Female,All causes,2022,February,90+,"Fourth dose or booster, at least 21 days ago",3,9,34653.7,u,6964.8,101252.2
Female,All causes,2022,March,18-39,Unvaccinated,36,101926,36.6,,25.5,50.8
Female,All causes,2022,March,18-39,"First dose, less than 21 days ago",<3,961,x,,x,x
Female,All causes,2022,March,18-39,"First dose, at least 21 days ago",21,25759,85.1,,51.8,131.2
Female,All causes,2022,March,18-39,"Second dose, less than 21 days ago",<3,2788,x,,x,x
Female,All causes,2022,March,18-39,"Second dose, at least 21 days ago",60,163533,37.9,,28.9,48.9
Female,All causes,2022,March,18-39,"Third dose or booster, less than 21 days ago",<3,7212,x,,x,x
Female,All causes,2022,March,18-39,"Third dose or booster, at least 21 days ago",107,311630,32.4,,26.2,38.7
Female,All causes,2022,March,18-39,"Fourth dose or booster, less than 21 days ago",<3,54,x,,x,x
Female,All causes,2022,March,18-39,"Fourth dose or booster, at least 21 days ago",<3,108,x,,x,x
Female,All causes,2022,March,40-49,Unvaccinated,44,27672,165.8,,120,223.2
Female,All causes,2022,March,40-49,"First dose, less than 21 days ago",<3,108,x,,x,x
Female,All causes,2022,March,40-49,"First dose, at least 21 days ago",20,5447,398.9,,241.7,618.8
Female,All causes,2022,March,40-49,"Second dose, less than 21 days ago",<3,416,x,,x,x
Female,All causes,2022,March,40-49,"Second dose, at least 21 days ago",78,48517,166.2,,131.1,207.7
Female,All causes,2022,March,40-49,"Third dose or booster, less than 21 days ago",<3,1810,x,,x,x
Female,All causes,2022,March,40-49,"Third dose or booster, at least 21 days ago",202,206947,96.9,,83.6,110.3
Female,All causes,2022,March,40-49,"Fourth dose or booster, less than 21 days ago",<3,65,x,,x,x
Female,All causes,2022,March,40-49,"Fourth dose or booster, at least 21 days ago",<3,74,x,,x,x
Female,All causes,2022,March,50-59,Unvaccinated,80,18701,429.3,,340.4,534.5
Female,All causes,2022,March,50-59,"First dose, less than 21 days ago",<3,51,x,,x,x
Female,All causes,2022,March,50-59,"First dose, at least 21 days ago",36,3349,1101.9,,770.6,1527
Female,All causes,2022,March,50-59,"Second dose, less than 21 days ago",<3,205,x,,x,x
Female,All causes,2022,March,50-59,"Second dose, at least 21 days ago",167,30724,553.6,,469.3,637.8
Female,All causes,2022,March,50-59,"Third dose or booster, less than 21 days ago",<3,1057,x,,x,x
Female,All causes,2022,March,50-59,"Third dose or booster, at least 21 days ago",655,262325,246.1,,227.2,264.9
Female,All causes,2022,March,50-59,"Fourth dose or booster, less than 21 days ago",<3,119,x,,x,x
Female,All causes,2022,March,50-59,"Fourth dose or booster, at least 21 days ago",<3,92,x,,x,x
Female,All causes,2022,March,60-69,Unvaccinated,114,10711,1104.3,,899.8,1308.9
Female,All causes,2022,March,60-69,"First dose, less than 21 days ago",<3,21,x,,x,x
Female,All causes,2022,March,60-69,"First dose, at least 21 days ago",25,1620,1598.2,,1024.6,2372.3
Female,All causes,2022,March,60-69,"Second dose, less than 21 days ago",<3,81,x,,x,x
Female,All causes,2022,March,60-69,"Second dose, at least 21 days ago",268,14118,2034.2,,1785.4,2283
Female,All causes,2022,March,60-69,"Third dose or booster, less than 21 days ago",5,450,1128.6,u,346.7,2672.8
Female,All causes,2022,March,60-69,"Third dose or booster, at least 21 days ago",1429,229598,625.7,,593.2,658.1
Female,All causes,2022,March,60-69,"Fourth dose or booster, less than 21 days ago",<3,144,x,,x,x
Female,All causes,2022,March,60-69,"Fourth dose or booster, at least 21 days ago",<3,69,x,,x,x
Female,All causes,2022,March,70-79,Unvaccinated,193,5565,3565.9,,3061.7,4070.1
Female,All causes,2022,March,70-79,"First dose, less than 21 days ago",<3,9,x,,x,x
Female,All causes,2022,March,70-79,"First dose, at least 21 days ago",22,752,2968.4,,1858.6,4496.3
Female,All causes,2022,March,70-79,"Second dose, less than 21 days ago",<3,30,x,,x,x
Female,All causes,2022,March,70-79,"Second dose, at least 21 days ago",424,6056,7133.7,,6453,7814.5
Female,All causes,2022,March,70-79,"Third dose or booster, less than 21 days ago",11,222,4970,u,2476.3,8900.2
Female,All causes,2022,March,70-79,"Third dose or booster, at least 21 days ago",3609,198797,1803.9,,1745.1,1862.8
Female,All causes,2022,March,70-79,"Fourth dose or booster, less than 21 days ago",8,1725,1495.1,u,381.2,3397.3
Female,All causes,2022,March,70-79,"Fourth dose or booster, at least 21 days ago",<3,50,x,,x,x
Female,All causes,2022,March,80-89,Unvaccinated,246,2693,8995,,7869.2,10120.7
Female,All causes,2022,March,80-89,"First dose, less than 21 days ago",<3,5,x,,x,x
Female,All causes,2022,March,80-89,"First dose, at least 21 days ago",69,373,18035.5,,13998.4,22866.1
Female,All causes,2022,March,80-89,"Second dose, less than 21 days ago",<3,16,x,,x,x
Female,All causes,2022,March,80-89,"Second dose, at least 21 days ago",564,3171,17428.3,,15981,18875.5
Female,All causes,2022,March,80-89,"Third dose or booster, less than 21 days ago",12,130,8834.8,u,4502.1,15529.7
Female,All causes,2022,March,80-89,"Third dose or booster, at least 21 days ago",6290,98902,6267.1,,6112,6422.1
Female,All causes,2022,March,80-89,"Fourth dose or booster, less than 21 days ago",28,2069,1390.8,,923.7,2010.7
Female,All causes,2022,March,80-89,"Fourth dose or booster, at least 21 days ago",4,32,12605.5,u,3434.4,32275.5
Female,All causes,2022,March,90+,Unvaccinated,173,791,21883.7,,18743.9,25398.8
Female,All causes,2022,March,90+,"First dose, less than 21 days ago",<3,2,x,,x,x
Female,All causes,2022,March,90+,"First dose, at least 21 days ago",51,126,40591.3,,30220.5,53371.4
Female,All causes,2022,March,90+,"Second dose, less than 21 days ago",<3,5,x,,x,x
Female,All causes,2022,March,90+,"Second dose, at least 21 days ago",412,983,41895.7,,37947.2,46143.3
Female,All causes,2022,March,90+,"Third dose or booster, less than 21 days ago",13,48,27060.2,u,14394.2,46276.9
Female,All causes,2022,March,90+,"Third dose or booster, at least 21 days ago",5154,24874,20720.6,,20158.7,21294.2
Female,All causes,2022,March,90+,"Fourth dose or booster, less than 21 days ago",14,343,4083.9,u,2230.8,6852.6
Female,All causes,2022,March,90+,"Fourth dose or booster, at least 21 days ago",4,10,40775.9,u,10969.9,104395.2
Female,All causes,2022,April,18-39,Unvaccinated,26,97846,27.5,,17.9,40.4
Female,All causes,2022,April,18-39,"First dose, less than 21 days ago",<3,574,x,,x,x
Female,All causes,2022,April,18-39,"First dose, at least 21 days ago",12,23502,53.4,u,26.6,94.8
Female,All causes,2022,April,18-39,"Second dose, less than 21 days ago",<3,1878,x,,x,x
Female,All causes,2022,April,18-39,"Second dose, at least 21 days ago",54,155039,36.6,,27.4,47.8
Female,All causes,2022,April,18-39,"Third dose or booster, less than 21 days ago",<3,4878,x,,x,x
Female,All causes,2022,April,18-39,"Third dose or booster, at least 21 days ago",106,309180,32.5,,26.2,38.8
Female,All causes,2022,April,18-39,"Fourth dose or booster, less than 21 days ago",<3,408,x,,x,x
Female,All causes,2022,April,18-39,"Fourth dose or booster, at least 21 days ago",<3,257,x,,x,x
Female,All causes,2022,April,40-49,Unvaccinated,40,26807,159.5,,113.5,217.7
Female,All causes,2022,April,40-49,"First dose, less than 21 days ago",<3,67,x,,x,x
Female,All causes,2022,April,40-49,"First dose, at least 21 days ago",10,5027,190.8,u,90,353.4
Female,All causes,2022,April,40-49,"Second dose, less than 21 days ago",<3,252,x,,x,x
Female,All causes,2022,April,40-49,"Second dose, at least 21 days ago",65,45952,144.8,,111.5,184.9
Female,All causes,2022,April,40-49,"Third dose or booster, less than 21 days ago",<3,1132,x,,x,x
Female,All causes,2022,April,40-49,"Third dose or booster, at least 21 days ago",200,201503,98.6,,84.9,112.2
Female,All causes,2022,April,40-49,"Fourth dose or booster, less than 21 days ago",<3,550,x,,x,x
Female,All causes,2022,April,40-49,"Fourth dose or booster, at least 21 days ago",<3,272,x,,x,x
Female,All causes,2022,April,50-59,Unvaccinated,78,18096,435.9,,344.5,544.1
Female,All causes,2022,April,50-59,"First dose, less than 21 days ago",<3,33,x,,x,x
Female,All causes,2022,April,50-59,"First dose, at least 21 days ago",32,3106,1035.4,,707,1463.2
Female,All causes,2022,April,50-59,"Second dose, less than 21 days ago",<3,132,x,,x,x
Female,All causes,2022,April,50-59,"Second dose, at least 21 days ago",153,29066,537.6,,452.1,623.1
Female,All causes,2022,April,50-59,"Third dose or booster, less than 21 days ago",3,697,479,u,98.8,1399.9
Female,All causes,2022,April,50-59,"Third dose or booster, at least 21 days ago",650,253527,252.7,,233.3,272.2
Female,All causes,2022,April,50-59,"Fourth dose or booster, less than 21 days ago",7,1149,635.3,u,250.9,1317
Female,All causes,2022,April,50-59,"Fourth dose or booster, at least 21 days ago",5,480,1080.2,u,345.4,2531.3
Female,All causes,2022,April,60-69,Unvaccinated,109,10399,1095.1,,887.7,1302.5
Female,All causes,2022,April,60-69,"First dose, less than 21 days ago",<3,14,x,,x,x
Female,All causes,2022,April,60-69,"First dose, at least 21 days ago",36,1524,2514.3,,1749.1,3496.2
Female,All causes,2022,April,60-69,"Second dose, less than 21 days ago",<3,52,x,,x,x
Female,All causes,2022,April,60-69,"Second dose, at least 21 days ago",237,13441,1863.8,,1621.3,2106.3
Female,All causes,2022,April,60-69,"Third dose or booster, less than 21 days ago",5,284,2145.9,u,677.2,5046.4
Female,All causes,2022,April,60-69,"Third dose or booster, at least 21 days ago",1405,221350,638.4,,605,671.7
Female,All causes,2022,April,60-69,"Fourth dose or booster, less than 21 days ago",14,1484,948.2,u,516.4,1593.9
Female,All causes,2022,April,60-69,"Fourth dose or booster, at least 21 days ago",7,552,1303,u,522.7,2686.8
Female,All causes,2022,April,70-79,Unvaccinated,153,5394,2889.2,,2430.4,3348
Female,All causes,2022,April,70-79,"First dose, less than 21 days ago",<3,6,x,,x,x
Female,All causes,2022,April,70-79,"First dose, at least 21 days ago",36,709,5167.1,,3617,7156.1
Female,All causes,2022,April,70-79,"Second dose, less than 21 days ago",3,21,15430.9,u,3182.2,45095.6
Female,All causes,2022,April,70-79,"Second dose, at least 21 days ago",335,5631,6113,,5456.3,6769.7
Female,All causes,2022,April,70-79,"Third dose or booster, less than 21 days ago",4,183,2420.6,u,641.1,6237.4
Female,All causes,2022,April,70-79,"Third dose or booster, at least 21 days ago",3382,163304,2199.1,,2124.2,2274
Female,All causes,2022,April,70-79,"Fourth dose or booster, less than 21 days ago",171,24549,1335.4,,982.8,1688.1
Female,All causes,2022,April,70-79,"Fourth dose or booster, at least 21 days ago",72,6831,2736.8,,1811.9,3839.2
Female,All causes,2022,April,80-89,Unvaccinated,233,2596,8941.1,,7791.3,10090.9
Female,All causes,2022,April,80-89,"First dose, less than 21 days ago",<3,5,x,,x,x
Female,All causes,2022,April,80-89,"First dose, at least 21 days ago",45,349,12587.6,,9155.1,16876.2
Female,All causes,2022,April,80-89,"Second dose, less than 21 days ago",<3,11,x,,x,x
Female,All causes,2022,April,80-89,"Second dose, at least 21 days ago",443,2844,15238,,13811.1,16664.8
Female,All causes,2022,April,80-89,"Third dose or booster, less than 21 days ago",23,153,14265.7,,8933.7,21555.3
Female,All causes,2022,April,80-89,"Third dose or booster, at least 21 days ago",5844,62152,9222.7,,8985.7,9459.7
Female,All causes,2022,April,80-89,"Fourth dose or booster, less than 21 days ago",468,27621,1683.9,,1531.3,1836.4
Female,All causes,2022,April,80-89,"Fourth dose or booster, at least 21 days ago",171,8382,2052.7,,1745,2360.5
Female,All causes,2022,April,90+,Unvaccinated,185,759,24376.4,,20989.9,28153.5
Female,All causes,2022,April,90+,"First dose, less than 21 days ago",<3,2,x,,x,x
Female,All causes,2022,April,90+,"First dose, at least 21 days ago",56,114,49005.7,,37015.9,63639.5
Female,All causes,2022,April,90+,"Second dose, less than 21 days ago",<3,5,x,,x,x
Female,All causes,2022,April,90+,"Second dose, at least 21 days ago",324,857,37804.9,,33799.9,42153.9
Female,All causes,2022,April,90+,"Third dose or booster, less than 21 days ago",15,67,22409.8,u,12533.3,36963.9
Female,All causes,2022,April,90+,"Third dose or booster, at least 21 days ago",4665,17418,26783,,26019.9,27562.8
Female,All causes,2022,April,90+,"Fourth dose or booster, less than 21 days ago",533,5636,9457,,8671.1,10295.1
Female,All causes,2022,April,90+,"Fourth dose or booster, at least 21 days ago",167,1496,11160.3,,9531.7,12987.4
Female,All causes,2022,May,18-39,Unvaccinated,44,100564,44.7,,32.3,60.1
Female,All causes,2022,May,18-39,"First dose, less than 21 days ago",<3,461,x,,x,x
Female,All causes,2022,May,18-39,"First dose, at least 21 days ago",11,23276,54.7,u,26.4,99.3
Female,All causes,2022,May,18-39,"Second dose, less than 21 days ago",<3,1408,x,,x,x
Female,All causes,2022,May,18-39,"Second dose, at least 21 days ago",60,156314,39.6,,30.2,51.1
Female,All causes,2022,May,18-39,"Third dose or booster, less than 21 days ago",<3,4749,x,,x,x
Female,All causes,2022,May,18-39,"Third dose or booster, at least 21 days ago",107,324786,31.2,,25.2,37.2
Female,All causes,2022,May,18-39,"Fourth dose or booster, less than 21 days ago",3,415,611,u,126,1785.6
Female,All causes,2022,May,18-39,"Fourth dose or booster, at least 21 days ago",4,883,460.5,u,80.9,1274.4
Female,All causes,2022,May,40-49,Unvaccinated,41,27735,154.1,,110.1,209.6
Female,All causes,2022,May,40-49,"First dose, less than 21 days ago",<3,56,x,,x,x
Female,All causes,2022,May,40-49,"First dose, at least 21 days ago",17,5075,371.1,u,214.4,596.7
Female,All causes,2022,May,40-49,"Second dose, less than 21 days ago",<3,162,x,,x,x
Female,All causes,2022,May,40-49,"Second dose, at least 21 days ago",64,46558,140,,107.5,179.1
Female,All causes,2022,May,40-49,"Third dose or booster, less than 21 days ago",<3,977,x,,x,x
Female,All causes,2022,May,40-49,"Third dose or booster, at least 21 days ago",219,208658,104.7,,90.8,118.6
Female,All causes,2022,May,40-49,"Fourth dose or booster, less than 21 days ago",5,590,782.5,u,247.7,1838.7
Female,All causes,2022,May,40-49,"Fourth dose or booster, at least 21 days ago",7,1117,627.3,u,247.8,1300.1
Female,All causes,2022,May,50-59,Unvaccinated,90,18711,484.9,,389.8,596.1
Female,All causes,2022,May,50-59,"First dose, less than 21 days ago",<3,24,x,,x,x
Female,All causes,2022,May,50-59,"First dose, at least 21 days ago",28,3148,893,,592.4,1292.1
Female,All causes,2022,May,50-59,"Second dose, less than 21 days ago",<3,76,x,,x,x
Female,All causes,2022,May,50-59,"Second dose, at least 21 days ago",129,29443,450.1,,372.2,528.1
Female,All causes,2022,May,50-59,"Third dose or booster, less than 21 days ago",<3,593,x,,x,x
Female,All causes,2022,May,50-59,"Third dose or booster, at least 21 days ago",653,260951,247,,228,266
Female,All causes,2022,May,50-59,"Fourth dose or booster, less than 21 days ago",6,1177,492.7,u,177.2,1079.2
Female,All causes,2022,May,50-59,"Fourth dose or booster, at least 21 days ago",27,2241,1150.5,,753.8,1679.6
Female,All causes,2022,May,60-69,Unvaccinated,104,10787,994.1,,801.2,1186.9
Female,All causes,2022,May,60-69,"First dose, less than 21 days ago",<3,9,x,,x,x
Female,All causes,2022,May,60-69,"First dose, at least 21 days ago",42,1555,2893,,2072.3,3926.5
Female,All causes,2022,May,60-69,"Second dose, less than 21 days ago",<3,32,x,,x,x
Female,All causes,2022,May,60-69,"Second dose, at least 21 days ago",207,13697,1600.7,,1377.9,1823.5
Female,All causes,2022,May,60-69,"Third dose or booster, less than 21 days ago",3,235,1027.2,u,211.8,3001.8
Female,All causes,2022,May,60-69,"Third dose or booster, at least 21 days ago",1408,227026,623.5,,590.9,656
Female,All causes,2022,May,60-69,"Fourth dose or booster, less than 21 days ago",36,1661,2070.5,,1446.2,2871.6
Female,All causes,2022,May,60-69,"Fourth dose or booster, at least 21 days ago",64,2863,2186.6,,1681.8,2794.9
Female,All causes,2022,May,70-79,Unvaccinated,164,5583,2978.7,,2521.9,3435.6
Female,All causes,2022,May,70-79,"First dose, less than 21 days ago",<3,6,x,,x,x
Female,All causes,2022,May,70-79,"First dose, at least 21 days ago",33,721,4552.8,,3132.4,6395.8
Female,All causes,2022,May,70-79,"Second dose, less than 21 days ago",<3,14,x,,x,x
Female,All causes,2022,May,70-79,"Second dose, at least 21 days ago",268,5619,4899,,4309.8,5488.1
Female,All causes,2022,May,70-79,"Third dose or booster, less than 21 days ago",12,156,7351.4,u,3620.7,13116.1
Female,All causes,2022,May,70-79,"Third dose or booster, at least 21 days ago",2717,133929,2782.5,,2668.6,2896.3
Female,All causes,2022,May,70-79,"Fourth dose or booster, less than 21 days ago",244,22981,1849.7,,1466,2233.4
Female,All causes,2022,May,70-79,"Fourth dose or booster, at least 21 days ago",511,44782,2115.2,,1776.5,2453.9
Female,All causes,2022,May,80-89,Unvaccinated,190,2672,6951.1,,5961.2,7941
Female,All causes,2022,May,80-89,"First dose, less than 21 days ago",<3,5,x,,x,x
Female,All causes,2022,May,80-89,"First dose, at least 21 days ago",59,349,16587.2,,12599.9,21429.2
Female,All causes,2022,May,80-89,"Second dose, less than 21 days ago",<3,12,x,,x,x
Female,All causes,2022,May,80-89,"Second dose, at least 21 days ago",352,2677,12836.7,,11490.4,14182.9
Female,All causes,2022,May,80-89,"Third dose or booster, less than 21 days ago",30,174,16125.2,,10662.7,23304.8
Female,All causes,2022,May,80-89,"Third dose or booster, at least 21 days ago",3970,32766,11832.4,,11462.9,12201.9
Female,All causes,2022,May,80-89,"Fourth dose or booster, less than 21 days ago",656,19340,3315.4,,3061.3,3569.4
Female,All causes,2022,May,80-89,"Fourth dose or booster, at least 21 days ago",1475,49810,2943.9,,2793.6,3094.2
Female,All causes,2022,May,90+,Unvaccinated,138,778,17747.7,,14910,20968.1
Female,All causes,2022,May,90+,"First dose, less than 21 days ago",<3,3,x,,x,x
Female,All causes,2022,May,90+,"First dose, at least 21 days ago",29,111,26213.9,,17552.1,37649.1
Female,All causes,2022,May,90+,"Second dose, less than 21 days ago",<3,6,x,,x,x
Female,All causes,2022,May,90+,"Second dose, at least 21 days ago",213,753,28295.7,,24622.9,32361.8
Female,All causes,2022,May,90+,"Third dose or booster, less than 21 days ago",20,92,21845.7,,13338.3,33740.8
Female,All causes,2022,May,90+,"Third dose or booster, at least 21 days ago",2832,9752,29039.7,,27979.9,30129.4
Female,All causes,2022,May,90+,"Fourth dose or booster, less than 21 days ago",635,5376,11811.6,,10910.6,12767.1
Female,All causes,2022,May,90+,"Fourth dose or booster, at least 21 days ago",1201,10421,11524.4,,10881.8,12195.1
Female,All causes,2022,June,18-39,Unvaccinated,43,96992,46.2,,33.3,62.4
Female,All causes,2022,June,18-39,"First dose, less than 21 days ago",<3,260,x,,x,x
Female,All causes,2022,June,18-39,"First dose, at least 21 days ago",4,21934,18.2,u,4.9,46.6
Female,All causes,2022,June,18-39,"Second dose, less than 21 days ago",<3,921,x,,x,x
Female,All causes,2022,June,18-39,"Second dose, at least 21 days ago",35,148474,24.1,,16.7,33.6
Female,All causes,2022,June,18-39,"Third dose or booster, less than 21 days ago",<3,3154,x,,x,x
Female,All causes,2022,June,18-39,"Third dose or booster, at least 21 days ago",91,318989,26.5,,21.3,32.6
Female,All causes,2022,June,18-39,"Fourth dose or booster, less than 21 days ago",<3,337,x,,x,x
Female,All causes,2022,June,18-39,"Fourth dose or booster, at least 21 days ago",6,1408,287.5,u,104.5,627.6
Female,All causes,2022,June,40-49,Unvaccinated,36,26897,138.2,,96.3,191.9
Female,All causes,2022,June,40-49,"First dose, less than 21 days ago",<3,35,x,,x,x
Female,All causes,2022,June,40-49,"First dose, at least 21 days ago",16,4847,325.7,u,184,532.1
Female,All causes,2022,June,40-49,"Second dose, less than 21 days ago",<3,105,x,,x,x
Female,All causes,2022,June,40-49,"Second dose, at least 21 days ago",71,44495,166.6,,129.8,210.5
Female,All causes,2022,June,40-49,"Third dose or booster, less than 21 days ago",<3,593,x,,x,x
Female,All causes,2022,June,40-49,"Third dose or booster, at least 21 days ago",215,202149,106,,91.8,120.1
Female,All causes,2022,June,40-49,"Fourth dose or booster, less than 21 days ago",<3,491,x,,x,x
Female,All causes,2022,June,40-49,"Fourth dose or booster, at least 21 days ago",16,1869,825.8,u,467.4,1347.8
Female,All causes,2022,June,50-59,Unvaccinated,59,18127,326.8,,248.7,421.6
Female,All causes,2022,June,50-59,"First dose, less than 21 days ago",<3,20,x,,x,x
Female,All causes,2022,June,50-59,"First dose, at least 21 days ago",20,3019,669.2,,407.9,1034.8
Female,All causes,2022,June,50-59,"Second dose, less than 21 days ago",<3,47,x,,x,x
Female,All causes,2022,June,50-59,"Second dose, at least 21 days ago",138,28169,497.4,,414.1,580.7
Female,All causes,2022,June,50-59,"Third dose or booster, less than 21 days ago",<3,333,x,,x,x
Female,All causes,2022,June,50-59,"Third dose or booster, at least 21 days ago",617,251594,242.1,,223,261.3
Female,All causes,2022,June,50-59,"Fourth dose or booster, less than 21 days ago",3,992,291.9,u,57.1,860.6
Female,All causes,2022,June,50-59,"Fourth dose or booster, at least 21 days ago",53,3743,1379.2,,1029,1809.2
Female,All causes,2022,June,60-69,Unvaccinated,102,10483,989.9,,795.9,1183.9
Female,All causes,2022,June,60-69,"First dose, less than 21 days ago",<3,8,x,,x,x
Female,All causes,2022,June,60-69,"First dose, at least 21 days ago",29,1496,2010.7,,1335.2,2893.5
Female,All causes,2022,June,60-69,"Second dose, less than 21 days ago",<3,18,x,,x,x
Female,All causes,2022,June,60-69,"Second dose, at least 21 days ago",168,13179,1332.7,,1126.7,1538.7
Female,All causes,2022,June,60-69,"Third dose or booster, less than 21 days ago",<3,130,x,,x,x
Female,All causes,2022,June,60-69,"Third dose or booster, at least 21 days ago",1257,218342,579.8,,547.7,611.8
Female,All causes,2022,June,60-69,"Fourth dose or booster, less than 21 days ago",18,1443,1241.9,u,732.7,1967.5
Female,All causes,2022,June,60-69,"Fourth dose or booster, at least 21 days ago",137,5000,2672,,2222.3,3121.7
Female,All causes,2022,June,70-79,Unvaccinated,152,5415,2857.5,,2402.3,3312.7
Female,All causes,2022,June,70-79,"First dose, less than 21 days ago",<3,4,x,,x,x
Female,All causes,2022,June,70-79,"First dose, at least 21 days ago",34,695,4996.3,,3458.9,6983.4
Female,All causes,2022,June,70-79,"Second dose, less than 21 days ago",<3,8,x,,x,x
Female,All causes,2022,June,70-79,"Second dose, at least 21 days ago",253,5333,4836.5,,4237.3,5435.6
Female,All causes,2022,June,70-79,"Third dose or booster, less than 21 days ago",5,82,5321.2,u,1606.9,12656.9
Female,All causes,2022,June,70-79,"Third dose or booster, at least 21 days ago",2358,116406,3483.2,,3318.6,3647.9
Female,All causes,2022,June,70-79,"Fourth dose or booster, less than 21 days ago",123,8177,1754.9,,1310,2199.8
Female,All causes,2022,June,70-79,"Fourth dose or booster, at least 21 days ago",1066,71052,2657.5,,2363.8,2951.3
Female,All causes,2022,June,80-89,Unvaccinated,152,2583,5810.3,,4885.1,6735.5
Female,All causes,2022,June,80-89,"First dose, less than 21 days ago",<3,3,x,,x,x
Female,All causes,2022,June,80-89,"First dose, at least 21 days ago",37,333,10645.6,,7475.1,14699.6
Female,All causes,2022,June,80-89,"Second dose, less than 21 days ago",<3,7,x,,x,x
Female,All causes,2022,June,80-89,"Second dose, at least 21 days ago",271,2444,10879.8,,9580.6,12179
Female,All causes,2022,June,80-89,"Third dose or booster, less than 21 days ago",18,88,18132.7,u,10469.8,29051.8
Female,All causes,2022,June,80-89,"Third dose or booster, at least 21 days ago",2698,20663,12814.6,,12329.2,13299.9
Female,All causes,2022,June,80-89,"Fourth dose or booster, less than 21 days ago",312,6179,4873,,4329.8,5416.1
Female,All causes,2022,June,80-89,"Fourth dose or booster, at least 21 days ago",2770,72308,3789.2,,3648,3930.4
Female,All causes,2022,June,90+,Unvaccinated,148,748,19784.6,,16725.3,23241.3
Female,All causes,2022,June,90+,"First dose, less than 21 days ago",<3,2,x,,x,x
Female,All causes,2022,June,90+,"First dose, at least 21 days ago",25,106,23572.4,,15250.5,34799.2
Female,All causes,2022,June,90+,"Second dose, less than 21 days ago",<3,3,x,,x,x
Female,All causes,2022,June,90+,"Second dose, at least 21 days ago",167,653,25566.8,,21835.9,29752.3
Female,All causes,2022,June,90+,"Third dose or booster, less than 21 days ago",12,47,25604.6,u,13215,44729.2
Female,All causes,2022,June,90+,"Third dose or booster, at least 21 days ago",1855,5905,31411.8,,29998.5,32874.6
Female,All causes,2022,June,90+,"Fourth dose or booster, less than 21 days ago",265,2029,13063.6,,11537.8,14734.9
Female,All causes,2022,June,90+,"Fourth dose or booster, at least 21 days ago",2505,17039,14701.3,,14131.2,15288.6
Female,All causes,2022,July,18-39,Unvaccinated,30,100076,31.3,,21,44.8
Female,All causes,2022,July,18-39,"First dose, less than 21 days ago",<3,179,x,,x,x
Female,All causes,2022,July,18-39,"First dose, at least 21 days ago",12,22116,60.4,u,30.4,106.7
Female,All causes,2022,July,18-39,"Second dose, less than 21 days ago",<3,754,x,,x,x
Female,All causes,2022,July,18-39,"Second dose, at least 21 days ago",40,151034,27.8,,19.8,37.9
Female,All causes,2022,July,18-39,"Third dose or booster, less than 21 days ago",<3,2761,x,,x,x
Female,All causes,2022,July,18-39,"Third dose or booster, at least 21 days ago",89,332550,25.8,,20.7,31.8
Female,All causes,2022,July,18-39,"Fourth dose or booster, less than 21 days ago",<3,355,x,,x,x
Female,All causes,2022,July,18-39,"Fourth dose or booster, at least 21 days ago",10,1963,601.9,u,247.7,1173
Female,All causes,2022,July,40-49,Unvaccinated,45,27891,171.5,,124.6,230
Female,All causes,2022,July,40-49,"First dose, less than 21 days ago",<3,25,x,,x,x
Female,All causes,2022,July,40-49,"First dose, at least 21 days ago",18,4935,391.2,u,229.7,621.3
Female,All causes,2022,July,40-49,"Second dose, less than 21 days ago",<3,99,x,,x,x
Female,All causes,2022,July,40-49,"Second dose, at least 21 days ago",68,45402,160.6,,124.4,203.9
Female,All causes,2022,July,40-49,"Third dose or booster, less than 21 days ago",<3,624,x,,x,x
Female,All causes,2022,July,40-49,"Third dose or booster, at least 21 days ago",213,208673,101.7,,88,115.4
Female,All causes,2022,July,40-49,"Fourth dose or booster, less than 21 days ago",<3,510,x,,x,x
Female,All causes,2022,July,40-49,"Fourth dose or booster, at least 21 days ago",16,2680,601.1,u,340,981.4
Female,All causes,2022,July,50-59,Unvaccinated,81,18750,435.4,,345.7,541.2
Female,All causes,2022,July,50-59,"First dose, less than 21 days ago",<3,14,x,,x,x
Female,All causes,2022,July,50-59,"First dose, at least 21 days ago",25,3106,799.6,,516.5,1181.6
Female,All causes,2022,July,50-59,"Second dose, less than 21 days ago",<3,38,x,,x,x
Female,All causes,2022,July,50-59,"Second dose, at least 21 days ago",130,28873,456.6,,377.8,535.4
Female,All causes,2022,July,50-59,"Third dose or booster, less than 21 days ago",<3,278,x,,x,x
Female,All causes,2022,July,50-59,"Third dose or booster, at least 21 days ago",617,258640,235.1,,216.5,253.6
Female,All causes,2022,July,50-59,"Fourth dose or booster, less than 21 days ago",11,1028,1010.6,u,497.7,1818.9
Female,All causes,2022,July,50-59,"Fourth dose or booster, at least 21 days ago",83,5396,1511.8,,1200.1,1878.7
Female,All causes,2022,July,60-69,Unvaccinated,117,10880,1138.7,,930.6,1346.9
Female,All causes,2022,July,60-69,"First dose, less than 21 days ago",<3,6,x,,x,x
Female,All causes,2022,July,60-69,"First dose, at least 21 days ago",30,1545,2150.3,,1441.5,3081.9
Female,All causes,2022,July,60-69,"Second dose, less than 21 days ago",<3,14,x,,x,x
Female,All causes,2022,July,60-69,"Second dose, at least 21 days ago",178,13583,1386.7,,1178.6,1594.9
Female,All causes,2022,July,60-69,"Third dose or booster, less than 21 days ago",<3,101,x,,x,x
Female,All causes,2022,July,60-69,"Third dose or booster, at least 21 days ago",1278,223917,574.5,,543,606
Female,All causes,2022,July,60-69,"Fourth dose or booster, less than 21 days ago",14,1488,965,u,524.7,1623.4
Female,All causes,2022,July,60-69,"Fourth dose or booster, at least 21 days ago",191,7414,2513.9,,2155.4,2872.5
Female,All causes,2022,July,70-79,Unvaccinated,161,5607,2915.4,,2464.2,3366.6
Female,All causes,2022,July,70-79,"First dose, less than 21 days ago",<3,3,x,,x,x
Female,All causes,2022,July,70-79,"First dose, at least 21 days ago",44,710,6254.5,,4542.7,8398.6
Female,All causes,2022,July,70-79,"Second dose, less than 21 days ago",<3,7,x,,x,x
Female,All causes,2022,July,70-79,"Second dose, at least 21 days ago",228,5449,4298.2,,3737.2,4859.2
Female,All causes,2022,July,70-79,"Third dose or booster, less than 21 days ago",5,57,9035.4,u,2877.5,21196.7
Female,All causes,2022,July,70-79,"Third dose or booster, at least 21 days ago",2189,114759,3496.7,,3315.7,3677.8
Female,All causes,2022,July,70-79,"Fourth dose or booster, less than 21 days ago",65,4151,1714,,1254.2,2267.3
Female,All causes,2022,July,70-79,"Fourth dose or booster, at least 21 days ago",1475,83509,2695.8,,2441.5,2950
Female,All causes,2022,July,80-89,Unvaccinated,231,2667,8560.7,,7455,9666.3
Female,All causes,2022,July,80-89,"First dose, less than 21 days ago",<3,2,x,,x,x
Female,All causes,2022,July,80-89,"First dose, at least 21 days ago",42,341,11792.7,,8479.6,15964.9
Female,All causes,2022,July,80-89,"Second dose, less than 21 days ago",<3,4,x,,x,x
Female,All causes,2022,July,80-89,"Second dose, at least 21 days ago",279,2446,11158.4,,9845.6,12471.1
Female,All causes,2022,July,80-89,"Third dose or booster, less than 21 days ago",5,48,10599.6,u,3348.3,24920.4
Female,All causes,2022,July,80-89,"Third dose or booster, at least 21 days ago",2286,17142,13111.7,,12572.3,13651
Female,All causes,2022,July,80-89,"Fourth dose or booster, less than 21 days ago",120,2441,4713.9,,3867.2,5560.6
Female,All causes,2022,July,80-89,"Fourth dose or booster, at least 21 days ago",4000,83256,4737.4,,4590.5,4884.3
Female,All causes,2022,July,90+,Unvaccinated,173,770,22476.4,,19251.5,26086.7
Female,All causes,2022,July,90+,"First dose, less than 21 days ago",<3,1,x,,x,x
Female,All causes,2022,July,90+,"First dose, at least 21 days ago",31,108,28664.5,,19472.4,40688.5
Female,All causes,2022,July,90+,"Second dose, less than 21 days ago",<3,2,x,,x,x
Female,All causes,2022,July,90+,"Second dose, at least 21 days ago",171,641,26685.8,,22835.5,30999.1
Female,All causes,2022,July,90+,"Third dose or booster, less than 21 days ago",7,22,32136.1,u,12874.5,66216.1
Female,All causes,2022,July,90+,"Third dose or booster, at least 21 days ago",1586,4752,33378.3,,31755.6,35062.4
Female,All causes,2022,July,90+,"Fourth dose or booster, less than 21 days ago",136,776,17532.7,,14709.7,20739.4
Female,All causes,2022,July,90+,"Fourth dose or booster, at least 21 days ago",3572,20448,17468.5,,16900.3,18050.9
Female,All causes,2022,August,18-39,Unvaccinated,27,99987,27.3,,17.9,39.9
Female,All causes,2022,August,18-39,"First dose, less than 21 days ago",<3,147,x,,x,x
Female,All causes,2022,August,18-39,"First dose, at least 21 days ago",11,21794,54.7,u,26.6,99.1
Female,All causes,2022,August,18-39,"Second dose, less than 21 days ago",<3,496,x,,x,x
Female,All causes,2022,August,18-39,"Second dose, at least 21 days ago",49,149214,33.8,,25,44.8
Female,All causes,2022,August,18-39,"Third dose or booster, less than 21 days ago",<3,2035,x,,x,x
Female,All causes,2022,August,18-39,"Third dose or booster, at least 21 days ago",93,335007,26.7,,21.5,32.8
Female,All causes,2022,August,18-39,"Fourth dose or booster, less than 21 days ago",<3,170,x,,x,x
Female,All causes,2022,August,18-39,"Fourth dose or booster, at least 21 days ago",10,2424,383.1,u,155.7,749.7
Female,All causes,2022,August,40-49,Unvaccinated,43,28000,164.7,,118.7,222.4
Female,All causes,2022,August,40-49,"First dose, less than 21 days ago",<3,20,x,,x,x
Female,All causes,2022,August,40-49,"First dose, at least 21 days ago",22,4896,479.3,,297.8,729.3
Female,All causes,2022,August,40-49,"Second dose, less than 21 days ago",<3,61,x,,x,x
Female,All causes,2022,August,40-49,"Second dose, at least 21 days ago",55,45050,124.7,,93.7,162.7
Female,All causes,2022,August,40-49,"Third dose or booster, less than 21 days ago",<3,406,x,,x,x
Female,All causes,2022,August,40-49,"Third dose or booster, at least 21 days ago",162,208941,77.4,,65.5,89.3
Female,All causes,2022,August,40-49,"Fourth dose or booster, less than 21 days ago",<3,210,x,,x,x
Female,All causes,2022,August,40-49,"Fourth dose or booster, at least 21 days ago",30,3329,895.3,,600.2,1283.2
Female,All causes,2022,August,50-59,Unvaccinated,65,18776,345.3,,266.5,440.2
Female,All causes,2022,August,50-59,"First dose, less than 21 days ago",<3,12,x,,x,x
Female,All causes,2022,August,50-59,"First dose, at least 21 days ago",26,3094,848.1,,553.1,1244
Female,All causes,2022,August,50-59,"Second dose, less than 21 days ago",<3,28,x,,x,x
Female,All causes,2022,August,50-59,"Second dose, at least 21 days ago",122,28700,431.6,,354.8,508.5
Female,All causes,2022,August,50-59,"Third dose or booster, less than 21 days ago",<3,220,x,,x,x
Female,All causes,2022,August,50-59,"Third dose or booster, at least 21 days ago",582,258095,223.2,,205,241.4
Female,All causes,2022,August,50-59,"Fourth dose or booster, less than 21 days ago",5,403,1074.7,u,349,2508.1
Female,All causes,2022,August,50-59,"Fourth dose or booster, at least 21 days ago",109,6723,1603.1,,1298.2,1908
Female,All causes,2022,August,60-69,Unvaccinated,101,10930,978.2,,785.8,1170.6
Female,All causes,2022,August,60-69,"First dose, less than 21 days ago",<3,4,x,,x,x
Female,All causes,2022,August,60-69,"First dose, at least 21 days ago",27,1547,1907.4,,1247.7,2787.6
Female,All causes,2022,August,60-69,"Second dose, less than 21 days ago",<3,11,x,,x,x
Female,All causes,2022,August,60-69,"Second dose, at least 21 days ago",158,13584,1220.9,,1026.4,1415.5
Female,All causes,2022,August,60-69,"Third dose or booster, less than 21 days ago",<3,75,x,,x,x
Female,All causes,2022,August,60-69,"Third dose or booster, at least 21 days ago",1196,223437,539.1,,508.6,569.7
Female,All causes,2022,August,60-69,"Fourth dose or booster, less than 21 days ago",<3,532,x,,x,x
Female,All causes,2022,August,60-69,"Fourth dose or booster, at least 21 days ago",277,9308,2928.1,,2581.3,3275
Female,All causes,2022,August,70-79,Unvaccinated,131,5622,2370.6,,1964,2777.3
Female,All causes,2022,August,70-79,"First dose, less than 21 days ago",<3,2,x,,x,x
Female,All causes,2022,August,70-79,"First dose, at least 21 days ago",26,707,3726.8,,2433.3,5462.3
Female,All causes,2022,August,70-79,"Second dose, less than 21 days ago",<3,4,x,,x,x
Female,All causes,2022,August,70-79,"Second dose, at least 21 days ago",209,5424,3950.7,,3412.2,4489.2
Female,All causes,2022,August,70-79,"Third dose or booster, less than 21 days ago",<3,31,x,,x,x
Female,All causes,2022,August,70-79,"Third dose or booster, at least 21 days ago",1858,113847,2911.3,,2746.6,3076
Female,All causes,2022,August,70-79,"Fourth dose or booster, less than 21 days ago",23,1199,2061.1,,1221.8,3208.6
Female,All causes,2022,August,70-79,"Fourth dose or booster, at least 21 days ago",1632,87617,2878.1,,2634.2,3122
Female,All causes,2022,August,80-89,Unvaccinated,194,2662,7217.4,,6200.1,8234.6
Female,All causes,2022,August,80-89,"First dose, less than 21 days ago",<3,1,x,,x,x
Female,All causes,2022,August,80-89,"First dose, at least 21 days ago",45,340,12528.9,,9122.6,16784.8
Female,All causes,2022,August,80-89,"Second dose, less than 21 days ago",<3,2,x,,x,x
Female,All causes,2022,August,80-89,"Second dose, at least 21 days ago",253,2412,10415.5,,9128.9,11702.2
Female,All causes,2022,August,80-89,"Third dose or booster, less than 21 days ago",<3,17,x,,x,x
Female,All causes,2022,August,80-89,"Third dose or booster, at least 21 days ago",1845,15941,11329.1,,10810.3,11848
Female,All causes,2022,August,80-89,"Fourth dose or booster, less than 21 days ago",32,606,5021.9,,3431.6,7093.7
Female,All causes,2022,August,80-89,"Fourth dose or booster, at least 21 days ago",4285,86602,4873.4,,4727.3,5019.4
Female,All causes,2022,August,90+,Unvaccinated,143,766,18658.2,,15725.3,21979.3
Female,All causes,2022,August,90+,"First dose, less than 21 days ago",<3,1,x,,x,x
Female,All causes,2022,August,90+,"First dose, at least 21 days ago",21,108,19515.7,,12075.8,29833.4
Female,All causes,2022,August,90+,"Second dose, less than 21 days ago",<3,1,x,,x,x
Female,All causes,2022,August,90+,"Second dose, at least 21 days ago",143,633,22589.6,,19038.7,26610.4
Female,All causes,2022,August,90+,"Third dose or booster, less than 21 days ago",<3,6,x,,x,x
Female,All causes,2022,August,90+,"Third dose or booster, at least 21 days ago",1281,4386,29203.4,,27625.9,30847.6
Female,All causes,2022,August,90+,"Fourth dose or booster, less than 21 days ago",33,179,18418.2,,12676.1,25867
Female,All causes,2022,August,90+,"Fourth dose or booster, at least 21 days ago",3707,21496,17245.3,,16694.6,17809.6
Female,All causes,2022,September,18-39,Unvaccinated,25,96750,27.2,,17.5,40.3
Female,All causes,2022,September,18-39,"First dose, less than 21 days ago",<3,100,x,,x,x
Female,All causes,2022,September,18-39,"First dose, at least 21 days ago",9,21040,54.8,u,24.7,104.7
Female,All causes,2022,September,18-39,"Second dose, less than 21 days ago",<3,273,x,,x,x
Female,All causes,2022,September,18-39,"Second dose, at least 21 days ago",30,143962,22.9,,15.5,32.8
Female,All causes,2022,September,18-39,"Third dose or booster, less than 21 days ago",<3,744,x,,x,x
Female,All causes,2022,September,18-39,"Third dose or booster, at least 21 days ago",87,323519,25.5,,20.4,31.6
Female,All causes,2022,September,18-39,"Fourth dose or booster, less than 21 days ago",<3,2107,x,,x,x
Female,All causes,2022,September,18-39,"Fourth dose or booster, at least 21 days ago",16,2559,592.2,u,312.6,999.3
Female,All causes,2022,September,40-49,Unvaccinated,35,27204,136,,94.3,189.7
Female,All causes,2022,September,40-49,"First dose, less than 21 days ago",<3,14,x,,x,x
Female,All causes,2022,September,40-49,"First dose, at least 21 days ago",15,4731,323.7,u,178.8,537.3
Female,All causes,2022,September,40-49,"Second dose, less than 21 days ago",<3,33,x,,x,x
Female,All causes,2022,September,40-49,"Second dose, at least 21 days ago",48,43606,114.8,,84.4,152.6
Female,All causes,2022,September,40-49,"Third dose or booster, less than 21 days ago",<3,127,x,,x,x
Female,All causes,2022,September,40-49,"Third dose or booster, at least 21 days ago",146,200334,72.8,,61,84.6
Female,All causes,2022,September,40-49,"Fourth dose or booster, less than 21 days ago",<3,2090,x,,x,x
Female,All causes,2022,September,40-49,"Fourth dose or booster, at least 21 days ago",28,3465,782.1,,516.5,1134.5
Female,All causes,2022,September,50-59,Unvaccinated,86,18207,475.5,,380.3,587.4
Female,All causes,2022,September,50-59,"First dose, less than 21 days ago",<3,7,x,,x,x
Female,All causes,2022,September,50-59,"First dose, at least 21 days ago",29,2992,964.8,,645.2,1382.5
Female,All causes,2022,September,50-59,"Second dose, less than 21 days ago",<3,18,x,,x,x
Female,All causes,2022,September,50-59,"Second dose, at least 21 days ago",120,27762,442,,362.6,521.3
Female,All causes,2022,September,50-59,"Third dose or booster, less than 21 days ago",<3,85,x,,x,x
Female,All causes,2022,September,50-59,"Third dose or booster, at least 21 days ago",549,245547,220.2,,201.8,238.7
Female,All causes,2022,September,50-59,"Fourth dose or booster, less than 21 days ago",6,4148,146.8,u,53,321.1
Female,All causes,2022,September,50-59,"Fourth dose or booster, at least 21 days ago",121,6989,1693.8,,1388.2,1999.5
Female,All causes,2022,September,60-69,Unvaccinated,87,10626,839.3,,670.5,1037.2
Female,All causes,2022,September,60-69,"First dose, less than 21 days ago",<3,4,x,,x,x
Female,All causes,2022,September,60-69,"First dose, at least 21 days ago",22,1500,1527.8,,948.3,2325.7
Female,All causes,2022,September,60-69,"Second dose, less than 21 days ago",<3,8,x,,x,x
Female,All causes,2022,September,60-69,"Second dose, at least 21 days ago",159,13200,1265.2,,1064.3,1466.1
Female,All causes,2022,September,60-69,"Third dose or booster, less than 21 days ago",<3,30,x,,x,x
Female,All causes,2022,September,60-69,"Third dose or booster, at least 21 days ago",1124,207235,549.6,,517.5,581.8
Female,All causes,2022,September,60-69,"Fourth dose or booster, less than 21 days ago",22,9346,233,,134.4,368.9
Female,All causes,2022,September,60-69,"Fourth dose or booster, at least 21 days ago",300,9640,3062,,2713.6,3410.4
Female,All causes,2022,September,70-79,Unvaccinated,172,5460,3181.5,,2705.3,3657.8
Female,All causes,2022,September,70-79,"First dose, less than 21 days ago",<3,2,x,,x,x
Female,All causes,2022,September,70-79,"First dose, at least 21 days ago",34,684,5022,,3476.6,7019.3
Female,All causes,2022,September,70-79,"Second dose, less than 21 days ago",<3,3,x,,x,x
Female,All causes,2022,September,70-79,"Second dose, at least 21 days ago",195,5251,3841.3,,3299.4,4383.1
Female,All causes,2022,September,70-79,"Third dose or booster, less than 21 days ago",<3,10,x,,x,x
Female,All causes,2022,September,70-79,"Third dose or booster, at least 21 days ago",1724,101522,2828.7,,2664.6,2992.7
Female,All causes,2022,September,70-79,"Fourth dose or booster, less than 21 days ago",38,9659,907.4,,600.3,1298.9
Female,All causes,2022,September,70-79,"Fourth dose or booster, at least 21 days ago",1727,85087,3268.4,,3006.3,3530.4
Female,All causes,2022,September,80-89,Unvaccinated,168,2575,6443.9,,5467.9,7419.9
Female,All causes,2022,September,80-89,"First dose, less than 21 days ago",<3,1,x,,x,x
Female,All causes,2022,September,80-89,"First dose, at least 21 days ago",38,327,11228.5,,7931.7,15430.2
Female,All causes,2022,September,80-89,"Second dose, less than 21 days ago",<3,1,x,,x,x
Female,All causes,2022,September,80-89,"Second dose, at least 21 days ago",225,2325,9559.9,,8307.7,10812.1
Female,All causes,2022,September,80-89,"Third dose or booster, less than 21 days ago",<3,3,x,,x,x
Female,All causes,2022,September,80-89,"Third dose or booster, at least 21 days ago",1577,14334,10797.3,,10262.7,11332
Female,All causes,2022,September,80-89,"Fourth dose or booster, less than 21 days ago",59,971,5838.6,,4436.4,7541.4
Female,All causes,2022,September,80-89,"Fourth dose or booster, at least 21 days ago",4335,84841,5035.2,,4885.2,5185.3
Female,All causes,2022,September,90+,Unvaccinated,123,740,16624,,13815.9,19834.9
Female,All causes,2022,September,90+,"First dose, less than 21 days ago",<3,0,x,,x,x
Female,All causes,2022,September,90+,"First dose, at least 21 days ago",20,104,19191.9,,11717.9,29641.9
Female,All causes,2022,September,90+,"Second dose, less than 21 days ago",<3,0,x,,x,x
Female,All causes,2022,September,90+,"Second dose, at least 21 days ago",140,613,22829.3,,19204.1,26939.7
Female,All causes,2022,September,90+,"Third dose or booster, less than 21 days ago",<3,1,x,,x,x
Female,All causes,2022,September,90+,"Third dose or booster, at least 21 days ago",1035,3883,26657.4,,25057.9,28332.3
Female,All causes,2022,September,90+,"Fourth dose or booster, less than 21 days ago",59,316,18691.8,,14228.1,24111.5
Female,All causes,2022,September,90+,"Fourth dose or booster, at least 21 days ago",3598,21118,17037.4,,16485.2,17603.4
Female,All causes,2022,October,18-39,Unvaccinated,25,100031,25.9,,16.7,38.3
Female,All causes,2022,October,18-39,"First dose, less than 21 days ago",<3,86,x,,x,x
Female,All causes,2022,October,18-39,"First dose, at least 21 days ago",11,21777,66.7,u,33,119.8
Female,All causes,2022,October,18-39,"Second dose, less than 21 days ago",<3,212,x,,x,x
Female,All causes,2022,October,18-39,"Second dose, at least 21 days ago",36,149390,25.4,,17.7,35.2
Female,All causes,2022,October,18-39,"Third dose or booster, less than 21 days ago",<3,58,x,,x,x
Female,All causes,2022,October,18-39,"Third dose or booster, at least 21 days ago",84,315409,25,,19.9,31
Female,All causes,2022,October,18-39,"Fourth dose or booster, less than 21 days ago",<3,14778,x,,x,x
Female,All causes,2022,October,18-39,"Fourth dose or booster, at least 21 days ago",18,8538,181.8,u,101.4,296.4
Female,All causes,2022,October,40-49,Unvaccinated,46,28218,166,,121,222.1
Female,All causes,2022,October,40-49,"First dose, less than 21 days ago",<3,13,x,,x,x
Female,All causes,2022,October,40-49,"First dose, at least 21 days ago",14,4892,272.9,u,147.2,460.8
Female,All causes,2022,October,40-49,"Second dose, less than 21 days ago",<3,31,x,,x,x
Female,All causes,2022,October,40-49,"Second dose, at least 21 days ago",66,45266,148.1,,114.2,188.8
Female,All causes,2022,October,40-49,"Third dose or booster, less than 21 days ago",<3,12,x,,x,x
Female,All causes,2022,October,40-49,"Third dose or booster, at least 21 days ago",172,188296,91.5,,77.9,105.2
Female,All causes,2022,October,40-49,"Fourth dose or booster, less than 21 days ago",13,14869,89.5,u,47.3,153.4
Female,All causes,2022,October,40-49,"Fourth dose or booster, at least 21 days ago",49,9517,516.7,,381.1,684.5
Female,All causes,2022,October,50-59,Unvaccinated,87,18859,462.9,,370.7,571
Female,All causes,2022,October,50-59,"First dose, less than 21 days ago",<3,6,x,,x,x
Female,All causes,2022,October,50-59,"First dose, at least 21 days ago",23,3083,745.1,,471.5,1119.1
Female,All causes,2022,October,50-59,"Second dose, less than 21 days ago",<3,18,x,,x,x
Female,All causes,2022,October,50-59,"Second dose, at least 21 days ago",107,28811,382.4,,309.7,455.1
Female,All causes,2022,October,50-59,"Third dose or booster, less than 21 days ago",<3,9,x,,x,x
Female,All causes,2022,October,50-59,"Third dose or booster, at least 21 days ago",554,206277,266.9,,244.6,289.1
Female,All causes,2022,October,50-59,"Fourth dose or booster, less than 21 days ago",22,39577,57.7,,35.9,87.8
Female,All causes,2022,October,50-59,"Fourth dose or booster, at least 21 days ago",144,19240,734.5,,613.1,855.9
Female,All causes,2022,October,60-69,Unvaccinated,111,11025,1048.2,,851.3,1245
Female,All causes,2022,October,60-69,"First dose, less than 21 days ago",<3,4,x,,x,x
Female,All causes,2022,October,60-69,"First dose, at least 21 days ago",38,1556,2615.6,,1839.6,3604.5
Female,All causes,2022,October,60-69,"Second dose, less than 21 days ago",<3,8,x,,x,x
Female,All causes,2022,October,60-69,"Second dose, at least 21 days ago",170,13738,1355.5,,1147.9,1563.1
Female,All causes,2022,October,60-69,"Third dose or booster, less than 21 days ago",<3,5,x,,x,x
Female,All causes,2022,October,60-69,"Third dose or booster, at least 21 days ago",1085,134574,900,,845,955
Female,All causes,2022,October,60-69,"Fourth dose or booster, less than 21 days ago",103,62694,161,,129.2,192.8
Female,All causes,2022,October,60-69,"Fourth dose or booster, at least 21 days ago",442,36834,1229.2,,1106.4,1352
Female,All causes,2022,October,70-79,Unvaccinated,142,5654,2539.7,,2121.3,2958.1
Female,All causes,2022,October,70-79,"First dose, less than 21 days ago",<3,1,x,,x,x
Female,All causes,2022,October,70-79,"First dose, at least 21 days ago",41,705,5888.1,,4223.9,7989.7
Female,All causes,2022,October,70-79,"Second dose, less than 21 days ago",<3,3,x,,x,x
Female,All causes,2022,October,70-79,"Second dose, at least 21 days ago",226,5442,4278.3,,3717.7,4838.9
Female,All causes,2022,October,70-79,"Third dose or booster, less than 21 days ago",<3,2,x,,x,x
Female,All causes,2022,October,70-79,"Third dose or booster, at least 21 days ago",1574,50317,3902.1,,3683.8,4120.4
Female,All causes,2022,October,70-79,"Fourth dose or booster, less than 21 days ago",182,40685,891.4,,715.9,1066.9
Female,All causes,2022,October,70-79,"Fourth dose or booster, at least 21 days ago",2202,111933,1811.9,,1721.7,1902.2
Female,All causes,2022,October,80-89,Unvaccinated,223,2660,8295.9,,7205.3,9386.5
Female,All causes,2022,October,80-89,"First dose, less than 21 days ago",<3,1,x,,x,x
Female,All causes,2022,October,80-89,"First dose, at least 21 days ago",42,336,12438.5,,8951.4,16830
Female,All causes,2022,October,80-89,"Second dose, less than 21 days ago",<3,2,x,,x,x
Female,All causes,2022,October,80-89,"Second dose, at least 21 days ago",233,2399,9591.9,,8357.2,10826.5
Female,All causes,2022,October,80-89,"Third dose or booster, less than 21 days ago",<3,1,x,,x,x
Female,All causes,2022,October,80-89,"Third dose or booster, at least 21 days ago",1432,10652,13198.4,,12513.2,13883.6
Female,All causes,2022,October,80-89,"Fourth dose or booster, less than 21 days ago",185,3036,5856,,5007.3,6704.7
Female,All causes,2022,October,80-89,"Fourth dose or booster, at least 21 days ago",5397,90053,5910.1,,5752.3,6068
Female,All causes,2022,October,90+,Unvaccinated,150,763,19654.7,,16635,23064
Female,All causes,2022,October,90+,"First dose, less than 21 days ago",<3,0,x,,x,x
Female,All causes,2022,October,90+,"First dose, at least 21 days ago",32,107,29897.9,,20446.5,42208.6
Female,All causes,2022,October,90+,"Second dose, less than 21 days ago",<3,1,x,,x,x
Female,All causes,2022,October,90+,"Second dose, at least 21 days ago",180,630,28579.4,,24556.4,33073.4
Female,All causes,2022,October,90+,"Third dose or booster, less than 21 days ago",3,1,466276.3,u,93713.9,1362379.3
Female,All causes,2022,October,90+,"Third dose or booster, at least 21 days ago",834,2781,29984.1,,27983.3,32090.1
Female,All causes,2022,October,90+,"Fourth dose or booster, less than 21 days ago",165,877,18805.2,,16045.1,21903.8
Female,All causes,2022,October,90+,"Fourth dose or booster, at least 21 days ago",4729,22531,20988.5,,20394.5,21595.4
Female,All causes,2022,November,18-39,Unvaccinated,28,96892,30.1,,19.9,43.7
Female,All causes,2022,November,18-39,"First dose, less than 21 days ago",<3,61,x,,x,x
Female,All causes,2022,November,18-39,"First dose, at least 21 days ago",11,21161,64.7,u,31.9,116.5
Female,All causes,2022,November,18-39,"Second dose, less than 21 days ago",<3,150,x,,x,x
Female,All causes,2022,November,18-39,"Second dose, at least 21 days ago",39,145177,28,,19.9,38.3
Female,All causes,2022,November,18-39,"Third dose or booster, less than 21 days ago",<3,12,x,,x,x
Female,All causes,2022,November,18-39,"Third dose or booster, at least 21 days ago",60,287067,20.2,,15.4,26
Female,All causes,2022,November,18-39,"Fourth dose or booster, less than 21 days ago",4,10483,34.7,u,9.1,89.5
Female,All causes,2022,November,18-39,"Fourth dose or booster, at least 21 days ago",36,29163,123.3,,80.1,178.8
Female,All causes,2022,November,40-49,Unvaccinated,28,27420,107.2,,70.8,155.4
Female,All causes,2022,November,40-49,"First dose, less than 21 days ago",<3,9,x,,x,x
Female,All causes,2022,November,40-49,"First dose, at least 21 days ago",19,4739,434.5,u,259.2,681.9
Female,All causes,2022,November,40-49,"Second dose, less than 21 days ago",<3,22,x,,x,x
Female,All causes,2022,November,40-49,"Second dose, at least 21 days ago",65,44030,151,,116.2,192.8
Female,All causes,2022,November,40-49,"Third dose or booster, less than 21 days ago",<3,4,x,,x,x
Female,All causes,2022,November,40-49,"Third dose or booster, at least 21 days ago",145,165782,88.1,,73.7,102.4
Female,All causes,2022,November,40-49,"Fourth dose or booster, less than 21 days ago",6,9813,56.6,u,20.5,123.6
Female,All causes,2022,November,40-49,"Fourth dose or booster, at least 21 days ago",57,30019,186.6,,141,242.1
Female,All causes,2022,November,50-59,Unvaccinated,79,18300,434.8,,344.2,542
Female,All causes,2022,November,50-59,"First dose, less than 21 days ago",<3,6,x,,x,x
Female,All causes,2022,November,50-59,"First dose, at least 21 days ago",32,2982,1103.5,,753.9,1559.1
Female,All causes,2022,November,50-59,"Second dose, less than 21 days ago",<3,13,x,,x,x
Female,All causes,2022,November,50-59,"Second dose, at least 21 days ago",115,28007,415.6,,339.4,491.8
Female,All causes,2022,November,50-59,"Third dose or booster, less than 21 days ago",<3,4,x,,x,x
Female,All causes,2022,November,50-59,"Third dose or booster, at least 21 days ago",388,121126,322.5,,290.4,354.6
Female,All causes,2022,November,50-59,"Fourth dose or booster, less than 21 days ago",40,52337,73.6,,52.5,100.4
Female,All causes,2022,November,50-59,"Fourth dose or booster, at least 21 days ago",240,82862,277.2,,241.7,312.7
Female,All causes,2022,November,60-69,Unvaccinated,124,10719,1195.8,,983.3,1408.4
Female,All causes,2022,November,60-69,"First dose, less than 21 days ago",<3,3,x,,x,x
Female,All causes,2022,November,60-69,"First dose, at least 21 days ago",31,1511,2224.7,,1501.5,3171
Female,All causes,2022,November,60-69,"Second dose, less than 21 days ago",<3,5,x,,x,x
Female,All causes,2022,November,60-69,"Second dose, at least 21 days ago",177,13388,1422.1,,1208.3,1635.9
Female,All causes,2022,November,60-69,"Third dose or booster, less than 21 days ago",<3,3,x,,x,x
Female,All causes,2022,November,60-69,"Third dose or booster, at least 21 days ago",776,64216,1337.4,,1240.2,1434.5
Female,All causes,2022,November,60-69,"Fourth dose or booster, less than 21 days ago",86,39354,250.4,,198.1,311.9
Female,All causes,2022,November,60-69,"Fourth dose or booster, at least 21 days ago",675,123269,527.7,,487.2,568.2
Female,All causes,2022,November,70-79,Unvaccinated,153,5483,2833.5,,2383.8,3283.1
Female,All causes,2022,November,70-79,"First dose, less than 21 days ago",<3,2,x,,x,x
Female,All causes,2022,November,70-79,"First dose, at least 21 days ago",34,682,5112.2,,3538.8,7145.8
Female,All causes,2022,November,70-79,"Second dose, less than 21 days ago",<3,3,x,,x,x
Female,All causes,2022,November,70-79,"Second dose, at least 21 days ago",211,5285,4117.2,,3558.9,4675.6
Female,All causes,2022,November,70-79,"Third dose or booster, less than 21 days ago",<3,1,x,,x,x
Female,All causes,2022,November,70-79,"Third dose or booster, at least 21 days ago",1192,24285,5288.3,,4975.9,5600.8
Female,All causes,2022,November,70-79,"Fourth dose or booster, less than 21 days ago",102,12728,1270.5,,964.7,1576.3
Female,All causes,2022,November,70-79,"Fourth dose or booster, at least 21 days ago",2644,159466,1562.1,,1501.8,1622.5
Female,All causes,2022,November,80-89,Unvaccinated,200,2573,7600.6,,6545.5,8655.7
Female,All causes,2022,November,80-89,"First dose, less than 21 days ago",<3,1,x,,x,x
Female,All causes,2022,November,80-89,"First dose, at least 21 days ago",36,324,10802.8,,7553.9,14971.4
Female,All causes,2022,November,80-89,"Second dose, less than 21 days ago",<3,1,x,,x,x
Female,All causes,2022,November,80-89,"Second dose, at least 21 days ago",218,2322,9187.2,,7964.7,10409.7
Female,All causes,2022,November,80-89,"Third dose or booster, less than 21 days ago",<3,1,x,,x,x
Female,All causes,2022,November,80-89,"Third dose or booster, at least 21 days ago",1081,7552,14114.7,,13272.1,14957.2
Female,All causes,2022,November,80-89,"Fourth dose or booster, less than 21 days ago",78,1571,4836.1,,3817.3,6042.1
Female,All causes,2022,November,80-89,"Fourth dose or booster, at least 21 days ago",5421,91496,5830.7,,5675.3,5986.1
Female,All causes,2022,November,90+,Unvaccinated,143,734,19494.8,,16430.4,22964.8
Female,All causes,2022,November,90+,"First dose, less than 21 days ago",<3,0,x,,x,x
Female,All causes,2022,November,90+,"First dose, at least 21 days ago",24,103,23352.3,,14957.7,34748.1
Female,All causes,2022,November,90+,"Second dose, less than 21 days ago",<3,1,x,,x,x
Female,All causes,2022,November,90+,"Second dose, at least 21 days ago",160,606,26398.3,,22466,30820.6
Female,All causes,2022,November,90+,"Third dose or booster, less than 21 days ago",<3,0,x,,x,x
Female,All causes,2022,November,90+,"Third dose or booster, at least 21 days ago",579,1891,30617.2,,28173.7,33215.8
Female,All causes,2022,November,90+,"Fourth dose or booster, less than 21 days ago",67,461,14532.3,,11261.7,18455.8
Female,All causes,2022,November,90+,"Fourth dose or booster, at least 21 days ago",4788,22994,20823.1,,20237.4,21421.5
Female,All causes,2022,December,18-39,Unvaccinated,28,100237,29.3,,19.4,42.5
Female,All causes,2022,December,18-39,"First dose, less than 21 days ago",<3,45,x,,x,x
Female,All causes,2022,December,18-39,"First dose, at least 21 days ago",10,21972,53.5,u,24.7,99.8
Female,All causes,2022,December,18-39,"Second dose, less than 21 days ago",<3,117,x,,x,x
Female,All causes,2022,December,18-39,"Second dose, at least 21 days ago",43,150570,29.9,,21.5,40.3
Female,All causes,2022,December,18-39,"Third dose or booster, less than 21 days ago",<3,6,x,,x,x
Female,All causes,2022,December,18-39,"Third dose or booster, at least 21 days ago",89,288452,29.2,,23.4,36
Female,All causes,2022,December,18-39,"Fourth dose or booster, less than 21 days ago",3,4164,95.8,u,12.1,298.5
Female,All causes,2022,December,18-39,"Fourth dose or booster, at least 21 days ago",39,43908,87.7,,59.6,123.3
Female,All causes,2022,December,40-49,Unvaccinated,39,28440,141.3,,100,193.8
Female,All causes,2022,December,40-49,"First dose, less than 21 days ago",<3,5,x,,x,x
Female,All causes,2022,December,40-49,"First dose, at least 21 days ago",15,4905,320.3,u,177,531.7
Female,All causes,2022,December,40-49,"Second dose, less than 21 days ago",<3,19,x,,x,x
Female,All causes,2022,December,40-49,"Second dose, at least 21 days ago",56,45708,129.5,,97.6,168.6
Female,All causes,2022,December,40-49,"Third dose or booster, less than 21 days ago",<3,2,x,,x,x
Female,All causes,2022,December,40-49,"Third dose or booster, at least 21 days ago",137,164919,84.1,,70,98.2
Female,All causes,2022,December,40-49,"Fourth dose or booster, less than 21 days ago",7,3588,208.6,u,83.2,430.9
Female,All causes,2022,December,40-49,"Fourth dose or booster, at least 21 days ago",139,43683,312.5,,260.2,364.9
Female,All causes,2022,December,50-59,Unvaccinated,105,18954,559.8,,452.7,667
Female,All causes,2022,December,50-59,"First dose, less than 21 days ago",<3,4,x,,x,x
Female,All causes,2022,December,50-59,"First dose, at least 21 days ago",28,3084,944.9,,627.2,1366.5
Female,All causes,2022,December,50-59,"Second dose, less than 21 days ago",<3,9,x,,x,x
Female,All causes,2022,December,50-59,"Second dose, at least 21 days ago",150,29059,528.2,,443.4,613
Female,All causes,2022,December,50-59,"Third dose or booster, less than 21 days ago",<3,2,x,,x,x
Female,All causes,2022,December,50-59,"Third dose or booster, at least 21 days ago",366,98201,376,,337.4,414.5
Female,All causes,2022,December,50-59,"Fourth dose or booster, less than 21 days ago",18,13733,130.6,u,77.4,206.4
Female,All causes,2022,December,50-59,"Fourth dose or booster, at least 21 days ago",431,152675,274.9,,248.7,301.1
Female,All causes,2022,December,60-69,Unvaccinated,138,11124,1268.8,,1054.9,1482.6
Female,All causes,2022,December,60-69,"First dose, less than 21 days ago",<3,2,x,,x,x
Female,All causes,2022,December,60-69,"First dose, at least 21 days ago",41,1565,2667.9,,1902.1,3634.9
Female,All causes,2022,December,60-69,"Second dose, less than 21 days ago",<3,4,x,,x,x
Female,All causes,2022,December,60-69,"Second dose, at least 21 days ago",252,13921,1914.9,,1673.5,2156.3
Female,All causes,2022,December,60-69,"Third dose or booster, less than 21 days ago",<3,1,x,,x,x
Female,All causes,2022,December,60-69,"Third dose or booster, at least 21 days ago",772,51084,1659.2,,1539.1,1779.4
Female,All causes,2022,December,60-69,"Fourth dose or booster, less than 21 days ago",46,7451,708.5,,509.4,956.7
Female,All causes,2022,December,60-69,"Fourth dose or booster, at least 21 days ago",1271,176209,714.3,,675,753.6
Female,All causes,2022,December,70-79,Unvaccinated,220,5678,3942.3,,3420.6,4464.1
Female,All causes,2022,December,70-79,"First dose, less than 21 days ago",<3,1,x,,x,x
Female,All causes,2022,December,70-79,"First dose, at least 21 days ago",43,703,6218.2,,4498,8378.5
Female,All causes,2022,December,70-79,"Second dose, less than 21 days ago",<3,2,x,,x,x
Female,All causes,2022,December,70-79,"Second dose, at least 21 days ago",275,5483,5174.3,,4559.7,5788.9
Female,All causes,2022,December,70-79,"Third dose or booster, less than 21 days ago",<3,1,x,,x,x
Female,All causes,2022,December,70-79,"Third dose or booster, at least 21 days ago",1138,20300,5953.8,,5600.4,6307.1
Female,All causes,2022,December,70-79,"Fourth dose or booster, less than 21 days ago",50,2313,2907.2,,2044.5,3972.6
Female,All causes,2022,December,70-79,"Fourth dose or booster, at least 21 days ago",3990,180403,2129.2,,2062.8,2195.6
Female,All causes,2022,December,80-89,Unvaccinated,254,2656,9416.3,,8256.5,10576
Female,All causes,2022,December,80-89,"First dose, less than 21 days ago",<3,1,x,,x,x
Female,All causes,2022,December,80-89,"First dose, at least 21 days ago",60,333,18112.2,,13805.3,23333.8
Female,All causes,2022,December,80-89,"Second dose, less than 21 days ago",<3,1,x,,x,x
Female,All causes,2022,December,80-89,"Second dose, at least 21 days ago",375,2392,15440.2,,13874,17006.4
Female,All causes,2022,December,80-89,"Third dose or booster, less than 21 days ago",<3,0,x,,x,x
Female,All causes,2022,December,80-89,"Third dose or booster, at least 21 days ago",1062,6915,15208.3,,14292.9,16123.7
Female,All causes,2022,December,80-89,"Fourth dose or booster, less than 21 days ago",52,446,11168.2,,8310.6,14683.1
Female,All causes,2022,December,80-89,"Fourth dose or booster, at least 21 days ago",8036,96724,8187.8,,8008.6,8367
Female,All causes,2022,December,90+,Unvaccinated,250,749,33394.9,,29383.1,37801.6
Female,All causes,2022,December,90+,"First dose, less than 21 days ago",<3,1,x,,x,x
Female,All causes,2022,December,90+,"First dose, at least 21 days ago",33,104,31661.6,,21790.7,44466.3
Female,All causes,2022,December,90+,"Second dose, less than 21 days ago",<3,1,x,,x,x
Female,All causes,2022,December,90+,"Second dose, at least 21 days ago",250,621,40256.1,,35419.9,45568.1
Female,All causes,2022,December,90+,"Third dose or booster, less than 21 days ago",<3,0,x,,x,x
Female,All causes,2022,December,90+,"Third dose or booster, at least 21 days ago",684,1650,41453,,38404.2,44679.5
Female,All causes,2022,December,90+,"Fourth dose or booster, less than 21 days ago",38,156,24353,,17231.3,33427.5
Female,All causes,2022,December,90+,"Fourth dose or booster, at least 21 days ago",7163,24303,29473.5,,28794.8,30164.1
Female,All causes,2023,January,18-39,Unvaccinated,22,100365,22.4,,14,34
Female,All causes,2023,January,18-39,"First dose, less than 21 days ago",<3,46,x,,x,x
Female,All causes,2023,January,18-39,"First dose, at least 21 days ago",5,22090,29,u,9.2,68.1
Female,All causes,2023,January,18-39,"Second dose, less than 21 days ago",<3,94,x,,x,x
Female,All causes,2023,January,18-39,"Second dose, at least 21 days ago",31,151030,20.8,,14.1,29.7
Female,All causes,2023,January,18-39,"Third dose or booster, less than 21 days ago",<3,4,x,,x,x
Female,All causes,2023,January,18-39,"Third dose or booster, at least 21 days ago",69,285337,23.4,,18.1,29.6
Female,All causes,2023,January,18-39,"Fourth dose or booster, less than 21 days ago",<3,1287,x,,x,x
Female,All causes,2023,January,18-39,"Fourth dose or booster, at least 21 days ago",45,48782,82.8,,58.8,112.7
Female,All causes,2023,January,40-49,Unvaccinated,40,28555,146.2,,103.9,199.7
Female,All causes,2023,January,40-49,"First dose, less than 21 days ago",<3,6,x,,x,x
Female,All causes,2023,January,40-49,"First dose, at least 21 days ago",15,4916,327.5,u,181.1,543.3
Female,All causes,2023,January,40-49,"Second dose, less than 21 days ago",<3,13,x,,x,x
Female,All causes,2023,January,40-49,"Second dose, at least 21 days ago",56,45920,131,,98.7,170.4
Female,All causes,2023,January,40-49,"Third dose or booster, less than 21 days ago",<3,1,x,,x,x
Female,All causes,2023,January,40-49,"Third dose or booster, at least 21 days ago",132,163171,81.5,,67.6,95.5
Female,All causes,2023,January,40-49,"Fourth dose or booster, less than 21 days ago",<3,1027,x,,x,x
Female,All causes,2023,January,40-49,"Fourth dose or booster, at least 21 days ago",100,47705,208,,167,249.1
Female,All causes,2023,January,50-59,Unvaccinated,89,19004,473.5,,380.2,582.7
Female,All causes,2023,January,50-59,"First dose, less than 21 days ago",<3,3,x,,x,x
Female,All causes,2023,January,50-59,"First dose, at least 21 days ago",25,3092,817.5,,528.3,1207.8
Female,All causes,2023,January,50-59,"Second dose, less than 21 days ago",<3,6,x,,x,x
Female,All causes,2023,January,50-59,"Second dose, at least 21 days ago",134,29180,467.8,,388.3,547.2
Female,All causes,2023,January,50-59,"Third dose or booster, less than 21 days ago",<3,1,x,,x,x
Female,All causes,2023,January,50-59,"Third dose or booster, at least 21 days ago",298,93577,322.2,,285.6,358.8
Female,All causes,2023,January,50-59,"Fourth dose or booster, less than 21 days ago",<3,2807,x,,x,x
Female,All causes,2023,January,50-59,"Fourth dose or booster, at least 21 days ago",430,167903,252.5,,228.4,276.5
Female,All causes,2023,January,60-69,Unvaccinated,129,11168,1198.1,,989.3,1406.8
Female,All causes,2023,January,60-69,"First dose, less than 21 days ago",<3,1,x,,x,x
Female,All causes,2023,January,60-69,"First dose, at least 21 days ago",35,1568,2359.4,,1632.4,3295.4
Female,All causes,2023,January,60-69,"Second dose, less than 21 days ago",<3,3,x,,x,x
Female,All causes,2023,January,60-69,"Second dose, at least 21 days ago",169,14023,1287.8,,1089.6,1486
Female,All causes,2023,January,60-69,"Third dose or booster, less than 21 days ago",<3,0,x,,x,x
Female,All causes,2023,January,60-69,"Third dose or booster, at least 21 days ago",559,48974,1258.4,,1151.5,1365.3
Female,All causes,2023,January,60-69,"Fourth dose or booster, less than 21 days ago",7,1267,663.7,u,247.1,1402.5
Female,All causes,2023,January,60-69,"Fourth dose or booster, at least 21 days ago",1210,184819,648.5,,612,685.1
Female,All causes,2023,January,70-79,Unvaccinated,158,5693,2822.9,,2382,3263.7
Female,All causes,2023,January,70-79,"First dose, less than 21 days ago",<3,1,x,,x,x
Female,All causes,2023,January,70-79,"First dose, at least 21 days ago",32,705,4655,,3182.3,6573.9
Female,All causes,2023,January,70-79,"Second dose, less than 21 days ago",<3,1,x,,x,x
Female,All causes,2023,January,70-79,"Second dose, at least 21 days ago",241,5496,4517.7,,3944.5,5090.8
Female,All causes,2023,January,70-79,"Third dose or booster, less than 21 days ago",<3,0,x,,x,x
Female,All causes,2023,January,70-79,"Third dose or booster, at least 21 days ago",823,19667,4391.3,,4085.6,4697
Female,All causes,2023,January,70-79,"Fourth dose or booster, less than 21 days ago",13,367,4153.5,u,1997.5,7427.6
Female,All causes,2023,January,70-79,"Fourth dose or booster, at least 21 days ago",3646,182936,1925.5,,1862.7,1988.3
Female,All causes,2023,January,80-89,Unvaccinated,235,2647,8698.7,,7584.8,9812.6
Female,All causes,2023,January,80-89,"First dose, less than 21 days ago",<3,0,x,,x,x
Female,All causes,2023,January,80-89,"First dose, at least 21 days ago",52,330,15350.5,,11448.7,20149.6
Female,All causes,2023,January,80-89,"Second dose, less than 21 days ago",<3,0,x,,x,x
Female,All causes,2023,January,80-89,"Second dose, at least 21 days ago",310,2378,12801.7,,11373.6,14229.7
Female,All causes,2023,January,80-89,"Third dose or booster, less than 21 days ago",<3,0,x,,x,x
Female,All causes,2023,January,80-89,"Third dose or booster, at least 21 days ago",851,6718,12555.8,,11711.7,13400
Female,All causes,2023,January,80-89,"Fourth dose or booster, less than 21 days ago",14,84,16457.5,u,8957.8,27672.2
Female,All causes,2023,January,80-89,"Fourth dose or booster, at least 21 days ago",7640,97269,7730.3,,7556.8,7903.9
Female,All causes,2023,January,90+,Unvaccinated,199,736,27040.3,,23413.5,31069.8
Female,All causes,2023,January,90+,"First dose, less than 21 days ago",<3,0,x,,x,x
Female,All causes,2023,January,90+,"First dose, at least 21 days ago",39,103,37768.4,,26853.6,51632.4
Female,All causes,2023,January,90+,"Second dose, less than 21 days ago",<3,0,x,,x,x
Female,All causes,2023,January,90+,"Second dose, at least 21 days ago",197,613,32118.4,,27789.4,36930.5
Female,All causes,2023,January,90+,"Third dose or booster, less than 21 days ago",<3,0,x,,x,x
Female,All causes,2023,January,90+,"Third dose or booster, at least 21 days ago",539,1567,34395.4,,31552.5,37425.7
Female,All causes,2023,January,90+,"Fourth dose or booster, less than 21 days ago",5,30,16808.5,u,5416.8,39225.4
Female,All causes,2023,January,90+,"Fourth dose or booster, at least 21 days ago",6758,24297,27814,,27154.8,28485.2
Female,All causes,2023,February,18-39,Unvaccinated,23,90739,27.1,,17.1,40.7
Female,All causes,2023,February,18-39,"First dose, less than 21 days ago",<3,43,x,,x,x
Female,All causes,2023,February,18-39,"First dose, at least 21 days ago",<3,20070,x,,x,x
Female,All causes,2023,February,18-39,"Second dose, less than 21 days ago",<3,81,x,,x,x
Female,All causes,2023,February,18-39,"Second dose, at least 21 days ago",33,136778,25.7,,17.7,36.2
Female,All causes,2023,February,18-39,"Third dose or booster, less than 21 days ago",<3,5,x,,x,x
Female,All causes,2023,February,18-39,"Third dose or booster, at least 21 days ago",44,255647,16,,11.6,21.5
Female,All causes,2023,February,18-39,"Fourth dose or booster, less than 21 days ago",<3,830,x,,x,x
Female,All causes,2023,February,18-39,"Fourth dose or booster, at least 21 days ago",33,45392,68.7,,44.9,99.6
Female,All causes,2023,February,40-49,Unvaccinated,39,25904,161.8,,114.5,221.9
Female,All causes,2023,February,40-49,"First dose, less than 21 days ago",<3,6,x,,x,x
Female,All causes,2023,February,40-49,"First dose, at least 21 days ago",7,4456,166.9,u,65.5,346.7
Female,All causes,2023,February,40-49,"Second dose, less than 21 days ago",<3,10,x,,x,x
Female,All causes,2023,February,40-49,"Second dose, at least 21 days ago",38,41648,96.1,,67.7,132.2
Female,All causes,2023,February,40-49,"Third dose or booster, less than 21 days ago",<3,1,x,,x,x
Female,All causes,2023,February,40-49,"Third dose or booster, at least 21 days ago",100,146245,68.9,,55.4,82.4
Female,All causes,2023,February,40-49,"Fourth dose or booster, less than 21 days ago",<3,821,x,,x,x
Female,All causes,2023,February,40-49,"Fourth dose or booster, at least 21 days ago",86,44066,192.5,,153.7,238
Female,All causes,2023,February,50-59,Unvaccinated,51,17207,300.5,,223.7,395.2
Female,All causes,2023,February,50-59,"First dose, less than 21 days ago",<3,3,x,,x,x
Female,All causes,2023,February,50-59,"First dose, at least 21 days ago",15,2798,548.4,u,306.3,905.4
Female,All causes,2023,February,50-59,"Second dose, less than 21 days ago",<3,6,x,,x,x
Female,All causes,2023,February,50-59,"Second dose, at least 21 days ago",82,26485,318.9,,253.5,396.1
Female,All causes,2023,February,50-59,"Third dose or booster, less than 21 days ago",<3,0,x,,x,x
Female,All causes,2023,February,50-59,"Third dose or booster, at least 21 days ago",247,83150,301.1,,263.6,338.7
Female,All causes,2023,February,50-59,"Fourth dose or booster, less than 21 days ago",<3,1154,x,,x,x
Female,All causes,2023,February,50-59,"Fourth dose or booster, at least 21 days ago",349,154040,221.5,,198.1,244.9
Female,All causes,2023,February,60-69,Unvaccinated,118,10140,1209.3,,989,1429.6
Female,All causes,2023,February,60-69,"First dose, less than 21 days ago",<3,2,x,,x,x
Female,All causes,2023,February,60-69,"First dose, at least 21 days ago",24,1425,1808.1,,1148.7,2703.4
Female,All causes,2023,February,60-69,"Second dose, less than 21 days ago",<3,3,x,,x,x
Female,All causes,2023,February,60-69,"Second dose, at least 21 days ago",158,12766,1335.1,,1122.8,1547.5
Female,All causes,2023,February,60-69,"Third dose or booster, less than 21 days ago",<3,0,x,,x,x
Female,All causes,2023,February,60-69,"Third dose or booster, at least 21 days ago",462,43598,1157.3,,1049.1,1265.4
Female,All causes,2023,February,60-69,"Fourth dose or booster, less than 21 days ago",<3,583,x,,x,x
Female,All causes,2023,February,60-69,"Fourth dose or booster, at least 21 days ago",1025,168489,603.5,,566.6,640.5
Female,All causes,2023,February,70-79,Unvaccinated,142,5161,2779.7,,2321.8,3237.6
Female,All causes,2023,February,70-79,"First dose, less than 21 days ago",<3,1,x,,x,x
Female,All causes,2023,February,70-79,"First dose, at least 21 days ago",37,636,5885.6,,4142,8115.1
Female,All causes,2023,February,70-79,"Second dose, less than 21 days ago",<3,2,x,,x,x
Female,All causes,2023,February,70-79,"Second dose, at least 21 days ago",171,4997,3509.2,,2980.7,4037.8
Female,All causes,2023,February,70-79,"Third dose or booster, less than 21 days ago",<3,0,x,,x,x
Female,All causes,2023,February,70-79,"Third dose or booster, at least 21 days ago",592,17542,3551,,3260.2,3841.8
Female,All causes,2023,February,70-79,"Fourth dose or booster, less than 21 days ago",9,198,5534.1,u,2249.2,10971.2
Female,All causes,2023,February,70-79,"Fourth dose or booster, at least 21 days ago",2933,165672,1713.9,,1651.6,1776.3
Female,All causes,2023,February,80-89,Unvaccinated,188,2390,7785.9,,6671.2,8900.6
Female,All causes,2023,February,80-89,"First dose, less than 21 days ago",<3,0,x,,x,x
Female,All causes,2023,February,80-89,"First dose, at least 21 days ago",40,297,13041.8,,9302.3,17778.2
Female,All causes,2023,February,80-89,"Second dose, less than 21 days ago",<3,1,x,,x,x
Female,All causes,2023,February,80-89,"Second dose, at least 21 days ago",240,2147,11002.4,,9607.3,12397.4
Female,All causes,2023,February,80-89,"Third dose or booster, less than 21 days ago",<3,0,x,,x,x
Female,All causes,2023,February,80-89,"Third dose or booster, at least 21 days ago",648,5995,10725.2,,9898.9,11551.5
Female,All causes,2023,February,80-89,"Fourth dose or booster, less than 21 days ago",5,49,9663.3,u,3061.2,22702
Female,All causes,2023,February,80-89,"Fourth dose or booster, at least 21 days ago",5850,88162,6538.6,,6370.9,6706.3
Female,All causes,2023,February,90+,Unvaccinated,152,663,22909.6,,19412.1,26855.2
Female,All causes,2023,February,90+,"First dose, less than 21 days ago",<3,0,x,,x,x
Female,All causes,2023,February,90+,"First dose, at least 21 days ago",29,93,31227.2,,20908.8,44849.3
Female,All causes,2023,February,90+,"Second dose, less than 21 days ago",<3,0,x,,x,x
Female,All causes,2023,February,90+,"Second dose, at least 21 days ago",148,556,26610.2,,22495.5,31259.5
Female,All causes,2023,February,90+,"Third dose or booster, less than 21 days ago",<3,0,x,,x,x
Female,All causes,2023,February,90+,"Third dose or booster, at least 21 days ago",389,1384,28110.6,,25386.1,31047.8
Female,All causes,2023,February,90+,"Fourth dose or booster, less than 21 days ago",8,18,43605.4,u,18775.6,85925.3
Female,All causes,2023,February,90+,"Fourth dose or booster, at least 21 days ago",4951,21976,22529,,21905.8,23165.5
Female,All causes,2023,March,18-39,Unvaccinated,27,100570,27.5,,18,40.1
Female,All causes,2023,March,18-39,"First dose, less than 21 days ago",<3,38,x,,x,x
Female,All causes,2023,March,18-39,"First dose, at least 21 days ago",6,22366,32,u,11.5,70
Female,All causes,2023,March,18-39,"Second dose, less than 21 days ago",<3,67,x,,x,x
Female,All causes,2023,March,18-39,"Second dose, at least 21 days ago",27,151818,18.8,,12.3,27.4
Female,All causes,2023,March,18-39,"Third dose or booster, less than 21 days ago",<3,1,x,,x,x
Female,All causes,2023,March,18-39,"Third dose or booster, at least 21 days ago",45,282025,14.8,,10.8,19.8
Female,All causes,2023,March,18-39,"Fourth dose or booster, less than 21 days ago",<3,36,x,,x,x
Female,All causes,2023,March,18-39,"Fourth dose or booster, at least 21 days ago",38,51078,62.8,,43.6,87.4
Female,All causes,2023,March,40-49,Unvaccinated,38,28797,139.2,,98,191.6
Female,All causes,2023,March,40-49,"First dose, less than 21 days ago",<3,5,x,,x,x
Female,All causes,2023,March,40-49,"First dose, at least 21 days ago",9,4957,184.1,u,82.4,352.4
Female,All causes,2023,March,40-49,"Second dose, less than 21 days ago",<3,9,x,,x,x
Female,All causes,2023,March,40-49,"Second dose, at least 21 days ago",42,46306,94,,67.5,127.4
Female,All causes,2023,March,40-49,"Third dose or booster, less than 21 days ago",<3,0,x,,x,x
Female,All causes,2023,March,40-49,"Third dose or booster, at least 21 days ago",103,161696,64.3,,51.9,76.7
Female,All causes,2023,March,40-49,"Fourth dose or booster, less than 21 days ago",<3,36,x,,x,x
Female,All causes,2023,March,40-49,"Fourth dose or booster, at least 21 days ago",100,49567,199.7,,160.3,239.1
Female,All causes,2023,March,50-59,Unvaccinated,70,19092,370.8,,289,468.5
Female,All causes,2023,March,50-59,"First dose, less than 21 days ago",<3,2,x,,x,x
Female,All causes,2023,March,50-59,"First dose, at least 21 days ago",15,3102,493.9,u,275.9,815.3
Female,All causes,2023,March,50-59,"Second dose, less than 21 days ago",<3,4,x,,x,x
Female,All causes,2023,March,50-59,"Second dose, at least 21 days ago",115,29426,399.9,,326.6,473.2
Female,All causes,2023,March,50-59,"Third dose or booster, less than 21 days ago",<3,0,x,,x,x
Female,All causes,2023,March,50-59,"Third dose or booster, at least 21 days ago",248,92450,271,,237.3,304.8
Female,All causes,2023,March,50-59,"Fourth dose or booster, less than 21 days ago",<3,43,x,,x,x
Female,All causes,2023,March,50-59,"Fourth dose or booster, at least 21 days ago",414,171041,236.2,,213.2,259.1
Female,All causes,2023,March,60-69,Unvaccinated,122,11274,1142.2,,937.6,1346.7
Female,All causes,2023,March,60-69,"First dose, less than 21 days ago",<3,1,x,,x,x
Female,All causes,2023,March,60-69,"First dose, at least 21 days ago",36,1584,2391,,1663.5,3324.6
Female,All causes,2023,March,60-69,"Second dose, less than 21 days ago",<3,2,x,,x,x
Female,All causes,2023,March,60-69,"Second dose, at least 21 days ago",175,14233,1297.3,,1101.1,1493.6
Female,All causes,2023,March,60-69,"Third dose or booster, less than 21 days ago",<3,0,x,,x,x
Female,All causes,2023,March,60-69,"Third dose or booster, at least 21 days ago",399,48471,892,,802.3,981.8
Female,All causes,2023,March,60-69,"Fourth dose or booster, less than 21 days ago",<3,22,x,,x,x
Female,All causes,2023,March,60-69,"Fourth dose or booster, at least 21 days ago",1144,187300,606.5,,571.3,641.6
Female,All causes,2023,March,70-79,Unvaccinated,145,5734,2576.2,,2156.3,2996.2
Female,All causes,2023,March,70-79,"First dose, less than 21 days ago",<3,0,x,,x,x
Female,All causes,2023,March,70-79,"First dose, at least 21 days ago",27,705,3848.4,,2534.8,5601
Female,All causes,2023,March,70-79,"Second dose, less than 21 days ago",<3,1,x,,x,x
Female,All causes,2023,March,70-79,"Second dose, at least 21 days ago",213,5557,3939.7,,3408.1,4471.3
Female,All causes,2023,March,70-79,"Third dose or booster, less than 21 days ago",<3,0,x,,x,x
Female,All causes,2023,March,70-79,"Third dose or booster, at least 21 days ago",617,19460,3293.8,,3029.9,3557.8
Female,All causes,2023,March,70-79,"Fourth dose or booster, less than 21 days ago",<3,9,x,,x,x
Female,All causes,2023,March,70-79,"Fourth dose or booster, at least 21 days ago",3343,183699,1767.7,,1707.5,1828
Female,All causes,2023,March,80-89,Unvaccinated,195,2646,7245.5,,6226.9,8264.1
Female,All causes,2023,March,80-89,"First dose, less than 21 days ago",<3,0,x,,x,x
Female,All causes,2023,March,80-89,"First dose, at least 21 days ago",28,327,8393.2,,5567.4,12143.5
Female,All causes,2023,March,80-89,"Second dose, less than 21 days ago",<3,0,x,,x,x
Female,All causes,2023,March,80-89,"Second dose, at least 21 days ago",205,2377,8460.6,,7299.8,9621.5
Female,All causes,2023,March,80-89,"Third dose or booster, less than 21 days ago",<3,0,x,,x,x
Female,All causes,2023,March,80-89,"Third dose or booster, at least 21 days ago",675,6619,10100.6,,9338.2,10863.1
Female,All causes,2023,March,80-89,"Fourth dose or booster, less than 21 days ago",<3,3,x,,x,x
Female,All causes,2023,March,80-89,"Fourth dose or booster, at least 21 days ago",6422,97881,6464.1,,6305.8,6622.3
Female,All causes,2023,March,90+,Unvaccinated,163,730,22330.3,,19033.5,26033.9
Female,All causes,2023,March,90+,"First dose, less than 21 days ago",<3,0,x,,x,x
Female,All causes,2023,March,90+,"First dose, at least 21 days ago",38,103,37020.9,,26194.7,50815.7
Female,All causes,2023,March,90+,"Second dose, less than 21 days ago",<3,0,x,,x,x
Female,All causes,2023,March,90+,"Second dose, at least 21 days ago",141,614,22971.2,,19335.9,27091.2
Female,All causes,2023,March,90+,"Third dose or booster, less than 21 days ago",<3,0,x,,x,x
Female,All causes,2023,March,90+,"Third dose or booster, at least 21 days ago",376,1525,24655.8,,22226.3,27278.5
Female,All causes,2023,March,90+,"Fourth dose or booster, less than 21 days ago",<3,1,x,,x,x
Female,All causes,2023,March,90+,"Fourth dose or booster, at least 21 days ago",5552,24325,22824,,22227.6,23432.5
Female,All causes,2023,April,18-39,Unvaccinated,23,97474,23.5,,14.8,35.4
Female,All causes,2023,April,18-39,"First dose, less than 21 days ago",<3,14,x,,x,x
Female,All causes,2023,April,18-39,"First dose, at least 21 days ago",6,21828,36.1,u,13,79
Female,All causes,2023,April,18-39,"Second dose, less than 21 days ago",<3,28,x,,x,x
Female,All causes,2023,April,18-39,"Second dose, at least 21 days ago",21,147306,14.5,,8.9,22.3
Female,All causes,2023,April,18-39,"Third dose or booster, less than 21 days ago",<3,0,x,,x,x
Female,All causes,2023,April,18-39,"Third dose or booster, at least 21 days ago",30,271983,10.3,,6.9,14.7
Female,All causes,2023,April,18-39,"Fourth dose or booster, less than 21 days ago",<3,0,x,,x,x
Female,All causes,2023,April,18-39,"Fourth dose or booster, at least 21 days ago",39,49172,66,,45.7,91.8
Female,All causes,2023,April,40-49,Unvaccinated,25,27995,90,,57.8,133.4
Female,All causes,2023,April,40-49,"First dose, less than 21 days ago",<3,1,x,,x,x
Female,All causes,2023,April,40-49,"First dose, at least 21 days ago",7,4818,154.4,u,60.6,320.8
Female,All causes,2023,April,40-49,"Second dose, less than 21 days ago",<3,4,x,,x,x
Female,All causes,2023,April,40-49,"Second dose, at least 21 days ago",36,44987,84.5,,58.9,117.3
Female,All causes,2023,April,40-49,"Third dose or booster, less than 21 days ago",<3,0,x,,x,x
Female,All causes,2023,April,40-49,"Third dose or booster, at least 21 days ago",95,156453,61.4,,49.6,75
Female,All causes,2023,April,40-49,"Fourth dose or booster, less than 21 days ago",<3,0,x,,x,x
Female,All causes,2023,April,40-49,"Fourth dose or booster, at least 21 days ago",91,47652,192.5,,154.8,236.6
Female,All causes,2023,April,50-59,Unvaccinated,44,18511,240.4,,174.6,322.8
Female,All causes,2023,April,50-59,"First dose, less than 21 days ago",<3,0,x,,x,x
Female,All causes,2023,April,50-59,"First dose, at least 21 days ago",19,3013,647.2,u,389.1,1011.4
Female,All causes,2023,April,50-59,"Second dose, less than 21 days ago",<3,1,x,,x,x
Female,All causes,2023,April,50-59,"Second dose, at least 21 days ago",81,28604,288.5,,228.9,358.9
Female,All causes,2023,April,50-59,"Third dose or booster, less than 21 days ago",<3,0,x,,x,x
Female,All causes,2023,April,50-59,"Third dose or booster, at least 21 days ago",222,90165,250.8,,217.8,283.8
Female,All causes,2023,April,50-59,"Fourth dose or booster, less than 21 days ago",<3,0,x,,x,x
Female,All causes,2023,April,50-59,"Fourth dose or booster, at least 21 days ago",400,164460,234.8,,211.6,258
Female,All causes,2023,April,60-69,Unvaccinated,105,10981,980.6,,791.2,1170.1
Female,All causes,2023,April,60-69,"First dose, less than 21 days ago",<3,1,x,,x,x
Female,All causes,2023,April,60-69,"First dose, at least 21 days ago",27,1543,1856.2,,1213.9,2713.1
Female,All causes,2023,April,60-69,"Second dose, less than 21 days ago",<3,1,x,,x,x
Female,All causes,2023,April,60-69,"Second dose, at least 21 days ago",138,13892,1056.6,,876.6,1236.6
Female,All causes,2023,April,60-69,"Third dose or booster, less than 21 days ago",<3,0,x,,x,x
Female,All causes,2023,April,60-69,"Third dose or booster, at least 21 days ago",384,47304,869.8,,780.6,959
Female,All causes,2023,April,60-69,"Fourth dose or booster, less than 21 days ago",<3,0,x,,x,x
Female,All causes,2023,April,60-69,"Fourth dose or booster, at least 21 days ago",1010,181317,553.3,,519.2,587.5
Female,All causes,2023,April,70-79,Unvaccinated,133,5572,2421.1,,2009,2833.2
Female,All causes,2023,April,70-79,"First dose, less than 21 days ago",<3,0,x,,x,x
Female,All causes,2023,April,70-79,"First dose, at least 21 days ago",31,685,4579.5,,3109.9,6502.3
Female,All causes,2023,April,70-79,"Second dose, less than 21 days ago",<3,0,x,,x,x
Female,All causes,2023,April,70-79,"Second dose, at least 21 days ago",209,5401,3963.1,,3423.3,4503
Female,All causes,2023,April,70-79,"Third dose or booster, less than 21 days ago",<3,0,x,,x,x
Female,All causes,2023,April,70-79,"Third dose or booster, at least 21 days ago",624,18939,3529.4,,3248.7,3810.1
Female,All causes,2023,April,70-79,"Fourth dose or booster, less than 21 days ago",<3,0,x,,x,x
Female,All causes,2023,April,70-79,"Fourth dose or booster, at least 21 days ago",2967,177850,1615.7,,1557.3,1674.2
Female,All causes,2023,April,80-89,Unvaccinated,180,2562,6951.8,,5934.5,7969
Female,All causes,2023,April,80-89,"First dose, less than 21 days ago",<3,0,x,,x,x
Female,All causes,2023,April,80-89,"First dose, at least 21 days ago",29,316,8913,,5959.4,12773.4
Female,All causes,2023,April,80-89,"Second dose, less than 21 days ago",<3,0,x,,x,x
Female,All causes,2023,April,80-89,"Second dose, at least 21 days ago",204,2301,8718.8,,7519.7,9917.9
Female,All causes,2023,April,80-89,"Third dose or booster, less than 21 days ago",<3,0,x,,x,x
Female,All causes,2023,April,80-89,"Third dose or booster, at least 21 days ago",567,6412,8756.3,,8035.1,9477.5
Female,All causes,2023,April,80-89,"Fourth dose or booster, less than 21 days ago",<3,0,x,,x,x
Female,All causes,2023,April,80-89,"Fourth dose or booster, at least 21 days ago",5773,95059,5982.6,,5828.1,6137.1
Female,All causes,2023,April,90+,Unvaccinated,139,704,19731.4,,16587.4,23297.9
Female,All causes,2023,April,90+,"First dose, less than 21 days ago",<3,0,x,,x,x
Female,All causes,2023,April,90+,"First dose, at least 21 days ago",24,98,24543.6,,15720.8,36520.8
Female,All causes,2023,April,90+,"Second dose, less than 21 days ago",<3,0,x,,x,x
Female,All causes,2023,April,90+,"Second dose, at least 21 days ago",127,596,21321.3,,17774.2,25368.5
Female,All causes,2023,April,90+,"Third dose or booster, less than 21 days ago",<3,0,x,,x,x
Female,All causes,2023,April,90+,"Third dose or booster, at least 21 days ago",380,1474,25776.3,,23249.4,28502.9
Female,All causes,2023,April,90+,"Fourth dose or booster, less than 21 days ago",<3,0,x,,x,x
Female,All causes,2023,April,90+,"Fourth dose or booster, at least 21 days ago",4762,23578,20196.7,,19627.1,20778.7
Female,All causes,2023,May,18-39,Unvaccinated,20,100894,21,,12.8,32.4
Female,All causes,2023,May,18-39,"First dose, less than 21 days ago",<3,0,x,,x,x
Female,All causes,2023,May,18-39,"First dose, at least 21 days ago",5,22748,28.7,u,9.1,67.2
Female,All causes,2023,May,18-39,"Second dose, less than 21 days ago",<3,2,x,,x,x
Female,All causes,2023,May,18-39,"Second dose, at least 21 days ago",19,152547,13.4,u,8.1,21
Female,All causes,2023,May,18-39,"Third dose or booster, less than 21 days ago",<3,0,x,,x,x
Female,All causes,2023,May,18-39,"Third dose or booster, at least 21 days ago",39,280126,12.9,,9.2,17.7
Female,All causes,2023,May,18-39,"Fourth dose or booster, less than 21 days ago",<3,0,x,,x,x
Female,All causes,2023,May,18-39,"Fourth dose or booster, at least 21 days ago",40,50514,80,,54.6,112.1
Female,All causes,2023,May,40-49,Unvaccinated,22,29070,80.2,,49.9,121.9
Female,All causes,2023,May,40-49,"First dose, less than 21 days ago",<3,0,x,,x,x
Female,All causes,2023,May,40-49,"First dose, at least 21 days ago",8,5009,180.7,u,76.9,357.9
Female,All causes,2023,May,40-49,"Second dose, less than 21 days ago",<3,0,x,,x,x
Female,All causes,2023,May,40-49,"Second dose, at least 21 days ago",33,46674,73.3,,50.2,103.2
Female,All causes,2023,May,40-49,"Third dose or booster, less than 21 days ago",<3,0,x,,x,x
Female,All causes,2023,May,40-49,"Third dose or booster, at least 21 days ago",83,161691,51.6,,41.1,64
Female,All causes,2023,May,40-49,"Fourth dose or booster, less than 21 days ago",<3,0,x,,x,x
Female,All causes,2023,May,40-49,"Fourth dose or booster, at least 21 days ago",81,48982,160.5,,127.3,199.7
Female,All causes,2023,May,50-59,Unvaccinated,47,19158,249,,182.9,331.2
Female,All causes,2023,May,50-59,"First dose, less than 21 days ago",<3,0,x,,x,x
Female,All causes,2023,May,50-59,"First dose, at least 21 days ago",6,3120,193.8,u,70.8,422.3
Female,All causes,2023,May,50-59,"Second dose, less than 21 days ago",<3,0,x,,x,x
Female,All causes,2023,May,50-59,"Second dose, at least 21 days ago",98,29674,335.7,,272.3,409.3
Female,All causes,2023,May,50-59,"Third dose or booster, less than 21 days ago",<3,0,x,,x,x
Female,All causes,2023,May,50-59,"Third dose or booster, at least 21 days ago",214,93837,231.9,,200.8,263
Female,All causes,2023,May,50-59,"Fourth dose or booster, less than 21 days ago",<3,0,x,,x,x
Female,All causes,2023,May,50-59,"Fourth dose or booster, at least 21 days ago",333,168822,193.2,,172.2,214.1
Female,All causes,2023,May,60-69,Unvaccinated,79,11415,699.3,,552.2,873.4
Female,All causes,2023,May,60-69,"First dose, less than 21 days ago",<3,0,x,,x,x
Female,All causes,2023,May,60-69,"First dose, at least 21 days ago",25,1604,1817.1,,1171.6,2688.3
Female,All causes,2023,May,60-69,"Second dose, less than 21 days ago",<3,0,x,,x,x
Female,All causes,2023,May,60-69,"Second dose, at least 21 days ago",149,14456,1094,,914.7,1273.3
Female,All causes,2023,May,60-69,"Third dose or booster, less than 21 days ago",<3,0,x,,x,x
Female,All causes,2023,May,60-69,"Third dose or booster, at least 21 days ago",389,49242,857,,769.8,944.3
Female,All causes,2023,May,60-69,"Fourth dose or booster, less than 21 days ago",<3,0,x,,x,x
Female,All causes,2023,May,60-69,"Fourth dose or booster, at least 21 days ago",968,187351,513.1,,480.8,545.5
Female,All causes,2023,May,70-79,Unvaccinated,142,5782,2482.9,,2073.9,2891.9
Female,All causes,2023,May,70-79,"First dose, less than 21 days ago",<3,0,x,,x,x
Female,All causes,2023,May,70-79,"First dose, at least 21 days ago",33,710,4735.4,,3258,6652.4
Female,All causes,2023,May,70-79,"Second dose, less than 21 days ago",<3,0,x,,x,x
Female,All causes,2023,May,70-79,"Second dose, at least 21 days ago",165,5605,3010.8,,2549.3,3472.3
Female,All causes,2023,May,70-79,"Third dose or booster, less than 21 days ago",<3,0,x,,x,x
Female,All causes,2023,May,70-79,"Third dose or booster, at least 21 days ago",509,19679,2680.8,,2444.7,2916.9
Female,All causes,2023,May,70-79,"Fourth dose or booster, less than 21 days ago",<3,0,x,,x,x
Female,All causes,2023,May,70-79,"Fourth dose or booster, at least 21 days ago",2895,183815,1521.7,,1465.9,1577.4
Female,All causes,2023,May,80-89,Unvaccinated,156,2648,5852.4,,4932.5,6772.2
Female,All causes,2023,May,80-89,"First dose, less than 21 days ago",<3,0,x,,x,x
Female,All causes,2023,May,80-89,"First dose, at least 21 days ago",32,327,9664.5,,6600.9,13655.9
Female,All causes,2023,May,80-89,"Second dose, less than 21 days ago",<3,0,x,,x,x
Female,All causes,2023,May,80-89,"Second dose, at least 21 days ago",212,2379,8773.6,,7589.8,9957.4
Female,All causes,2023,May,80-89,"Third dose or booster, less than 21 days ago",<3,0,x,,x,x
Female,All causes,2023,May,80-89,"Third dose or booster, at least 21 days ago",524,6632,7844.4,,7172.3,8516.5
Female,All causes,2023,May,80-89,"Fourth dose or booster, less than 21 days ago",<3,0,x,,x,x
Female,All causes,2023,May,80-89,"Fourth dose or booster, at least 21 days ago",5409,98588,5406.8,,5262.6,5551.1
Female,All causes,2023,May,90+,Unvaccinated,134,728,18396.8,,15413.6,21788.6
Female,All causes,2023,May,90+,"First dose, less than 21 days ago",<3,0,x,,x,x
Female,All causes,2023,May,90+,"First dose, at least 21 days ago",14,102,13750,u,7510.9,23071.7
Female,All causes,2023,May,90+,"Second dose, less than 21 days ago",<3,0,x,,x,x
Female,All causes,2023,May,90+,"Second dose, at least 21 days ago",117,615,19027.6,,15736,22804.3
Female,All causes,2023,May,90+,"Third dose or booster, less than 21 days ago",<3,0,x,,x,x
Female,All causes,2023,May,90+,"Third dose or booster, at least 21 days ago",308,1526,20179.7,,17988.6,22564
Female,All causes,2023,May,90+,"Fourth dose or booster, less than 21 days ago",<3,0,x,,x,x
Female,All causes,2023,May,90+,"Fourth dose or booster, at least 21 days ago",4403,24433,18020.8,,17492.4,18561.1
Female,Deaths involving COVID-19,2021,April,18-39,Unvaccinated,6,420201,1.5,u,0.5,3.2
Female,Deaths involving COVID-19,2021,April,18-39,"First dose, less than 21 days ago",<3,22520,x,,x,x
Female,Deaths involving COVID-19,2021,April,18-39,"First dose, at least 21 days ago",<3,102905,x,,x,x
Female,Deaths involving COVID-19,2021,April,18-39,"Second dose, less than 21 days ago",<3,30552,x,,x,x
Female,Deaths involving COVID-19,2021,April,18-39,"Second dose, at least 21 days ago",<3,22303,x,,x,x
Female,Deaths involving COVID-19,2021,April,18-39,"Third dose or booster, less than 21 days ago",<3,0,x,,x,x
Female,Deaths involving COVID-19,2021,April,18-39,"Third dose or booster, at least 21 days ago",<3,0,x,,x,x
Female,Deaths involving COVID-19,2021,April,18-39,"Fourth dose or booster, less than 21 days ago",<3,0,x,,x,x
Female,Deaths involving COVID-19,2021,April,18-39,"Fourth dose or booster, at least 21 days ago",<3,0,x,,x,x
Female,Deaths involving COVID-19,2021,April,40-49,Unvaccinated,5,125685,4.3,u,1.3,10.1
Female,Deaths involving COVID-19,2021,April,40-49,"First dose, less than 21 days ago",<3,36074,x,,x,x
Female,Deaths involving COVID-19,2021,April,40-49,"First dose, at least 21 days ago",<3,83100,x,,x,x
Female,Deaths involving COVID-19,2021,April,40-49,"Second dose, less than 21 days ago",<3,21084,x,,x,x
Female,Deaths involving COVID-19,2021,April,40-49,"Second dose, at least 21 days ago",<3,16205,x,,x,x
Female,Deaths involving COVID-19,2021,April,40-49,"Third dose or booster, less than 21 days ago",<3,0,x,,x,x
Female,Deaths involving COVID-19,2021,April,40-49,"Third dose or booster, at least 21 days ago",<3,0,x,,x,x
Female,Deaths involving COVID-19,2021,April,40-49,"Fourth dose or booster, less than 21 days ago",<3,0,x,,x,x
Female,Deaths involving COVID-19,2021,April,40-49,"Fourth dose or booster, at least 21 days ago",<3,0,x,,x,x
Female,Deaths involving COVID-19,2021,April,50-59,Unvaccinated,16,28314,58.3,u,33.2,94.8
Female,Deaths involving COVID-19,2021,April,50-59,"First dose, less than 21 days ago",<3,43724,x,,x,x
Female,Deaths involving COVID-19,2021,April,50-59,"First dose, at least 21 days ago",4,183365,2.2,u,0.6,5.6
Female,Deaths involving COVID-19,2021,April,50-59,"Second dose, less than 21 days ago",<3,28970,x,,x,x
Female,Deaths involving COVID-19,2021,April,50-59,"Second dose, at least 21 days ago",<3,21083,x,,x,x
Female,Deaths involving COVID-19,2021,April,50-59,"Third dose or booster, less than 21 days ago",<3,0,x,,x,x
Female,Deaths involving COVID-19,2021,April,50-59,"Third dose or booster, at least 21 days ago",<3,0,x,,x,x
Female,Deaths involving COVID-19,2021,April,50-59,"Fourth dose or booster, less than 21 days ago",<3,0,x,,x,x
Female,Deaths involving COVID-19,2021,April,50-59,"Fourth dose or booster, at least 21 days ago",<3,0,x,,x,x
Female,Deaths involving COVID-19,2021,April,60-69,Unvaccinated,38,13705,282,,198.5,388.6
Female,Deaths involving COVID-19,2021,April,60-69,"First dose, less than 21 days ago",<3,6528,x,,x,x
Female,Deaths involving COVID-19,2021,April,60-69,"First dose, at least 21 days ago",15,181286,8.3,u,4.7,13.7
Female,Deaths involving COVID-19,2021,April,60-69,"Second dose, less than 21 days ago",<3,30043,x,,x,x
Female,Deaths involving COVID-19,2021,April,60-69,"Second dose, at least 21 days ago",<3,12024,x,,x,x
Female,Deaths involving COVID-19,2021,April,60-69,"Third dose or booster, less than 21 days ago",<3,0,x,,x,x
Female,Deaths involving COVID-19,2021,April,60-69,"Third dose or booster, at least 21 days ago",<3,0,x,,x,x
Female,Deaths involving COVID-19,2021,April,60-69,"Fourth dose or booster, less than 21 days ago",<3,0,x,,x,x
Female,Deaths involving COVID-19,2021,April,60-69,"Fourth dose or booster, at least 21 days ago",<3,0,x,,x,x
Female,Deaths involving COVID-19,2021,April,70-79,Unvaccinated,18,6538,285.8,u,168.9,452.2
Female,Deaths involving COVID-19,2021,April,70-79,"First dose, less than 21 days ago",<3,629,x,,x,x
Female,Deaths involving COVID-19,2021,April,70-79,"First dose, at least 21 days ago",40,98888,46.9,,33.1,64.4
Female,Deaths involving COVID-19,2021,April,70-79,"Second dose, less than 21 days ago",3,79484,3.3,u,0.7,9.5
Female,Deaths involving COVID-19,2021,April,70-79,"Second dose, at least 21 days ago",<3,17243,x,,x,x
Female,Deaths involving COVID-19,2021,April,70-79,"Third dose or booster, less than 21 days ago",<3,0,x,,x,x
Female,Deaths involving COVID-19,2021,April,70-79,"Third dose or booster, at least 21 days ago",<3,0,x,,x,x
Female,Deaths involving COVID-19,2021,April,70-79,"Fourth dose or booster, less than 21 days ago",<3,0,x,,x,x
Female,Deaths involving COVID-19,2021,April,70-79,"Fourth dose or booster, at least 21 days ago",<3,0,x,,x,x
Female,Deaths involving COVID-19,2021,April,80-89,Unvaccinated,22,3314,663.5,,415.3,1005.1
Female,Deaths involving COVID-19,2021,April,80-89,"First dose, less than 21 days ago",4,293,1195.7,u,325.8,3061.5
Female,Deaths involving COVID-19,2021,April,80-89,"First dose, at least 21 days ago",83,17793,460.7,,366.8,571.4
Female,Deaths involving COVID-19,2021,April,80-89,"Second dose, less than 21 days ago",9,40712,22.1,u,10.1,42
Female,Deaths involving COVID-19,2021,April,80-89,"Second dose, at least 21 days ago",8,40654,19.3,u,8.3,38
Female,Deaths involving COVID-19,2021,April,80-89,"Third dose or booster, less than 21 days ago",<3,0,x,,x,x
Female,Deaths involving COVID-19,2021,April,80-89,"Third dose or booster, at least 21 days ago",<3,0,x,,x,x
Female,Deaths involving COVID-19,2021,April,80-89,"Fourth dose or booster, less than 21 days ago",<3,0,x,,x,x
Female,Deaths involving COVID-19,2021,April,80-89,"Fourth dose or booster, at least 21 days ago",<3,0,x,,x,x
Female,Deaths involving COVID-19,2021,April,90+,Unvaccinated,9,1013,888.5,u,405.4,1686.7
Female,Deaths involving COVID-19,2021,April,90+,"First dose, less than 21 days ago",<3,101,x,,x,x
Female,Deaths involving COVID-19,2021,April,90+,"First dose, at least 21 days ago",34,5352,635.2,,439.8,887.7
Female,Deaths involving COVID-19,2021,April,90+,"Second dose, less than 21 days ago",4,9730,41.1,u,11.1,105.2
Female,Deaths involving COVID-19,2021,April,90+,"Second dose, at least 21 days ago",14,9521,147,u,80.3,246.7
Female,Deaths involving COVID-19,2021,April,90+,"Third dose or booster, less than 21 days ago",<3,0,x,,x,x
Female,Deaths involving COVID-19,2021,April,90+,"Third dose or booster, at least 21 days ago",<3,0,x,,x,x
Female,Deaths involving COVID-19,2021,April,90+,"Fourth dose or booster, less than 21 days ago",<3,0,x,,x,x
Female,Deaths involving COVID-19,2021,April,90+,"Fourth dose or booster, at least 21 days ago",<3,0,x,,x,x
Female,Deaths involving COVID-19,2021,May,18-39,Unvaccinated,3,393825,0.8,u,0.2,2.3
Female,Deaths involving COVID-19,2021,May,18-39,"First dose, less than 21 days ago",<3,36363,x,,x,x
Female,Deaths involving COVID-19,2021,May,18-39,"First dose, at least 21 days ago",<3,80580,x,,x,x
Female,Deaths involving COVID-19,2021,May,18-39,"Second dose, less than 21 days ago",<3,38482,x,,x,x
Female,Deaths involving COVID-19,2021,May,18-39,"Second dose, at least 21 days ago",<3,68744,x,,x,x
Female,Deaths involving COVID-19,2021,May,18-39,"Third dose or booster, less than 21 days ago",<3,0,x,,x,x
Female,Deaths involving COVID-19,2021,May,18-39,"Third dose or booster, at least 21 days ago",<3,1,x,,x,x
Female,Deaths involving COVID-19,2021,May,18-39,"Fourth dose or booster, less than 21 days ago",<3,0,x,,x,x
Female,Deaths involving COVID-19,2021,May,18-39,"Fourth dose or booster, at least 21 days ago",<3,0,x,,x,x
Female,Deaths involving COVID-19,2021,May,40-49,Unvaccinated,5,60990,10.2,u,3.2,24
Female,Deaths involving COVID-19,2021,May,40-49,"First dose, less than 21 days ago",<3,48553,x,,x,x
Female,Deaths involving COVID-19,2021,May,40-49,"First dose, at least 21 days ago",<3,100964,x,,x,x
Female,Deaths involving COVID-19,2021,May,40-49,"Second dose, less than 21 days ago",<3,31835,x,,x,x
Female,Deaths involving COVID-19,2021,May,40-49,"Second dose, at least 21 days ago",<3,49059,x,,x,x
Female,Deaths involving COVID-19,2021,May,40-49,"Third dose or booster, less than 21 days ago",<3,0,x,,x,x
Female,Deaths involving COVID-19,2021,May,40-49,"Third dose or booster, at least 21 days ago",<3,1,x,,x,x
Female,Deaths involving COVID-19,2021,May,40-49,"Fourth dose or booster, less than 21 days ago",<3,0,x,,x,x
Female,Deaths involving COVID-19,2021,May,40-49,"Fourth dose or booster, at least 21 days ago",<3,0,x,,x,x
Female,Deaths involving COVID-19,2021,May,50-59,Unvaccinated,4,25870,16.2,u,4.4,41.5
Female,Deaths involving COVID-19,2021,May,50-59,"First dose, less than 21 days ago",<3,2349,x,,x,x
Female,Deaths involving COVID-19,2021,May,50-59,"First dose, at least 21 days ago",3,158135,1.9,u,0.4,5.6
Female,Deaths involving COVID-19,2021,May,50-59,"Second dose, less than 21 days ago",<3,61140,x,,x,x
Female,Deaths involving COVID-19,2021,May,50-59,"Second dose, at least 21 days ago",<3,68354,x,,x,x
Female,Deaths involving COVID-19,2021,May,50-59,"Third dose or booster, less than 21 days ago",<3,0,x,,x,x
Female,Deaths involving COVID-19,2021,May,50-59,"Third dose or booster, at least 21 days ago",<3,1,x,,x,x
Female,Deaths involving COVID-19,2021,May,50-59,"Fourth dose or booster, less than 21 days ago",<3,0,x,,x,x
Female,Deaths involving COVID-19,2021,May,50-59,"Fourth dose or booster, at least 21 days ago",<3,0,x,,x,x
Female,Deaths involving COVID-19,2021,May,60-69,Unvaccinated,8,13034,63.4,u,26.9,125.7
Female,Deaths involving COVID-19,2021,May,60-69,"First dose, less than 21 days ago",<3,751,x,,x,x
Female,Deaths involving COVID-19,2021,May,60-69,"First dose, at least 21 days ago",12,73959,25.3,u,12.5,45.1
Female,Deaths involving COVID-19,2021,May,60-69,"Second dose, less than 21 days ago",<3,90554,x,,x,x
Female,Deaths involving COVID-19,2021,May,60-69,"Second dose, at least 21 days ago",<3,73920,x,,x,x
Female,Deaths involving COVID-19,2021,May,60-69,"Third dose or booster, less than 21 days ago",<3,0,x,,x,x
Female,Deaths involving COVID-19,2021,May,60-69,"Third dose or booster, at least 21 days ago",<3,0,x,,x,x
Female,Deaths involving COVID-19,2021,May,60-69,"Fourth dose or booster, less than 21 days ago",<3,0,x,,x,x
Female,Deaths involving COVID-19,2021,May,60-69,"Fourth dose or booster, at least 21 days ago",<3,0,x,,x,x
Female,Deaths involving COVID-19,2021,May,70-79,Unvaccinated,5,6387,75.4,u,24.4,176.3
Female,Deaths involving COVID-19,2021,May,70-79,"First dose, less than 21 days ago",<3,248,x,,x,x
Female,Deaths involving COVID-19,2021,May,70-79,"First dose, at least 21 days ago",8,7110,129.7,u,54.3,258.5
Female,Deaths involving COVID-19,2021,May,70-79,"Second dose, less than 21 days ago",<3,49951,x,,x,x
Female,Deaths involving COVID-19,2021,May,70-79,"Second dose, at least 21 days ago",<3,146430,x,,x,x
Female,Deaths involving COVID-19,2021,May,70-79,"Third dose or booster, less than 21 days ago",<3,0,x,,x,x
Female,Deaths involving COVID-19,2021,May,70-79,"Third dose or booster, at least 21 days ago",<3,0,x,,x,x
Female,Deaths involving COVID-19,2021,May,70-79,"Fourth dose or booster, less than 21 days ago",<3,0,x,,x,x
Female,Deaths involving COVID-19,2021,May,70-79,"Fourth dose or booster, at least 21 days ago",<3,0,x,,x,x
Female,Deaths involving COVID-19,2021,May,80-89,Unvaccinated,6,3221,191.5,u,70.2,416.9
Female,Deaths involving COVID-19,2021,May,80-89,"First dose, less than 21 days ago",<3,113,x,,x,x
Female,Deaths involving COVID-19,2021,May,80-89,"First dose, at least 21 days ago",12,2685,418.7,u,214.2,734.5
Female,Deaths involving COVID-19,2021,May,80-89,"Second dose, less than 21 days ago",5,6266,77.6,u,25,181.3
Female,Deaths involving COVID-19,2021,May,80-89,"Second dose, at least 21 days ago",21,94109,21.9,,13.6,33.5
Female,Deaths involving COVID-19,2021,May,80-89,"Third dose or booster, less than 21 days ago",<3,0,x,,x,x
Female,Deaths involving COVID-19,2021,May,80-89,"Third dose or booster, at least 21 days ago",<3,1,x,,x,x
Female,Deaths involving COVID-19,2021,May,80-89,"Fourth dose or booster, less than 21 days ago",<3,0,x,,x,x
Female,Deaths involving COVID-19,2021,May,80-89,"Fourth dose or booster, at least 21 days ago",<3,0,x,,x,x
Female,Deaths involving COVID-19,2021,May,90+,Unvaccinated,5,980,510.5,u,164.5,1191.2
Female,Deaths involving COVID-19,2021,May,90+,"First dose, less than 21 days ago",<3,35,x,,x,x
Female,Deaths involving COVID-19,2021,May,90+,"First dose, at least 21 days ago",11,983,1118.5,u,557.6,2001.5
Female,Deaths involving COVID-19,2021,May,90+,"Second dose, less than 21 days ago",4,2075,192.8,u,51.9,493.6
Female,Deaths involving COVID-19,2021,May,90+,"Second dose, at least 21 days ago",12,22650,53,u,27.3,92.6
Female,Deaths involving COVID-19,2021,May,90+,"Third dose or booster, less than 21 days ago",<3,0,x,,x,x
Female,Deaths involving COVID-19,2021,May,90+,"Third dose or booster, at least 21 days ago",<3,0,x,,x,x
Female,Deaths involving COVID-19,2021,May,90+,"Fourth dose or booster, less than 21 days ago",<3,0,x,,x,x
Female,Deaths involving COVID-19,2021,May,90+,"Fourth dose or booster, at least 21 days ago",<3,0,x,,x,x
Female,Deaths involving COVID-19,2021,June,18-39,Unvaccinated,4,254013,2.2,u,0.5,5.7
Female,Deaths involving COVID-19,2021,June,18-39,"First dose, less than 21 days ago",<3,95025,x,,x,x
Female,Deaths involving COVID-19,2021,June,18-39,"First dose, at least 21 days ago",<3,88560,x,,x,x
Female,Deaths involving COVID-19,2021,June,18-39,"Second dose, less than 21 days ago",<3,37669,x,,x,x
Female,Deaths involving COVID-19,2021,June,18-39,"Second dose, at least 21 days ago",<3,122320,x,,x,x
Female,Deaths involving COVID-19,2021,June,18-39,"Third dose or booster, less than 21 days ago",<3,3,x,,x,x
Female,Deaths involving COVID-19,2021,June,18-39,"Third dose or booster, at least 21 days ago",<3,1,x,,x,x
Female,Deaths involving COVID-19,2021,June,18-39,"Fourth dose or booster, less than 21 days ago",<3,0,x,,x,x
Female,Deaths involving COVID-19,2021,June,18-39,"Fourth dose or booster, at least 21 days ago",<3,0,x,,x,x
Female,Deaths involving COVID-19,2021,June,40-49,Unvaccinated,6,38286,17,u,6.1,37.1
Female,Deaths involving COVID-19,2021,June,40-49,"First dose, less than 21 days ago",<3,9042,x,,x,x
Female,Deaths involving COVID-19,2021,June,40-49,"First dose, at least 21 days ago",<3,95216,x,,x,x
Female,Deaths involving COVID-19,2021,June,40-49,"Second dose, less than 21 days ago",<3,43776,x,,x,x
Female,Deaths involving COVID-19,2021,June,40-49,"Second dose, at least 21 days ago",<3,95540,x,,x,x
Female,Deaths involving COVID-19,2021,June,40-49,"Third dose or booster, less than 21 days ago",<3,5,x,,x,x
Female,Deaths involving COVID-19,2021,June,40-49,"Third dose or booster, at least 21 days ago",<3,1,x,,x,x
Female,Deaths involving COVID-19,2021,June,40-49,"Fourth dose or booster, less than 21 days ago",<3,0,x,,x,x
Female,Deaths involving COVID-19,2021,June,40-49,"Fourth dose or booster, at least 21 days ago",<3,0,x,,x,x
Female,Deaths involving COVID-19,2021,June,50-59,Unvaccinated,6,22721,26.6,u,9.7,57.9
Female,Deaths involving COVID-19,2021,June,50-59,"First dose, less than 21 days ago",<3,1546,x,,x,x
Female,Deaths involving COVID-19,2021,June,50-59,"First dose, at least 21 days ago",<3,29432,x,,x,x
Female,Deaths involving COVID-19,2021,June,50-59,"Second dose, less than 21 days ago",<3,84822,x,,x,x
Female,Deaths involving COVID-19,2021,June,50-59,"Second dose, at least 21 days ago",4,167411,2.3,u,0.6,5.9
Female,Deaths involving COVID-19,2021,June,50-59,"Third dose or booster, less than 21 days ago",<3,6,x,,x,x
Female,Deaths involving COVID-19,2021,June,50-59,"Third dose or booster, at least 21 days ago",<3,2,x,,x,x
Female,Deaths involving COVID-19,2021,June,50-59,"Fourth dose or booster, less than 21 days ago",<3,0,x,,x,x
Female,Deaths involving COVID-19,2021,June,50-59,"Fourth dose or booster, at least 21 days ago",<3,0,x,,x,x
Female,Deaths involving COVID-19,2021,June,60-69,Unvaccinated,10,11812,84.6,u,40,156.5
Female,Deaths involving COVID-19,2021,June,60-69,"First dose, less than 21 days ago",<3,541,x,,x,x
Female,Deaths involving COVID-19,2021,June,60-69,"First dose, at least 21 days ago",<3,7541,x,,x,x
Female,Deaths involving COVID-19,2021,June,60-69,"Second dose, less than 21 days ago",<3,32890,x,,x,x
Female,Deaths involving COVID-19,2021,June,60-69,"Second dose, at least 21 days ago",<3,191707,x,,x,x
Female,Deaths involving COVID-19,2021,June,60-69,"Third dose or booster, less than 21 days ago",<3,4,x,,x,x
Female,Deaths involving COVID-19,2021,June,60-69,"Third dose or booster, at least 21 days ago",<3,1,x,,x,x
Female,Deaths involving COVID-19,2021,June,60-69,"Fourth dose or booster, less than 21 days ago",<3,0,x,,x,x
Female,Deaths involving COVID-19,2021,June,60-69,"Fourth dose or booster, at least 21 days ago",<3,0,x,,x,x
Female,Deaths involving COVID-19,2021,June,70-79,Unvaccinated,10,5920,168.9,u,80.6,311.1
Female,Deaths involving COVID-19,2021,June,70-79,"First dose, less than 21 days ago",<3,179,x,,x,x
Female,Deaths involving COVID-19,2021,June,70-79,"First dose, at least 21 days ago",3,2085,151.1,u,30.7,442.7
Female,Deaths involving COVID-19,2021,June,70-79,"Second dose, less than 21 days ago",<3,2112,x,,x,x
Female,Deaths involving COVID-19,2021,June,70-79,"Second dose, at least 21 days ago",15,193604,7.8,u,4.4,12.9
Female,Deaths involving COVID-19,2021,June,70-79,"Third dose or booster, less than 21 days ago",<3,5,x,,x,x
Female,Deaths involving COVID-19,2021,June,70-79,"Third dose or booster, at least 21 days ago",<3,1,x,,x,x
Female,Deaths involving COVID-19,2021,June,70-79,"Fourth dose or booster, less than 21 days ago",<3,0,x,,x,x
Female,Deaths involving COVID-19,2021,June,70-79,"Fourth dose or booster, at least 21 days ago",<3,0,x,,x,x
Female,Deaths involving COVID-19,2021,June,80-89,Unvaccinated,6,2993,202.2,u,74,440.4
Female,Deaths involving COVID-19,2021,June,80-89,"First dose, less than 21 days ago",<3,78,x,,x,x
Female,Deaths involving COVID-19,2021,June,80-89,"First dose, at least 21 days ago",6,1116,556.8,u,201,1218.1
Female,Deaths involving COVID-19,2021,June,80-89,"Second dose, less than 21 days ago",<3,811,x,,x,x
Female,Deaths involving COVID-19,2021,June,80-89,"Second dose, at least 21 days ago",27,98126,27.2,,17.9,39.5
Female,Deaths involving COVID-19,2021,June,80-89,"Third dose or booster, less than 21 days ago",<3,2,x,,x,x
Female,Deaths involving COVID-19,2021,June,80-89,"Third dose or booster, at least 21 days ago",<3,1,x,,x,x
Female,Deaths involving COVID-19,2021,June,80-89,"Fourth dose or booster, less than 21 days ago",<3,0,x,,x,x
Female,Deaths involving COVID-19,2021,June,80-89,"Fourth dose or booster, at least 21 days ago",<3,0,x,,x,x
Female,Deaths involving COVID-19,2021,June,90+,Unvaccinated,5,911,548.7,u,176.8,1280.5
Female,Deaths involving COVID-19,2021,June,90+,"First dose, less than 21 days ago",<3,20,x,,x,x
Female,Deaths involving COVID-19,2021,June,90+,"First dose, at least 21 days ago",7,418,1673,u,670.3,3447.2
Female,Deaths involving COVID-19,2021,June,90+,"Second dose, less than 21 days ago",<3,277,x,,x,x
Female,Deaths involving COVID-19,2021,June,90+,"Second dose, at least 21 days ago",17,24393,69.7,u,40.6,111.6
Female,Deaths involving COVID-19,2021,June,90+,"Third dose or booster, less than 21 days ago",<3,0,x,,x,x
Female,Deaths involving COVID-19,2021,June,90+,"Third dose or booster, at least 21 days ago",<3,0,x,,x,x
Female,Deaths involving COVID-19,2021,June,90+,"Fourth dose or booster, less than 21 days ago",<3,0,x,,x,x
Female,Deaths involving COVID-19,2021,June,90+,"Fourth dose or booster, at least 21 days ago",<3,0,x,,x,x
Female,Deaths involving COVID-19,2021,July,18-39,Unvaccinated,7,164788,5.1,u,2,10.5
Female,Deaths involving COVID-19,2021,July,18-39,"First dose, less than 21 days ago",<3,55800,x,,x,x
Female,Deaths involving COVID-19,2021,July,18-39,"First dose, at least 21 days ago",<3,173402,x,,x,x
Female,Deaths involving COVID-19,2021,July,18-39,"Second dose, less than 21 days ago",<3,43613,x,,x,x
Female,Deaths involving COVID-19,2021,July,18-39,"Second dose, at least 21 days ago",<3,179471,x,,x,x
Female,Deaths involving COVID-19,2021,July,18-39,"Third dose or booster, less than 21 days ago",<3,3,x,,x,x
Female,Deaths involving COVID-19,2021,July,18-39,"Third dose or booster, at least 21 days ago",<3,6,x,,x,x
Female,Deaths involving COVID-19,2021,July,18-39,"Fourth dose or booster, less than 21 days ago",<3,0,x,,x,x
Female,Deaths involving COVID-19,2021,July,18-39,"Fourth dose or booster, at least 21 days ago",<3,0,x,,x,x
Female,Deaths involving COVID-19,2021,July,40-49,Unvaccinated,16,34933,45.1,u,25.6,73.6
Female,Deaths involving COVID-19,2021,July,40-49,"First dose, less than 21 days ago",<3,2919,x,,x,x
Female,Deaths involving COVID-19,2021,July,40-49,"First dose, at least 21 days ago",4,37464,11.5,u,2.8,30
Female,Deaths involving COVID-19,2021,July,40-49,"Second dose, less than 21 days ago",<3,48589,x,,x,x
Female,Deaths involving COVID-19,2021,July,40-49,"Second dose, at least 21 days ago",9,167307,5.4,u,2.4,10.2
Female,Deaths involving COVID-19,2021,July,40-49,"Third dose or booster, less than 21 days ago",<3,3,x,,x,x
Female,Deaths involving COVID-19,2021,July,40-49,"Third dose or booster, at least 21 days ago",<3,9,x,,x,x
Female,Deaths involving COVID-19,2021,July,40-49,"Fourth dose or booster, less than 21 days ago",<3,0,x,,x,x
Female,Deaths involving COVID-19,2021,July,40-49,"Fourth dose or booster, at least 21 days ago",<3,0,x,,x,x
Female,Deaths involving COVID-19,2021,July,50-59,Unvaccinated,20,21984,89.9,,54.8,138.9
Female,Deaths involving COVID-19,2021,July,50-59,"First dose, less than 21 days ago",<3,1013,x,,x,x
Female,Deaths involving COVID-19,2021,July,50-59,"First dose, at least 21 days ago",5,8089,73,u,23.7,170.3
Female,Deaths involving COVID-19,2021,July,50-59,"Second dose, less than 21 days ago",<3,8609,x,,x,x
Female,Deaths involving COVID-19,2021,July,50-59,"Second dose, at least 21 days ago",19,276570,6.9,u,4.1,10.8
Female,Deaths involving COVID-19,2021,July,50-59,"Third dose or booster, less than 21 days ago",<3,5,x,,x,x
Female,Deaths involving COVID-19,2021,July,50-59,"Third dose or booster, at least 21 days ago",<3,11,x,,x,x
Female,Deaths involving COVID-19,2021,July,50-59,"Fourth dose or booster, less than 21 days ago",<3,0,x,,x,x
Female,Deaths involving COVID-19,2021,July,50-59,"Fourth dose or booster, at least 21 days ago",<3,0,x,,x,x
Female,Deaths involving COVID-19,2021,July,60-69,Unvaccinated,35,11702,306.6,,212.5,427.8
Female,Deaths involving COVID-19,2021,July,60-69,"First dose, less than 21 days ago",<3,360,x,,x,x
Female,Deaths involving COVID-19,2021,July,60-69,"First dose, at least 21 days ago",10,3333,342.8,u,161.6,634.8
Female,Deaths involving COVID-19,2021,July,60-69,"Second dose, less than 21 days ago",<3,2070,x,,x,x
Female,Deaths involving COVID-19,2021,July,60-69,"Second dose, at least 21 days ago",32,235583,13.6,,9.3,19.2
Female,Deaths involving COVID-19,2021,July,60-69,"Third dose or booster, less than 21 days ago",<3,3,x,,x,x
Female,Deaths involving COVID-19,2021,July,60-69,"Third dose or booster, at least 21 days ago",<3,7,x,,x,x
Female,Deaths involving COVID-19,2021,July,60-69,"Fourth dose or booster, less than 21 days ago",<3,0,x,,x,x
Female,Deaths involving COVID-19,2021,July,60-69,"Fourth dose or booster, at least 21 days ago",<3,0,x,,x,x
Female,Deaths involving COVID-19,2021,July,70-79,Unvaccinated,37,5949,631.1,,443.7,870.7
Female,Deaths involving COVID-19,2021,July,70-79,"First dose, less than 21 days ago",<3,121,x,,x,x
Female,Deaths involving COVID-19,2021,July,70-79,"First dose, at least 21 days ago",7,1454,494.2,u,197.8,1019.7
Female,Deaths involving COVID-19,2021,July,70-79,"Second dose, less than 21 days ago",<3,518,x,,x,x
Female,Deaths involving COVID-19,2021,July,70-79,"Second dose, at least 21 days ago",60,203158,29.6,,22.6,38.1
Female,Deaths involving COVID-19,2021,July,70-79,"Third dose or booster, less than 21 days ago",<3,7,x,,x,x
Female,Deaths involving COVID-19,2021,July,70-79,"Third dose or booster, at least 21 days ago",<3,11,x,,x,x
Female,Deaths involving COVID-19,2021,July,70-79,"Fourth dose or booster, less than 21 days ago",<3,0,x,,x,x
Female,Deaths involving COVID-19,2021,July,70-79,"Fourth dose or booster, at least 21 days ago",<3,0,x,,x,x
Female,Deaths involving COVID-19,2021,July,80-89,Unvaccinated,32,3000,1062.5,,726.1,1500.7
Female,Deaths involving COVID-19,2021,July,80-89,"First dose, less than 21 days ago",<3,52,x,,x,x
Female,Deaths involving COVID-19,2021,July,80-89,"First dose, at least 21 days ago",13,791,1637.2,u,863.3,2812.4
Female,Deaths involving COVID-19,2021,July,80-89,"Second dose, less than 21 days ago",<3,249,x,,x,x
Female,Deaths involving COVID-19,2021,July,80-89,"Second dose, at least 21 days ago",123,102555,118.8,,97.8,139.9
Female,Deaths involving COVID-19,2021,July,80-89,"Third dose or booster, less than 21 days ago",<3,1,x,,x,x
Female,Deaths involving COVID-19,2021,July,80-89,"Third dose or booster, at least 21 days ago",<3,5,x,,x,x
Female,Deaths involving COVID-19,2021,July,80-89,"Fourth dose or booster, less than 21 days ago",<3,0,x,,x,x
Female,Deaths involving COVID-19,2021,July,80-89,"Fourth dose or booster, at least 21 days ago",<3,0,x,,x,x
Female,Deaths involving COVID-19,2021,July,90+,Unvaccinated,17,916,1855.4,u,1080.2,2970.9
Female,Deaths involving COVID-19,2021,July,90+,"First dose, less than 21 days ago",<3,13,x,,x,x
Female,Deaths involving COVID-19,2021,July,90+,"First dose, at least 21 days ago",4,295,1353.7,u,364.2,3465.9
Female,Deaths involving COVID-19,2021,July,90+,"Second dose, less than 21 days ago",<3,82,x,,x,x
Female,Deaths involving COVID-19,2021,July,90+,"Second dose, at least 21 days ago",82,25700,319.1,,253.8,396.1
Female,Deaths involving COVID-19,2021,July,90+,"Third dose or booster, less than 21 days ago",<3,0,x,,x,x
Female,Deaths involving COVID-19,2021,July,90+,"Third dose or booster, at least 21 days ago",<3,1,x,,x,x
Female,Deaths involving COVID-19,2021,July,90+,"Fourth dose or booster, less than 21 days ago",<3,0,x,,x,x
Female,Deaths involving COVID-19,2021,July,90+,"Fourth dose or booster, at least 21 days ago",<3,0,x,,x,x
Female,Deaths involving COVID-19,2021,August,18-39,Unvaccinated,14,143124,12,u,6.5,20.2
Female,Deaths involving COVID-19,2021,August,18-39,"First dose, less than 21 days ago",<3,12491,x,,x,x
Female,Deaths involving COVID-19,2021,August,18-39,"First dose, at least 21 days ago",3,126636,4,u,0.8,11.8
Female,Deaths involving COVID-19,2021,August,18-39,"Second dose, less than 21 days ago",<3,81269,x,,x,x
Female,Deaths involving COVID-19,2021,August,18-39,"Second dose, at least 21 days ago",5,253221,1.8,u,0.6,4.3
Female,Deaths involving COVID-19,2021,August,18-39,"Third dose or booster, less than 21 days ago",<3,2,x,,x,x
Female,Deaths involving COVID-19,2021,August,18-39,"Third dose or booster, at least 21 days ago",<3,9,x,,x,x
Female,Deaths involving COVID-19,2021,August,18-39,"Fourth dose or booster, less than 21 days ago",<3,0,x,,x,x
Female,Deaths involving COVID-19,2021,August,18-39,"Fourth dose or booster, at least 21 days ago",<3,0,x,,x,x
Female,Deaths involving COVID-19,2021,August,40-49,Unvaccinated,17,32820,54.4,u,31.4,87.4
Female,Deaths involving COVID-19,2021,August,40-49,"First dose, less than 21 days ago",<3,1392,x,,x,x
Female,Deaths involving COVID-19,2021,August,40-49,"First dose, at least 21 days ago",<3,13513,x,,x,x
Female,Deaths involving COVID-19,2021,August,40-49,"Second dose, less than 21 days ago",<3,13828,x,,x,x
Female,Deaths involving COVID-19,2021,August,40-49,"Second dose, at least 21 days ago",17,229655,7.3,u,4.2,11.7
Female,Deaths involving COVID-19,2021,August,40-49,"Third dose or booster, less than 21 days ago",<3,2,x,,x,x
Female,Deaths involving COVID-19,2021,August,40-49,"Third dose or booster, at least 21 days ago",<3,14,x,,x,x
Female,Deaths involving COVID-19,2021,August,40-49,"Fourth dose or booster, less than 21 days ago",<3,0,x,,x,x
Female,Deaths involving COVID-19,2021,August,40-49,"Fourth dose or booster, at least 21 days ago",<3,0,x,,x,x
Female,Deaths involving COVID-19,2021,August,50-59,Unvaccinated,54,21132,260.5,,195.6,340.1
Female,Deaths involving COVID-19,2021,August,50-59,"First dose, less than 21 days ago",<3,582,x,,x,x
Female,Deaths involving COVID-19,2021,August,50-59,"First dose, at least 21 days ago",<3,5919,x,,x,x
Female,Deaths involving COVID-19,2021,August,50-59,"Second dose, less than 21 days ago",<3,2151,x,,x,x
Female,Deaths involving COVID-19,2021,August,50-59,"Second dose, at least 21 days ago",37,286628,12.6,,8.9,17.4
Female,Deaths involving COVID-19,2021,August,50-59,"Third dose or booster, less than 21 days ago",<3,3,x,,x,x
Female,Deaths involving COVID-19,2021,August,50-59,"Third dose or booster, at least 21 days ago",<3,18,x,,x,x
Female,Deaths involving COVID-19,2021,August,50-59,"Fourth dose or booster, less than 21 days ago",<3,0,x,,x,x
Female,Deaths involving COVID-19,2021,August,50-59,"Fourth dose or booster, at least 21 days ago",<3,0,x,,x,x
Female,Deaths involving COVID-19,2021,August,60-69,Unvaccinated,59,11405,536.1,,406.7,693.1
Female,Deaths involving COVID-19,2021,August,60-69,"First dose, less than 21 days ago",<3,221,x,,x,x
Female,Deaths involving COVID-19,2021,August,60-69,"First dose, at least 21 days ago",4,2625,175.3,u,46.3,452.1
Female,Deaths involving COVID-19,2021,August,60-69,"Second dose, less than 21 days ago",<3,741,x,,x,x
Female,Deaths involving COVID-19,2021,August,60-69,"Second dose, at least 21 days ago",64,238494,27,,20.8,34.5
Female,Deaths involving COVID-19,2021,August,60-69,"Third dose or booster, less than 21 days ago",<3,3,x,,x,x
Female,Deaths involving COVID-19,2021,August,60-69,"Third dose or booster, at least 21 days ago",<3,11,x,,x,x
Female,Deaths involving COVID-19,2021,August,60-69,"Fourth dose or booster, less than 21 days ago",<3,0,x,,x,x
Female,Deaths involving COVID-19,2021,August,60-69,"Fourth dose or booster, at least 21 days ago",<3,0,x,,x,x
Female,Deaths involving COVID-19,2021,August,70-79,Unvaccinated,51,5842,891.6,,663.1,1173.3
Female,Deaths involving COVID-19,2021,August,70-79,"First dose, less than 21 days ago",<3,72,x,,x,x
Female,Deaths involving COVID-19,2021,August,70-79,"First dose, at least 21 days ago",9,1210,735.4,u,335.1,1398
Female,Deaths involving COVID-19,2021,August,70-79,"Second dose, less than 21 days ago",<3,249,x,,x,x
Female,Deaths involving COVID-19,2021,August,70-79,"Second dose, at least 21 days ago",153,204213,75.3,,63.3,87.2
Female,Deaths involving COVID-19,2021,August,70-79,"Third dose or booster, less than 21 days ago",<3,2,x,,x,x
Female,Deaths involving COVID-19,2021,August,70-79,"Third dose or booster, at least 21 days ago",<3,18,x,,x,x
Female,Deaths involving COVID-19,2021,August,70-79,"Fourth dose or booster, less than 21 days ago",<3,0,x,,x,x
Female,Deaths involving COVID-19,2021,August,70-79,"Fourth dose or booster, at least 21 days ago",<3,0,x,,x,x
Female,Deaths involving COVID-19,2021,August,80-89,Unvaccinated,55,2937,1894.5,,1426.4,2466.8
Female,Deaths involving COVID-19,2021,August,80-89,"First dose, less than 21 days ago",<3,33,x,,x,x
Female,Deaths involving COVID-19,2021,August,80-89,"First dose, at least 21 days ago",9,660,1494.3,u,680.5,2841.2
Female,Deaths involving COVID-19,2021,August,80-89,"Second dose, less than 21 days ago",<3,113,x,,x,x
Female,Deaths involving COVID-19,2021,August,80-89,"Second dose, at least 21 days ago",244,103014,234.5,,205,263.9
Female,Deaths involving COVID-19,2021,August,80-89,"Third dose or booster, less than 21 days ago",<3,0,x,,x,x
Female,Deaths involving COVID-19,2021,August,80-89,"Third dose or booster, at least 21 days ago",<3,6,x,,x,x
Female,Deaths involving COVID-19,2021,August,80-89,"Fourth dose or booster, less than 21 days ago",<3,0,x,,x,x
Female,Deaths involving COVID-19,2021,August,80-89,"Fourth dose or booster, at least 21 days ago",<3,0,x,,x,x
Female,Deaths involving COVID-19,2021,August,90+,Unvaccinated,27,899,3003.5,,1978.9,4370.2
Female,Deaths involving COVID-19,2021,August,90+,"First dose, less than 21 days ago",<3,7,x,,x,x
Female,Deaths involving COVID-19,2021,August,90+,"First dose, at least 21 days ago",5,246,2031.3,u,654.6,4740.3
Female,Deaths involving COVID-19,2021,August,90+,"Second dose, less than 21 days ago",<3,34,x,,x,x
Female,Deaths involving COVID-19,2021,August,90+,"Second dose, at least 21 days ago",155,25909,598.2,,507.8,700.2
Female,Deaths involving COVID-19,2021,August,90+,"Third dose or booster, less than 21 days ago",<3,0,x,,x,x
Female,Deaths involving COVID-19,2021,August,90+,"Third dose or booster, at least 21 days ago",<3,1,x,,x,x
Female,Deaths involving COVID-19,2021,August,90+,"Fourth dose or booster, less than 21 days ago",<3,0,x,,x,x
Female,Deaths involving COVID-19,2021,August,90+,"Fourth dose or booster, at least 21 days ago",<3,0,x,,x,x
Female,Deaths involving COVID-19,2021,September,18-39,Unvaccinated,22,127910,19.2,,11.9,29.2
Female,Deaths involving COVID-19,2021,September,18-39,"First dose, less than 21 days ago",<3,7239,x,,x,x
Female,Deaths involving COVID-19,2021,September,18-39,"First dose, at least 21 days ago",<3,54791,x,,x,x
Female,Deaths involving COVID-19,2021,September,18-39,"Second dose, less than 21 days ago",<3,50422,x,,x,x
Female,Deaths involving COVID-19,2021,September,18-39,"Second dose, at least 21 days ago",12,355512,3.1,u,1.5,5.5
Female,Deaths involving COVID-19,2021,September,18-39,"Third dose or booster, less than 21 days ago",<3,654,x,,x,x
Female,Deaths involving COVID-19,2021,September,18-39,"Third dose or booster, at least 21 days ago",<3,12,x,,x,x
Female,Deaths involving COVID-19,2021,September,18-39,"Fourth dose or booster, less than 21 days ago",<3,0,x,,x,x
Female,Deaths involving COVID-19,2021,September,18-39,"Fourth dose or booster, at least 21 days ago",<3,0,x,,x,x
Female,Deaths involving COVID-19,2021,September,40-49,Unvaccinated,10,30482,35.5,u,16.9,65.6
Female,Deaths involving COVID-19,2021,September,40-49,"First dose, less than 21 days ago",<3,952,x,,x,x
Female,Deaths involving COVID-19,2021,September,40-49,"First dose, at least 21 days ago",<3,9044,x,,x,x
Female,Deaths involving COVID-19,2021,September,40-49,"Second dose, less than 21 days ago",<3,3437,x,,x,x
Female,Deaths involving COVID-19,2021,September,40-49,"Second dose, at least 21 days ago",16,237326,6.7,u,3.9,11
Female,Deaths involving COVID-19,2021,September,40-49,"Third dose or booster, less than 21 days ago",<3,676,x,,x,x
Female,Deaths involving COVID-19,2021,September,40-49,"Third dose or booster, at least 21 days ago",<3,16,x,,x,x
Female,Deaths involving COVID-19,2021,September,40-49,"Fourth dose or booster, less than 21 days ago",<3,0,x,,x,x
Female,Deaths involving COVID-19,2021,September,40-49,"Fourth dose or booster, at least 21 days ago",<3,0,x,,x,x
Female,Deaths involving COVID-19,2021,September,50-59,Unvaccinated,56,19877,283.6,,214.1,368.4
Female,Deaths involving COVID-19,2021,September,50-59,"First dose, less than 21 days ago",<3,418,x,,x,x
Female,Deaths involving COVID-19,2021,September,50-59,"First dose, at least 21 days ago",3,4808,65.5,u,13.3,191.9
Female,Deaths involving COVID-19,2021,September,50-59,"Second dose, less than 21 days ago",<3,1096,x,,x,x
Female,Deaths involving COVID-19,2021,September,50-59,"Second dose, at least 21 days ago",49,278653,17.4,,12.9,23
Female,Deaths involving COVID-19,2021,September,50-59,"Third dose or booster, less than 21 days ago",<3,1360,x,,x,x
Female,Deaths involving COVID-19,2021,September,50-59,"Third dose or booster, at least 21 days ago",<3,23,x,,x,x
Female,Deaths involving COVID-19,2021,September,50-59,"Fourth dose or booster, less than 21 days ago",<3,0,x,,x,x
Female,Deaths involving COVID-19,2021,September,50-59,"Fourth dose or booster, at least 21 days ago",<3,0,x,,x,x
Female,Deaths involving COVID-19,2021,September,60-69,Unvaccinated,51,10853,489.6,,363.3,645.3
Female,Deaths involving COVID-19,2021,September,60-69,"First dose, less than 21 days ago",<3,155,x,,x,x
Female,Deaths involving COVID-19,2021,September,60-69,"First dose, at least 21 days ago",10,2213,454.7,u,213.7,843.2
Female,Deaths involving COVID-19,2021,September,60-69,"Second dose, less than 21 days ago",<3,407,x,,x,x
Female,Deaths involving COVID-19,2021,September,60-69,"Second dose, at least 21 days ago",107,231244,46.5,,37.7,55.4
Female,Deaths involving COVID-19,2021,September,60-69,"Third dose or booster, less than 21 days ago",<3,899,x,,x,x
Female,Deaths involving COVID-19,2021,September,60-69,"Third dose or booster, at least 21 days ago",<3,15,x,,x,x
Female,Deaths involving COVID-19,2021,September,60-69,"Fourth dose or booster, less than 21 days ago",<3,0,x,,x,x
Female,Deaths involving COVID-19,2021,September,60-69,"Fourth dose or booster, at least 21 days ago",<3,0,x,,x,x
Female,Deaths involving COVID-19,2021,September,70-79,Unvaccinated,51,5595,912.6,,678.8,1200.9
Female,Deaths involving COVID-19,2021,September,70-79,"First dose, less than 21 days ago",<3,44,x,,x,x
Female,Deaths involving COVID-19,2021,September,70-79,"First dose, at least 21 days ago",7,1046,686.9,u,275,1417.4
Female,Deaths involving COVID-19,2021,September,70-79,"Second dose, less than 21 days ago",<3,136,x,,x,x
Female,Deaths involving COVID-19,2021,September,70-79,"Second dose, at least 21 days ago",230,197322,116.8,,101.7,131.9
Female,Deaths involving COVID-19,2021,September,70-79,"Third dose or booster, less than 21 days ago",<3,883,x,,x,x
Female,Deaths involving COVID-19,2021,September,70-79,"Third dose or booster, at least 21 days ago",<3,21,x,,x,x
Female,Deaths involving COVID-19,2021,September,70-79,"Fourth dose or booster, less than 21 days ago",<3,0,x,,x,x
Female,Deaths involving COVID-19,2021,September,70-79,"Fourth dose or booster, at least 21 days ago",<3,0,x,,x,x
Female,Deaths involving COVID-19,2021,September,80-89,Unvaccinated,52,2800,1826.4,,1363.1,2396.2
Female,Deaths involving COVID-19,2021,September,80-89,"First dose, less than 21 days ago",<3,18,x,,x,x
Female,Deaths involving COVID-19,2021,September,80-89,"First dose, at least 21 days ago",11,575,1859.2,u,917,3344.2
Female,Deaths involving COVID-19,2021,September,80-89,"Second dose, less than 21 days ago",<3,60,x,,x,x
Female,Deaths involving COVID-19,2021,September,80-89,"Second dose, at least 21 days ago",277,97948,279.9,,246.9,312.9
Female,Deaths involving COVID-19,2021,September,80-89,"Third dose or booster, less than 21 days ago",<3,2028,x,,x,x
Female,Deaths involving COVID-19,2021,September,80-89,"Third dose or booster, at least 21 days ago",<3,7,x,,x,x
Female,Deaths involving COVID-19,2021,September,80-89,"Fourth dose or booster, less than 21 days ago",<3,0,x,,x,x
Female,Deaths involving COVID-19,2021,September,80-89,"Fourth dose or booster, at least 21 days ago",<3,0,x,,x,x
Female,Deaths involving COVID-19,2021,September,90+,Unvaccinated,22,859,2562.6,,1605.4,3880
Female,Deaths involving COVID-19,2021,September,90+,"First dose, less than 21 days ago",<3,5,x,,x,x
Female,Deaths involving COVID-19,2021,September,90+,"First dose, at least 21 days ago",7,217,3229.2,u,1293.7,6653.7
Female,Deaths involving COVID-19,2021,September,90+,"Second dose, less than 21 days ago",<3,14,x,,x,x
Female,Deaths involving COVID-19,2021,September,90+,"Second dose, at least 21 days ago",235,24845,945.9,,828.8,1074.9
Female,Deaths involving COVID-19,2021,September,90+,"Third dose or booster, less than 21 days ago",<3,366,x,,x,x
Female,Deaths involving COVID-19,2021,September,90+,"Third dose or booster, at least 21 days ago",<3,1,x,,x,x
Female,Deaths involving COVID-19,2021,September,90+,"Fourth dose or booster, less than 21 days ago",<3,0,x,,x,x
Female,Deaths involving COVID-19,2021,September,90+,"Fourth dose or booster, at least 21 days ago",<3,0,x,,x,x
Female,Deaths involving COVID-19,2021,October,18-39,Unvaccinated,6,125027,4.8,u,1.7,10.5
Female,Deaths involving COVID-19,2021,October,18-39,"First dose, less than 21 days ago",<3,4865,x,,x,x
Female,Deaths involving COVID-19,2021,October,18-39,"First dose, at least 21 days ago",<3,40292,x,,x,x
Female,Deaths involving COVID-19,2021,October,18-39,"Second dose, less than 21 days ago",<3,15319,x,,x,x
Female,Deaths involving COVID-19,2021,October,18-39,"Second dose, at least 21 days ago",5,413661,1.1,u,0.4,2.6
Female,Deaths involving COVID-19,2021,October,18-39,"Third dose or booster, less than 21 days ago",<3,13607,x,,x,x
Female,Deaths involving COVID-19,2021,October,18-39,"Third dose or booster, at least 21 days ago",<3,3296,x,,x,x
Female,Deaths involving COVID-19,2021,October,18-39,"Fourth dose or booster, less than 21 days ago",<3,3,x,,x,x
Female,Deaths involving COVID-19,2021,October,18-39,"Fourth dose or booster, at least 21 days ago",<3,1,x,,x,x
Female,Deaths involving COVID-19,2021,October,40-49,Unvaccinated,17,30559,55.4,u,32,89
Female,Deaths involving COVID-19,2021,October,40-49,"First dose, less than 21 days ago",<3,706,x,,x,x
Female,Deaths involving COVID-19,2021,October,40-49,"First dose, at least 21 days ago",3,7945,41,u,8.1,120.8
Female,Deaths involving COVID-19,2021,October,40-49,"Second dose, less than 21 days ago",<3,1755,x,,x,x
Female,Deaths involving COVID-19,2021,October,40-49,"Second dose, at least 21 days ago",13,234794,5.5,u,2.9,9.4
Female,Deaths involving COVID-19,2021,October,40-49,"Third dose or booster, less than 21 days ago",<3,12312,x,,x,x
Female,Deaths involving COVID-19,2021,October,40-49,"Third dose or booster, at least 21 days ago",<3,3252,x,,x,x
Female,Deaths involving COVID-19,2021,October,40-49,"Fourth dose or booster, less than 21 days ago",<3,3,x,,x,x
Female,Deaths involving COVID-19,2021,October,40-49,"Fourth dose or booster, at least 21 days ago",<3,1,x,,x,x
Female,Deaths involving COVID-19,2021,October,50-59,Unvaccinated,32,20124,161.2,,110.2,227.7
Female,Deaths involving COVID-19,2021,October,50-59,"First dose, less than 21 days ago",<3,306,x,,x,x
Female,Deaths involving COVID-19,2021,October,50-59,"First dose, at least 21 days ago",4,4497,85.8,u,23.1,220.1
Female,Deaths involving COVID-19,2021,October,50-59,"Second dose, less than 21 days ago",<3,717,x,,x,x
Female,Deaths involving COVID-19,2021,October,50-59,"Second dose, at least 21 days ago",52,262063,19.6,,14.6,25.7
Female,Deaths involving COVID-19,2021,October,50-59,"Third dose or booster, less than 21 days ago",<3,22402,x,,x,x
Female,Deaths involving COVID-19,2021,October,50-59,"Third dose or booster, at least 21 days ago",<3,6416,x,,x,x
Female,Deaths involving COVID-19,2021,October,50-59,"Fourth dose or booster, less than 21 days ago",<3,5,x,,x,x
Female,Deaths involving COVID-19,2021,October,50-59,"Fourth dose or booster, at least 21 days ago",<3,1,x,,x,x
Female,Deaths involving COVID-19,2021,October,60-69,Unvaccinated,50,11090,470.8,,348.3,622.1
Female,Deaths involving COVID-19,2021,October,60-69,"First dose, less than 21 days ago",<3,118,x,,x,x
Female,Deaths involving COVID-19,2021,October,60-69,"First dose, at least 21 days ago",4,2090,181.2,u,47.2,468.5
Female,Deaths involving COVID-19,2021,October,60-69,"Second dose, less than 21 days ago",<3,282,x,,x,x
Female,Deaths involving COVID-19,2021,October,60-69,"Second dose, at least 21 days ago",116,217595,53.6,,43.8,63.3
Female,Deaths involving COVID-19,2021,October,60-69,"Third dose or booster, less than 21 days ago",<3,18943,x,,x,x
Female,Deaths involving COVID-19,2021,October,60-69,"Third dose or booster, at least 21 days ago",<3,4312,x,,x,x
Female,Deaths involving COVID-19,2021,October,60-69,"Fourth dose or booster, less than 21 days ago",<3,3,x,,x,x
Female,Deaths involving COVID-19,2021,October,60-69,"Fourth dose or booster, at least 21 days ago",<3,1,x,,x,x
Female,Deaths involving COVID-19,2021,October,70-79,Unvaccinated,62,5729,1104.1,,845.7,1416.4
Female,Deaths involving COVID-19,2021,October,70-79,"First dose, less than 21 days ago",<3,42,x,,x,x
Female,Deaths involving COVID-19,2021,October,70-79,"First dose, at least 21 days ago",6,989,614.7,u,224.6,1339.7
Female,Deaths involving COVID-19,2021,October,70-79,"Second dose, less than 21 days ago",<3,100,x,,x,x
Female,Deaths involving COVID-19,2021,October,70-79,"Second dose, at least 21 days ago",232,157823,150.8,,131.3,170.3
Female,Deaths involving COVID-19,2021,October,70-79,"Third dose or booster, less than 21 days ago",9,41593,21.8,u,9.6,42.1
Female,Deaths involving COVID-19,2021,October,70-79,"Third dose or booster, at least 21 days ago",4,5822,62.1,u,14,165.1
Female,Deaths involving COVID-19,2021,October,70-79,"Fourth dose or booster, less than 21 days ago",<3,4,x,,x,x
Female,Deaths involving COVID-19,2021,October,70-79,"Fourth dose or booster, at least 21 days ago",<3,1,x,,x,x
Female,Deaths involving COVID-19,2021,October,80-89,Unvaccinated,43,2856,1490.2,,1077.7,2008.3
Female,Deaths involving COVID-19,2021,October,80-89,"First dose, less than 21 days ago",<3,20,x,,x,x
Female,Deaths involving COVID-19,2021,October,80-89,"First dose, at least 21 days ago",11,536,2154.8,u,1067.6,3868.2
Female,Deaths involving COVID-19,2021,October,80-89,"Second dose, less than 21 days ago",<3,52,x,,x,x
Female,Deaths involving COVID-19,2021,October,80-89,"Second dose, at least 21 days ago",344,55594,611.5,,546.7,676.2
Female,Deaths involving COVID-19,2021,October,80-89,"Third dose or booster, less than 21 days ago",23,37323,60.9,,38.6,91.3
Female,Deaths involving COVID-19,2021,October,80-89,"Third dose or booster, at least 21 days ago",3,10651,28.2,u,5.8,82.4
Female,Deaths involving COVID-19,2021,October,80-89,"Fourth dose or booster, less than 21 days ago",<3,7,x,,x,x
Female,Deaths involving COVID-19,2021,October,80-89,"Fourth dose or booster, at least 21 days ago",<3,2,x,,x,x
Female,Deaths involving COVID-19,2021,October,90+,Unvaccinated,27,872,3096.7,,2040.3,4505.8
Female,Deaths involving COVID-19,2021,October,90+,"First dose, less than 21 days ago",<3,8,x,,x,x
Female,Deaths involving COVID-19,2021,October,90+,"First dose, at least 21 days ago",7,198,3533.2,u,1415.5,7280.2
Female,Deaths involving COVID-19,2021,October,90+,"Second dose, less than 21 days ago",<3,20,x,,x,x
Female,Deaths involving COVID-19,2021,October,90+,"Second dose, at least 21 days ago",219,16052,1364.3,,1189.6,1557.5
Female,Deaths involving COVID-19,2021,October,90+,"Third dose or booster, less than 21 days ago",19,8037,236.4,u,142.3,369.2
Female,Deaths involving COVID-19,2021,October,90+,"Third dose or booster, at least 21 days ago",<3,2049,x,,x,x
Female,Deaths involving COVID-19,2021,October,90+,"Fourth dose or booster, less than 21 days ago",<3,2,x,,x,x
Female,Deaths involving COVID-19,2021,October,90+,"Fourth dose or booster, at least 21 days ago",<3,0,x,,x,x
Female,Deaths involving COVID-19,2021,November,18-39,Unvaccinated,12,115568,11.4,u,5.9,20.1
Female,Deaths involving COVID-19,2021,November,18-39,"First dose, less than 21 days ago",<3,3815,x,,x,x
Female,Deaths involving COVID-19,2021,November,18-39,"First dose, at least 21 days ago",<3,32888,x,,x,x
Female,Deaths involving COVID-19,2021,November,18-39,"Second dose, less than 21 days ago",<3,8733,x,,x,x
Female,Deaths involving COVID-19,2021,November,18-39,"Second dose, at least 21 days ago",<3,393122,x,,x,x
Female,Deaths involving COVID-19,2021,November,18-39,"Third dose or booster, less than 21 days ago",<3,18075,x,,x,x
Female,Deaths involving COVID-19,2021,November,18-39,"Third dose or booster, at least 21 days ago",<3,23642,x,,x,x
Female,Deaths involving COVID-19,2021,November,18-39,"Fourth dose or booster, less than 21 days ago",<3,3,x,,x,x
Female,Deaths involving COVID-19,2021,November,18-39,"Fourth dose or booster, at least 21 days ago",<3,5,x,,x,x
Female,Deaths involving COVID-19,2021,November,40-49,Unvaccinated,23,28871,83,,52.3,124.9
Female,Deaths involving COVID-19,2021,November,40-49,"First dose, less than 21 days ago",<3,569,x,,x,x
Female,Deaths involving COVID-19,2021,November,40-49,"First dose, at least 21 days ago",<3,6769,x,,x,x
Female,Deaths involving COVID-19,2021,November,40-49,"Second dose, less than 21 days ago",<3,1301,x,,x,x
Female,Deaths involving COVID-19,2021,November,40-49,"Second dose, at least 21 days ago",18,204966,8.8,u,5.2,13.9
Female,Deaths involving COVID-19,2021,November,40-49,"Third dose or booster, less than 21 days ago",<3,17957,x,,x,x
Female,Deaths involving COVID-19,2021,November,40-49,"Third dose or booster, at least 21 days ago",<3,21451,x,,x,x
Female,Deaths involving COVID-19,2021,November,40-49,"Fourth dose or booster, less than 21 days ago",<3,4,x,,x,x
Female,Deaths involving COVID-19,2021,November,40-49,"Fourth dose or booster, at least 21 days ago",<3,5,x,,x,x
Female,Deaths involving COVID-19,2021,November,50-59,Unvaccinated,37,19142,196.4,,138.2,270.8
Female,Deaths involving COVID-19,2021,November,50-59,"First dose, less than 21 days ago",<3,263,x,,x,x
Female,Deaths involving COVID-19,2021,November,50-59,"First dose, at least 21 days ago",<3,3904,x,,x,x
Female,Deaths involving COVID-19,2021,November,50-59,"Second dose, less than 21 days ago",<3,614,x,,x,x
Female,Deaths involving COVID-19,2021,November,50-59,"Second dose, at least 21 days ago",44,202294,21.7,,15.8,29.1
Female,Deaths involving COVID-19,2021,November,50-59,"Third dose or booster, less than 21 days ago",<3,40504,x,,x,x
Female,Deaths involving COVID-19,2021,November,50-59,"Third dose or booster, at least 21 days ago",3,39675,7.8,u,1.6,22.9
Female,Deaths involving COVID-19,2021,November,50-59,"Fourth dose or booster, less than 21 days ago",<3,8,x,,x,x
Female,Deaths involving COVID-19,2021,November,50-59,"Fourth dose or booster, at least 21 days ago",<3,8,x,,x,x
Female,Deaths involving COVID-19,2021,November,60-69,Unvaccinated,54,10633,524,,392.4,685.3
Female,Deaths involving COVID-19,2021,November,60-69,"First dose, less than 21 days ago",<3,105,x,,x,x
Female,Deaths involving COVID-19,2021,November,60-69,"First dose, at least 21 days ago",6,1861,336.2,u,119.9,738.2
Female,Deaths involving COVID-19,2021,November,60-69,"Second dose, less than 21 days ago",<3,232,x,,x,x
Female,Deaths involving COVID-19,2021,November,60-69,"Second dose, at least 21 days ago",111,130624,90.6,,73.5,107.7
Female,Deaths involving COVID-19,2021,November,60-69,"Third dose or booster, less than 21 days ago",9,65327,12.6,u,5.6,24.1
Female,Deaths involving COVID-19,2021,November,60-69,"Third dose or booster, at least 21 days ago",11,37946,28.9,u,14.4,51.7
Female,Deaths involving COVID-19,2021,November,60-69,"Fourth dose or booster, less than 21 days ago",<3,9,x,,x,x
Female,Deaths involving COVID-19,2021,November,60-69,"Fourth dose or booster, at least 21 days ago",<3,6,x,,x,x
Female,Deaths involving COVID-19,2021,November,70-79,Unvaccinated,59,5499,1098.5,,835.5,1417.9
Female,Deaths involving COVID-19,2021,November,70-79,"First dose, less than 21 days ago",<3,36,x,,x,x
Female,Deaths involving COVID-19,2021,November,70-79,"First dose, at least 21 days ago",4,882,428.7,u,116.8,1097.7
Female,Deaths involving COVID-19,2021,November,70-79,"Second dose, less than 21 days ago",<3,86,x,,x,x
Female,Deaths involving COVID-19,2021,November,70-79,"Second dose, at least 21 days ago",194,48769,419.3,,359.5,479.2
Female,Deaths involving COVID-19,2021,November,70-79,"Third dose or booster, less than 21 days ago",19,71407,27.7,u,16.6,43.3
Female,Deaths involving COVID-19,2021,November,70-79,"Third dose or booster, at least 21 days ago",20,78703,25.3,,15.3,39.4
Female,Deaths involving COVID-19,2021,November,70-79,"Fourth dose or booster, less than 21 days ago",<3,8,x,,x,x
Female,Deaths involving COVID-19,2021,November,70-79,"Fourth dose or booster, at least 21 days ago",<3,8,x,,x,x
Female,Deaths involving COVID-19,2021,November,80-89,Unvaccinated,52,2726,1898.8,,1417.4,2491
Female,Deaths involving COVID-19,2021,November,80-89,"First dose, less than 21 days ago",<3,19,x,,x,x
Female,Deaths involving COVID-19,2021,November,80-89,"First dose, at least 21 days ago",4,468,898.6,u,240.8,2309.3
Female,Deaths involving COVID-19,2021,November,80-89,"Second dose, less than 21 days ago",<3,47,x,,x,x
Female,Deaths involving COVID-19,2021,November,80-89,"Second dose, at least 21 days ago",269,17908,1469.1,,1292,1646.1
Female,Deaths involving COVID-19,2021,November,80-89,"Third dose or booster, less than 21 days ago",19,20340,92.3,u,55.5,144.1
Female,Deaths involving COVID-19,2021,November,80-89,"Third dose or booster, at least 21 days ago",46,62136,73.6,,53.9,98.2
Female,Deaths involving COVID-19,2021,November,80-89,"Fourth dose or booster, less than 21 days ago",<3,5,x,,x,x
Female,Deaths involving COVID-19,2021,November,80-89,"Fourth dose or booster, at least 21 days ago",<3,12,x,,x,x
Female,Deaths involving COVID-19,2021,November,90+,Unvaccinated,31,825,3759.6,,2554,5336.6
Female,Deaths involving COVID-19,2021,November,90+,"First dose, less than 21 days ago",<3,7,x,,x,x
Female,Deaths involving COVID-19,2021,November,90+,"First dose, at least 21 days ago",10,168,5963.9,u,2855.1,10968.5
Female,Deaths involving COVID-19,2021,November,90+,"Second dose, less than 21 days ago",<3,19,x,,x,x
Female,Deaths involving COVID-19,2021,November,90+,"Second dose, at least 21 days ago",154,6382,2413.1,,2047,2825.8
Female,Deaths involving COVID-19,2021,November,90+,"Third dose or booster, less than 21 days ago",15,5383,278.7,u,155.8,459.6
Female,Deaths involving COVID-19,2021,November,90+,"Third dose or booster, at least 21 days ago",21,13580,154.6,,95.7,236.4
Female,Deaths involving COVID-19,2021,November,90+,"Fourth dose or booster, less than 21 days ago",<3,2,x,,x,x
Female,Deaths involving COVID-19,2021,November,90+,"Fourth dose or booster, at least 21 days ago",<3,3,x,,x,x
Female,Deaths involving COVID-19,2021,December,18-39,Unvaccinated,27,113376,26.7,,17.5,38.9
Female,Deaths involving COVID-19,2021,December,18-39,"First dose, less than 21 days ago",<3,4513,x,,x,x
Female,Deaths involving COVID-19,2021,December,18-39,"First dose, at least 21 days ago",<3,28521,x,,x,x
Female,Deaths involving COVID-19,2021,December,18-39,"Second dose, less than 21 days ago",<3,8168,x,,x,x
Female,Deaths involving COVID-19,2021,December,18-39,"Second dose, at least 21 days ago",5,322206,1.5,u,0.5,3.5
Female,Deaths involving COVID-19,2021,December,18-39,"Third dose or booster, less than 21 days ago",<3,84712,x,,x,x
Female,Deaths involving COVID-19,2021,December,18-39,"Third dose or booster, at least 21 days ago",<3,53819,x,,x,x
Female,Deaths involving COVID-19,2021,December,18-39,"Fourth dose or booster, less than 21 days ago",<3,20,x,,x,x
Female,Deaths involving COVID-19,2021,December,18-39,"Fourth dose or booster, at least 21 days ago",<3,11,x,,x,x
Female,Deaths involving COVID-19,2021,December,40-49,Unvaccinated,24,29027,90.6,,57.8,135.1
Female,Deaths involving COVID-19,2021,December,40-49,"First dose, less than 21 days ago",<3,660,x,,x,x
Female,Deaths involving COVID-19,2021,December,40-49,"First dose, at least 21 days ago",<3,6088,x,,x,x
Female,Deaths involving COVID-19,2021,December,40-49,"Second dose, less than 21 days ago",<3,1250,x,,x,x
Female,Deaths involving COVID-19,2021,December,40-49,"Second dose, at least 21 days ago",12,127224,9.6,u,4.9,16.7
Female,Deaths involving COVID-19,2021,December,40-49,"Third dose or booster, less than 21 days ago",<3,71962,x,,x,x
Female,Deaths involving COVID-19,2021,December,40-49,"Third dose or booster, at least 21 days ago",3,55034,5.3,u,1.1,15.6
Female,Deaths involving COVID-19,2021,December,40-49,"Fourth dose or booster, less than 21 days ago",<3,17,x,,x,x
Female,Deaths involving COVID-19,2021,December,40-49,"Fourth dose or booster, at least 21 days ago",<3,12,x,,x,x
Female,Deaths involving COVID-19,2021,December,50-59,Unvaccinated,48,19388,251.5,,185.4,333.6
Female,Deaths involving COVID-19,2021,December,50-59,"First dose, less than 21 days ago",<3,315,x,,x,x
Female,Deaths involving COVID-19,2021,December,50-59,"First dose, at least 21 days ago",5,3636,147.2,u,47.5,344.1
Female,Deaths involving COVID-19,2021,December,50-59,"Second dose, less than 21 days ago",<3,562,x,,x,x
Female,Deaths involving COVID-19,2021,December,50-59,"Second dose, at least 21 days ago",38,84390,45.8,,32.4,62.8
Female,Deaths involving COVID-19,2021,December,50-59,"Third dose or booster, less than 21 days ago",3,92019,3.3,u,0.7,9.7
Female,Deaths involving COVID-19,2021,December,50-59,"Third dose or booster, at least 21 days ago",12,116351,9.8,u,5,17.2
Female,Deaths involving COVID-19,2021,December,50-59,"Fourth dose or booster, less than 21 days ago",<3,25,x,,x,x
Female,Deaths involving COVID-19,2021,December,50-59,"Fourth dose or booster, at least 21 days ago",<3,23,x,,x,x
Female,Deaths involving COVID-19,2021,December,60-69,Unvaccinated,63,10864,617.5,,473.3,791.5
Female,Deaths involving COVID-19,2021,December,60-69,"First dose, less than 21 days ago",<3,120,x,,x,x
Female,Deaths involving COVID-19,2021,December,60-69,"First dose, at least 21 days ago",12,1763,709.6,u,361,1248.3
Female,Deaths involving COVID-19,2021,December,60-69,"Second dose, less than 21 days ago",<3,230,x,,x,x
Female,Deaths involving COVID-19,2021,December,60-69,"Second dose, at least 21 days ago",76,36656,238,,185.8,300
Female,Deaths involving COVID-19,2021,December,60-69,"Third dose or booster, less than 21 days ago",8,61100,15.5,u,6.6,30.8
Female,Deaths involving COVID-19,2021,December,60-69,"Third dose or booster, at least 21 days ago",25,144630,18,,11.6,26.7
Female,Deaths involving COVID-19,2021,December,60-69,"Fourth dose or booster, less than 21 days ago",<3,16,x,,x,x
Female,Deaths involving COVID-19,2021,December,60-69,"Fourth dose or booster, at least 21 days ago",<3,21,x,,x,x
Female,Deaths involving COVID-19,2021,December,70-79,Unvaccinated,73,5625,1295.9,,1015,1630.4
Female,Deaths involving COVID-19,2021,December,70-79,"First dose, less than 21 days ago",<3,44,x,,x,x
Female,Deaths involving COVID-19,2021,December,70-79,"First dose, at least 21 days ago",14,837,1740.3,u,950.1,2921.8
Female,Deaths involving COVID-19,2021,December,70-79,"Second dose, less than 21 days ago",<3,90,x,,x,x
Female,Deaths involving COVID-19,2021,December,70-79,"Second dose, at least 21 days ago",129,12998,1015,,839.3,1190.8
Female,Deaths involving COVID-19,2021,December,70-79,"Third dose or booster, less than 21 days ago",10,18632,58.8,u,27.7,108.9
Female,Deaths involving COVID-19,2021,December,70-79,"Third dose or booster, at least 21 days ago",69,174137,39.3,,30.6,49.8
Female,Deaths involving COVID-19,2021,December,70-79,"Fourth dose or booster, less than 21 days ago",<3,10,x,,x,x
Female,Deaths involving COVID-19,2021,December,70-79,"Fourth dose or booster, at least 21 days ago",<3,20,x,,x,x
Female,Deaths involving COVID-19,2021,December,80-89,Unvaccinated,90,2774,3224.9,,2592.2,3965.1
Female,Deaths involving COVID-19,2021,December,80-89,"First dose, less than 21 days ago",<3,23,x,,x,x
Female,Deaths involving COVID-19,2021,December,80-89,"First dose, at least 21 days ago",8,431,1703.8,u,728.1,3369.9
Female,Deaths involving COVID-19,2021,December,80-89,"Second dose, less than 21 days ago",<3,52,x,,x,x
Female,Deaths involving COVID-19,2021,December,80-89,"Second dose, at least 21 days ago",181,6972,2567,,2188.8,2945.1
Female,Deaths involving COVID-19,2021,December,80-89,"Third dose or booster, less than 21 days ago",18,6495,268.7,u,158.3,426.1
Female,Deaths involving COVID-19,2021,December,80-89,"Third dose or booster, at least 21 days ago",114,90356,124.9,,101.9,147.8
Female,Deaths involving COVID-19,2021,December,80-89,"Fourth dose or booster, less than 21 days ago",<3,5,x,,x,x
Female,Deaths involving COVID-19,2021,December,80-89,"Fourth dose or booster, at least 21 days ago",<3,19,x,,x,x
Female,Deaths involving COVID-19,2021,December,90+,Unvaccinated,49,832,5889.4,,4356.6,7786.3
Female,Deaths involving COVID-19,2021,December,90+,"First dose, less than 21 days ago",<3,7,x,,x,x
Female,Deaths involving COVID-19,2021,December,90+,"First dose, at least 21 days ago",4,151,2650,u,712.9,6784.6
Female,Deaths involving COVID-19,2021,December,90+,"Second dose, less than 21 days ago",<3,21,x,,x,x
Female,Deaths involving COVID-19,2021,December,90+,"Second dose, at least 21 days ago",93,2565,3626,,2926.6,4442.2
Female,Deaths involving COVID-19,2021,December,90+,"Third dose or booster, less than 21 days ago",11,2406,457.2,u,227.9,818.2
Female,Deaths involving COVID-19,2021,December,90+,"Third dose or booster, at least 21 days ago",68,21186,321,,249.2,406.9
Female,Deaths involving COVID-19,2021,December,90+,"Fourth dose or booster, less than 21 days ago",<3,2,x,,x,x
Female,Deaths involving COVID-19,2021,December,90+,"Fourth dose or booster, at least 21 days ago",<3,6,x,,x,x
Female,Deaths involving COVID-19,2022,January,18-39,Unvaccinated,14,107017,14.3,u,7.8,24.1
Female,Deaths involving COVID-19,2022,January,18-39,"First dose, less than 21 days ago",<3,4360,x,,x,x
Female,Deaths involving COVID-19,2022,January,18-39,"First dose, at least 21 days ago",<3,26226,x,,x,x
Female,Deaths involving COVID-19,2022,January,18-39,"Second dose, less than 21 days ago",<3,5886,x,,x,x
Female,Deaths involving COVID-19,2022,January,18-39,"Second dose, at least 21 days ago",5,189571,3,u,1,6.9
Female,Deaths involving COVID-19,2022,January,18-39,"Third dose or booster, less than 21 days ago",<3,81793,x,,x,x
Female,Deaths involving COVID-19,2022,January,18-39,"Third dose or booster, at least 21 days ago",5,200042,2.7,u,0.8,6.4
Female,Deaths involving COVID-19,2022,January,18-39,"Fourth dose or booster, less than 21 days ago",<3,27,x,,x,x
Female,Deaths involving COVID-19,2022,January,18-39,"Fourth dose or booster, at least 21 days ago",<3,47,x,,x,x
Female,Deaths involving COVID-19,2022,January,40-49,Unvaccinated,12,28188,43.5,u,22.3,76.3
Female,Deaths involving COVID-19,2022,January,40-49,"First dose, less than 21 days ago",<3,649,x,,x,x
Female,Deaths involving COVID-19,2022,January,40-49,"First dose, at least 21 days ago",4,5594,80.1,u,21.3,206.3
Female,Deaths involving COVID-19,2022,January,40-49,"Second dose, less than 21 days ago",<3,964,x,,x,x
Female,Deaths involving COVID-19,2022,January,40-49,"Second dose, at least 21 days ago",12,57813,21.9,u,11.2,38.3
Female,Deaths involving COVID-19,2022,January,40-49,"Third dose or booster, less than 21 days ago",<3,34272,x,,x,x
Female,Deaths involving COVID-19,2022,January,40-49,"Third dose or booster, at least 21 days ago",5,163696,2.9,u,0.9,6.8
Female,Deaths involving COVID-19,2022,January,40-49,"Fourth dose or booster, less than 21 days ago",<3,16,x,,x,x
Female,Deaths involving COVID-19,2022,January,40-49,"Fourth dose or booster, at least 21 days ago",<3,40,x,,x,x
Female,Deaths involving COVID-19,2022,January,50-59,Unvaccinated,26,18971,137.6,,89.8,201.6
Female,Deaths involving COVID-19,2022,January,50-59,"First dose, less than 21 days ago",<3,318,x,,x,x
Female,Deaths involving COVID-19,2022,January,50-59,"First dose, at least 21 days ago",7,3412,204.8,u,81.9,422.8
Female,Deaths involving COVID-19,2022,January,50-59,"Second dose, less than 21 days ago",<3,457,x,,x,x
Female,Deaths involving COVID-19,2022,January,50-59,"Second dose, at least 21 days ago",29,36080,81.5,,54.5,116.8
Female,Deaths involving COVID-19,2022,January,50-59,"Third dose or booster, less than 21 days ago",<3,19871,x,,x,x
Female,Deaths involving COVID-19,2022,January,50-59,"Third dose or booster, at least 21 days ago",26,237477,11,,7.2,16.1
Female,Deaths involving COVID-19,2022,January,50-59,"Fourth dose or booster, less than 21 days ago",<3,16,x,,x,x
Female,Deaths involving COVID-19,2022,January,50-59,"Fourth dose or booster, at least 21 days ago",<3,59,x,,x,x
Female,Deaths involving COVID-19,2022,January,60-69,Unvaccinated,50,10741,474.7,,351.2,627.2
Female,Deaths involving COVID-19,2022,January,60-69,"First dose, less than 21 days ago",<3,115,x,,x,x
Female,Deaths involving COVID-19,2022,January,60-69,"First dose, at least 21 days ago",5,1662,279.5,u,88.3,657
Female,Deaths involving COVID-19,2022,January,60-69,"Second dose, less than 21 days ago",<3,183,x,,x,x
Female,Deaths involving COVID-19,2022,January,60-69,"Second dose, at least 21 days ago",72,16347,473.8,,368.5,599.4
Female,Deaths involving COVID-19,2022,January,60-69,"Third dose or booster, less than 21 days ago",4,7989,56.2,u,13.4,148.1
Female,Deaths involving COVID-19,2022,January,60-69,"Third dose or booster, at least 21 days ago",71,218778,32.5,,25.4,41
Female,Deaths involving COVID-19,2022,January,60-69,"Fourth dose or booster, less than 21 days ago",<3,11,x,,x,x
Female,Deaths involving COVID-19,2022,January,60-69,"Fourth dose or booster, at least 21 days ago",<3,45,x,,x,x
Female,Deaths involving COVID-19,2022,January,70-79,Unvaccinated,82,5572,1497.3,,1190,1859.5
Female,Deaths involving COVID-19,2022,January,70-79,"First dose, less than 21 days ago",<3,36,x,,x,x
Female,Deaths involving COVID-19,2022,January,70-79,"First dose, at least 21 days ago",10,790,1263,u,604.7,2324.3
Female,Deaths involving COVID-19,2022,January,70-79,"Second dose, less than 21 days ago",<3,70,x,,x,x
Female,Deaths involving COVID-19,2022,January,70-79,"Second dose, at least 21 days ago",122,7096,1764.7,,1450.9,2078.5
Female,Deaths involving COVID-19,2022,January,70-79,"Third dose or booster, less than 21 days ago",9,2559,371.9,u,169.7,706.5
Female,Deaths involving COVID-19,2022,January,70-79,"Third dose or booster, at least 21 days ago",210,196413,106.2,,91.8,120.5
Female,Deaths involving COVID-19,2022,January,70-79,"Fourth dose or booster, less than 21 days ago",<3,7,x,,x,x
Female,Deaths involving COVID-19,2022,January,70-79,"Fourth dose or booster, at least 21 days ago",<3,33,x,,x,x
Female,Deaths involving COVID-19,2022,January,80-89,Unvaccinated,84,2728,3065.6,,2444.2,3796.6
Female,Deaths involving COVID-19,2022,January,80-89,"First dose, less than 21 days ago",<3,19,x,,x,x
Female,Deaths involving COVID-19,2022,January,80-89,"First dose, at least 21 days ago",21,402,4856.8,,2992.1,7444
Female,Deaths involving COVID-19,2022,January,80-89,"Second dose, less than 21 days ago",<3,34,x,,x,x
Female,Deaths involving COVID-19,2022,January,80-89,"Second dose, at least 21 days ago",214,3888,5351.1,,4628,6074.2
Female,Deaths involving COVID-19,2022,January,80-89,"Third dose or booster, less than 21 days ago",15,1391,1001.4,u,553.6,1661.8
Female,Deaths involving COVID-19,2022,January,80-89,"Third dose or booster, at least 21 days ago",481,98687,478.8,,436,521.6
Female,Deaths involving COVID-19,2022,January,80-89,"Fourth dose or booster, less than 21 days ago",<3,3,x,,x,x
Female,Deaths involving COVID-19,2022,January,80-89,"Fourth dose or booster, at least 21 days ago",<3,25,x,,x,x
Female,Deaths involving COVID-19,2022,January,90+,Unvaccinated,77,808,9528.5,,7519.4,11909.2
Female,Deaths involving COVID-19,2022,January,90+,"First dose, less than 21 days ago",<3,7,x,,x,x
Female,Deaths involving COVID-19,2022,January,90+,"First dose, at least 21 days ago",9,136,6620.3,u,3020.9,12568.3
Female,Deaths involving COVID-19,2022,January,90+,"Second dose, less than 21 days ago",<3,14,x,,x,x
Female,Deaths involving COVID-19,2022,January,90+,"Second dose, at least 21 days ago",133,1291,10306,,8628.8,12213.8
Female,Deaths involving COVID-19,2022,January,90+,"Third dose or booster, less than 21 days ago",8,566,1414.1,u,608.9,2786.5
Female,Deaths involving COVID-19,2022,January,90+,"Third dose or booster, at least 21 days ago",422,24277,1738.3,,1576.4,1912.3
Female,Deaths involving COVID-19,2022,January,90+,"Fourth dose or booster, less than 21 days ago",<3,1,x,,x,x
Female,Deaths involving COVID-19,2022,January,90+,"Fourth dose or booster, at least 21 days ago",<3,9,x,,x,x
Female,Deaths involving COVID-19,2022,February,18-39,Unvaccinated,4,93270,4.1,u,1.1,10.5
Female,Deaths involving COVID-19,2022,February,18-39,"First dose, less than 21 days ago",<3,2110,x,,x,x
Female,Deaths involving COVID-19,2022,February,18-39,"First dose, at least 21 days ago",3,24060,12.4,u,2.5,36.1
Female,Deaths involving COVID-19,2022,February,18-39,"Second dose, less than 21 days ago",<3,3480,x,,x,x
Female,Deaths involving COVID-19,2022,February,18-39,"Second dose, at least 21 days ago",<3,152700,x,,x,x
Female,Deaths involving COVID-19,2022,February,18-39,"Third dose or booster, less than 21 days ago",<3,13743,x,,x,x
Female,Deaths involving COVID-19,2022,February,18-39,"Third dose or booster, at least 21 days ago",<3,265522,x,,x,x
Female,Deaths involving COVID-19,2022,February,18-39,"Fourth dose or booster, less than 21 days ago",<3,17,x,,x,x
Female,Deaths involving COVID-19,2022,February,18-39,"Fourth dose or booster, at least 21 days ago",<3,74,x,,x,x
Female,Deaths involving COVID-19,2022,February,40-49,Unvaccinated,<3,25046,x,,x,x
Female,Deaths involving COVID-19,2022,February,40-49,"First dose, less than 21 days ago",<3,306,x,,x,x
Female,Deaths involving COVID-19,2022,February,40-49,"First dose, at least 21 days ago",<3,5071,x,,x,x
Female,Deaths involving COVID-19,2022,February,40-49,"Second dose, less than 21 days ago",<3,530,x,,x,x
Female,Deaths involving COVID-19,2022,February,40-49,"Second dose, at least 21 days ago",4,45490,9.5,u,2.5,24.4
Female,Deaths involving COVID-19,2022,February,40-49,"Third dose or booster, less than 21 days ago",<3,3910,x,,x,x
Female,Deaths involving COVID-19,2022,February,40-49,"Third dose or booster, at least 21 days ago",6,182599,3.3,u,1.2,7.2
Female,Deaths involving COVID-19,2022,February,40-49,"Fourth dose or booster, less than 21 days ago",<3,9,x,,x,x
Female,Deaths involving COVID-19,2022,February,40-49,"Fourth dose or booster, at least 21 days ago",<3,55,x,,x,x
Female,Deaths involving COVID-19,2022,February,50-59,Unvaccinated,14,16915,85.2,u,46.6,143
Female,Deaths involving COVID-19,2022,February,50-59,"First dose, less than 21 days ago",<3,156,x,,x,x
Female,Deaths involving COVID-19,2022,February,50-59,"First dose, at least 21 days ago",<3,3095,x,,x,x
Female,Deaths involving COVID-19,2022,February,50-59,"Second dose, less than 21 days ago",<3,261,x,,x,x
Female,Deaths involving COVID-19,2022,February,50-59,"Second dose, at least 21 days ago",12,28764,42.8,u,22,74.8
Female,Deaths involving COVID-19,2022,February,50-59,"Third dose or booster, less than 21 days ago",<3,2258,x,,x,x
Female,Deaths involving COVID-19,2022,February,50-59,"Third dose or booster, at least 21 days ago",28,234463,12,,7.9,17.3
Female,Deaths involving COVID-19,2022,February,50-59,"Fourth dose or booster, less than 21 days ago",<3,8,x,,x,x
Female,Deaths involving COVID-19,2022,February,50-59,"Fourth dose or booster, at least 21 days ago",<3,73,x,,x,x
Female,Deaths involving COVID-19,2022,February,60-69,Unvaccinated,16,9660,166.9,u,94.7,272
Female,Deaths involving COVID-19,2022,February,60-69,"First dose, less than 21 days ago",<3,55,x,,x,x
Female,Deaths involving COVID-19,2022,February,60-69,"First dose, at least 21 days ago",4,1495,330,u,89.9,844.9
Female,Deaths involving COVID-19,2022,February,60-69,"Second dose, less than 21 days ago",<3,104,x,,x,x
Female,Deaths involving COVID-19,2022,February,60-69,"Second dose, at least 21 days ago",20,13161,167.3,,100.9,260.2
Female,Deaths involving COVID-19,2022,February,60-69,"Third dose or booster, less than 21 days ago",<3,969,x,,x,x
Female,Deaths involving COVID-19,2022,February,60-69,"Third dose or booster, at least 21 days ago",46,206065,22.4,,16.4,29.8
Female,Deaths involving COVID-19,2022,February,60-69,"Fourth dose or booster, less than 21 days ago",<3,6,x,,x,x
Female,Deaths involving COVID-19,2022,February,60-69,"Fourth dose or booster, at least 21 days ago",<3,54,x,,x,x
Female,Deaths involving COVID-19,2022,February,70-79,Unvaccinated,26,5020,521.8,,340.4,765.1
Female,Deaths involving COVID-19,2022,February,70-79,"First dose, less than 21 days ago",<3,16,x,,x,x
Female,Deaths involving COVID-19,2022,February,70-79,"First dose, at least 21 days ago",4,698,578.2,u,156.9,1481.7
Female,Deaths involving COVID-19,2022,February,70-79,"Second dose, less than 21 days ago",<3,39,x,,x,x
Female,Deaths involving COVID-19,2022,February,70-79,"Second dose, at least 21 days ago",43,5717,768.4,,555.5,1035.7
Female,Deaths involving COVID-19,2022,February,70-79,"Third dose or booster, less than 21 days ago",<3,402,x,,x,x
Female,Deaths involving COVID-19,2022,February,70-79,"Third dose or booster, at least 21 days ago",166,180335,91.4,,77.5,105.3
Female,Deaths involving COVID-19,2022,February,70-79,"Fourth dose or booster, less than 21 days ago",<3,6,x,,x,x
Female,Deaths involving COVID-19,2022,February,70-79,"Fourth dose or booster, at least 21 days ago",<3,39,x,,x,x
Female,Deaths involving COVID-19,2022,February,80-89,Unvaccinated,40,2446,1612.8,,1151.5,2197.1
Female,Deaths involving COVID-19,2022,February,80-89,"First dose, less than 21 days ago",<3,8,x,,x,x
Female,Deaths involving COVID-19,2022,February,80-89,"First dose, at least 21 days ago",9,352,2553.7,u,1156.7,4865.9
Female,Deaths involving COVID-19,2022,February,80-89,"Second dose, less than 21 days ago",<3,19,x,,x,x
Female,Deaths involving COVID-19,2022,February,80-89,"Second dose, at least 21 days ago",74,3042,2356.2,,1846.6,2962.2
Female,Deaths involving COVID-19,2022,February,80-89,"Third dose or booster, less than 21 days ago",3,247,1281.1,u,248.2,3782.6
Female,Deaths involving COVID-19,2022,February,80-89,"Third dose or booster, at least 21 days ago",365,90793,396.1,,355.4,436.8
Female,Deaths involving COVID-19,2022,February,80-89,"Fourth dose or booster, less than 21 days ago",<3,2,x,,x,x
Female,Deaths involving COVID-19,2022,February,80-89,"Fourth dose or booster, at least 21 days ago",<3,26,x,,x,x
Female,Deaths involving COVID-19,2022,February,90+,Unvaccinated,25,719,3479,,2250.8,5135.9
Female,Deaths involving COVID-19,2022,February,90+,"First dose, less than 21 days ago",<3,3,x,,x,x
Female,Deaths involving COVID-19,2022,February,90+,"First dose, at least 21 days ago",7,119,5887.2,u,2358.6,12130.5
Female,Deaths involving COVID-19,2022,February,90+,"Second dose, less than 21 days ago",<3,6,x,,x,x
Female,Deaths involving COVID-19,2022,February,90+,"Second dose, at least 21 days ago",47,960,4897.5,,3598.2,6512.8
Female,Deaths involving COVID-19,2022,February,90+,"Third dose or booster, less than 21 days ago",<3,105,x,,x,x
Female,Deaths involving COVID-19,2022,February,90+,"Third dose or booster, at least 21 days ago",294,22598,1301,,1156.5,1458.6
Female,Deaths involving COVID-19,2022,February,90+,"Fourth dose or booster, less than 21 days ago",<3,0,x,,x,x
Female,Deaths involving COVID-19,2022,February,90+,"Fourth dose or booster, at least 21 days ago",<3,9,x,,x,x
Female,Deaths involving COVID-19,2022,March,18-39,Unvaccinated,3,101926,3.3,u,0.7,9.6
Female,Deaths involving COVID-19,2022,March,18-39,"First dose, less than 21 days ago",<3,961,x,,x,x
Female,Deaths involving COVID-19,2022,March,18-39,"First dose, at least 21 days ago",<3,25759,x,,x,x
Female,Deaths involving COVID-19,2022,March,18-39,"Second dose, less than 21 days ago",<3,2788,x,,x,x
Female,Deaths involving COVID-19,2022,March,18-39,"Second dose, at least 21 days ago",4,163533,2.6,u,0.7,6.8
Female,Deaths involving COVID-19,2022,March,18-39,"Third dose or booster, less than 21 days ago",<3,7212,x,,x,x
Female,Deaths involving COVID-19,2022,March,18-39,"Third dose or booster, at least 21 days ago",6,311630,1.8,u,0.7,4
Female,Deaths involving COVID-19,2022,March,18-39,"Fourth dose or booster, less than 21 days ago",<3,54,x,,x,x
Female,Deaths involving COVID-19,2022,March,18-39,"Fourth dose or booster, at least 21 days ago",<3,108,x,,x,x
Female,Deaths involving COVID-19,2022,March,40-49,Unvaccinated,<3,27672,x,,x,x
Female,Deaths involving COVID-19,2022,March,40-49,"First dose, less than 21 days ago",<3,108,x,,x,x
Female,Deaths involving COVID-19,2022,March,40-49,"First dose, at least 21 days ago",<3,5447,x,,x,x
Female,Deaths involving COVID-19,2022,March,40-49,"Second dose, less than 21 days ago",<3,416,x,,x,x
Female,Deaths involving COVID-19,2022,March,40-49,"Second dose, at least 21 days ago",4,48517,7.8,u,2.1,20.2
Female,Deaths involving COVID-19,2022,March,40-49,"Third dose or booster, less than 21 days ago",<3,1810,x,,x,x
Female,Deaths involving COVID-19,2022,March,40-49,"Third dose or booster, at least 21 days ago",10,206947,4.8,u,2.3,8.8
Female,Deaths involving COVID-19,2022,March,40-49,"Fourth dose or booster, less than 21 days ago",<3,65,x,,x,x
Female,Deaths involving COVID-19,2022,March,40-49,"Fourth dose or booster, at least 21 days ago",<3,74,x,,x,x
Female,Deaths involving COVID-19,2022,March,50-59,Unvaccinated,6,18701,32.7,u,12,71.2
Female,Deaths involving COVID-19,2022,March,50-59,"First dose, less than 21 days ago",<3,51,x,,x,x
Female,Deaths involving COVID-19,2022,March,50-59,"First dose, at least 21 days ago",<3,3349,x,,x,x
Female,Deaths involving COVID-19,2022,March,50-59,"Second dose, less than 21 days ago",<3,205,x,,x,x
Female,Deaths involving COVID-19,2022,March,50-59,"Second dose, at least 21 days ago",7,30724,22.2,u,8.9,45.8
Female,Deaths involving COVID-19,2022,March,50-59,"Third dose or booster, less than 21 days ago",<3,1057,x,,x,x
Female,Deaths involving COVID-19,2022,March,50-59,"Third dose or booster, at least 21 days ago",26,262325,9.7,,6.3,14.2
Female,Deaths involving COVID-19,2022,March,50-59,"Fourth dose or booster, less than 21 days ago",<3,119,x,,x,x
Female,Deaths involving COVID-19,2022,March,50-59,"Fourth dose or booster, at least 21 days ago",<3,92,x,,x,x
Female,Deaths involving COVID-19,2022,March,60-69,Unvaccinated,8,10711,79.2,u,33.8,156.7
Female,Deaths involving COVID-19,2022,March,60-69,"First dose, less than 21 days ago",<3,21,x,,x,x
Female,Deaths involving COVID-19,2022,March,60-69,"First dose, at least 21 days ago",3,1620,205.1,u,40.1,604.6
Female,Deaths involving COVID-19,2022,March,60-69,"Second dose, less than 21 days ago",<3,81,x,,x,x
Female,Deaths involving COVID-19,2022,March,60-69,"Second dose, at least 21 days ago",13,14118,95.7,u,49.9,165.2
Female,Deaths involving COVID-19,2022,March,60-69,"Third dose or booster, less than 21 days ago",<3,450,x,,x,x
Female,Deaths involving COVID-19,2022,March,60-69,"Third dose or booster, at least 21 days ago",62,229598,27.2,,20.9,34.9
Female,Deaths involving COVID-19,2022,March,60-69,"Fourth dose or booster, less than 21 days ago",<3,144,x,,x,x
Female,Deaths involving COVID-19,2022,March,60-69,"Fourth dose or booster, at least 21 days ago",<3,69,x,,x,x
Female,Deaths involving COVID-19,2022,March,70-79,Unvaccinated,27,5565,502.6,,330.9,731.7
Female,Deaths involving COVID-19,2022,March,70-79,"First dose, less than 21 days ago",<3,9,x,,x,x
Female,Deaths involving COVID-19,2022,March,70-79,"First dose, at least 21 days ago",4,752,551.7,u,149.9,1413.5
Female,Deaths involving COVID-19,2022,March,70-79,"Second dose, less than 21 days ago",<3,30,x,,x,x
Female,Deaths involving COVID-19,2022,March,70-79,"Second dose, at least 21 days ago",33,6056,562.8,,387,790.9
Female,Deaths involving COVID-19,2022,March,70-79,"Third dose or booster, less than 21 days ago",<3,222,x,,x,x
Female,Deaths involving COVID-19,2022,March,70-79,"Third dose or booster, at least 21 days ago",192,198797,95.9,,82.3,109.4
Female,Deaths involving COVID-19,2022,March,70-79,"Fourth dose or booster, less than 21 days ago",<3,1725,x,,x,x
Female,Deaths involving COVID-19,2022,March,70-79,"Fourth dose or booster, at least 21 days ago",<3,50,x,,x,x
Female,Deaths involving COVID-19,2022,March,80-89,Unvaccinated,37,2693,1361,,957.7,1876.8
Female,Deaths involving COVID-19,2022,March,80-89,"First dose, less than 21 days ago",<3,5,x,,x,x
Female,Deaths involving COVID-19,2022,March,80-89,"First dose, at least 21 days ago",13,373,3327.2,u,1758.4,5709.8
Female,Deaths involving COVID-19,2022,March,80-89,"Second dose, less than 21 days ago",<3,16,x,,x,x
Female,Deaths involving COVID-19,2022,March,80-89,"Second dose, at least 21 days ago",49,3171,1531.6,,1130.7,2027.9
Female,Deaths involving COVID-19,2022,March,80-89,"Third dose or booster, less than 21 days ago",<3,130,x,,x,x
Female,Deaths involving COVID-19,2022,March,80-89,"Third dose or booster, at least 21 days ago",417,98902,415.6,,375.6,455.5
Female,Deaths involving COVID-19,2022,March,80-89,"Fourth dose or booster, less than 21 days ago",3,2069,149.3,u,30.7,436.7
Female,Deaths involving COVID-19,2022,March,80-89,"Fourth dose or booster, at least 21 days ago",<3,32,x,,x,x
Female,Deaths involving COVID-19,2022,March,90+,Unvaccinated,24,791,3035.9,,1944.6,4517.4
Female,Deaths involving COVID-19,2022,March,90+,"First dose, less than 21 days ago",<3,2,x,,x,x
Female,Deaths involving COVID-19,2022,March,90+,"First dose, at least 21 days ago",7,126,5571.4,u,2232,11479.7
Female,Deaths involving COVID-19,2022,March,90+,"Second dose, less than 21 days ago",<3,5,x,,x,x
Female,Deaths involving COVID-19,2022,March,90+,"Second dose, at least 21 days ago",44,983,4474.3,,3250.7,6006.7
Female,Deaths involving COVID-19,2022,March,90+,"Third dose or booster, less than 21 days ago",<3,48,x,,x,x
Female,Deaths involving COVID-19,2022,March,90+,"Third dose or booster, at least 21 days ago",422,24874,1696.6,,1538.5,1866.4
Female,Deaths involving COVID-19,2022,March,90+,"Fourth dose or booster, less than 21 days ago",<3,343,x,,x,x
Female,Deaths involving COVID-19,2022,March,90+,"Fourth dose or booster, at least 21 days ago",<3,10,x,,x,x
Female,Deaths involving COVID-19,2022,April,18-39,Unvaccinated,<3,97846,x,,x,x
Female,Deaths involving COVID-19,2022,April,18-39,"First dose, less than 21 days ago",<3,574,x,,x,x
Female,Deaths involving COVID-19,2022,April,18-39,"First dose, at least 21 days ago",<3,23502,x,,x,x
Female,Deaths involving COVID-19,2022,April,18-39,"Second dose, less than 21 days ago",<3,1878,x,,x,x
Female,Deaths involving COVID-19,2022,April,18-39,"Second dose, at least 21 days ago",3,155039,1.9,u,0.4,5.4
Female,Deaths involving COVID-19,2022,April,18-39,"Third dose or booster, less than 21 days ago",<3,4878,x,,x,x
Female,Deaths involving COVID-19,2022,April,18-39,"Third dose or booster, at least 21 days ago",3,309180,0.9,u,0.2,2.7
Female,Deaths involving COVID-19,2022,April,18-39,"Fourth dose or booster, less than 21 days ago",<3,408,x,,x,x
Female,Deaths involving COVID-19,2022,April,18-39,"Fourth dose or booster, at least 21 days ago",<3,257,x,,x,x
Female,Deaths involving COVID-19,2022,April,40-49,Unvaccinated,5,26807,19.6,u,6.2,46.1
Female,Deaths involving COVID-19,2022,April,40-49,"First dose, less than 21 days ago",<3,67,x,,x,x
Female,Deaths involving COVID-19,2022,April,40-49,"First dose, at least 21 days ago",<3,5027,x,,x,x
Female,Deaths involving COVID-19,2022,April,40-49,"Second dose, less than 21 days ago",<3,252,x,,x,x
Female,Deaths involving COVID-19,2022,April,40-49,"Second dose, at least 21 days ago",3,45952,6.4,u,1.3,18.7
Female,Deaths involving COVID-19,2022,April,40-49,"Third dose or booster, less than 21 days ago",<3,1132,x,,x,x
Female,Deaths involving COVID-19,2022,April,40-49,"Third dose or booster, at least 21 days ago",8,201503,4,u,1.7,7.9
Female,Deaths involving COVID-19,2022,April,40-49,"Fourth dose or booster, less than 21 days ago",<3,550,x,,x,x
Female,Deaths involving COVID-19,2022,April,40-49,"Fourth dose or booster, at least 21 days ago",<3,272,x,,x,x
Female,Deaths involving COVID-19,2022,April,50-59,Unvaccinated,4,18096,23.1,u,6.3,59.3
Female,Deaths involving COVID-19,2022,April,50-59,"First dose, less than 21 days ago",<3,33,x,,x,x
Female,Deaths involving COVID-19,2022,April,50-59,"First dose, at least 21 days ago",3,3106,100.4,u,20.5,293.9
Female,Deaths involving COVID-19,2022,April,50-59,"Second dose, less than 21 days ago",<3,132,x,,x,x
Female,Deaths involving COVID-19,2022,April,50-59,"Second dose, at least 21 days ago",6,29066,20.9,u,7.6,45.5
Female,Deaths involving COVID-19,2022,April,50-59,"Third dose or booster, less than 21 days ago",<3,697,x,,x,x
Female,Deaths involving COVID-19,2022,April,50-59,"Third dose or booster, at least 21 days ago",35,253527,13.7,,9.5,19.1
Female,Deaths involving COVID-19,2022,April,50-59,"Fourth dose or booster, less than 21 days ago",<3,1149,x,,x,x
Female,Deaths involving COVID-19,2022,April,50-59,"Fourth dose or booster, at least 21 days ago",<3,480,x,,x,x
Female,Deaths involving COVID-19,2022,April,60-69,Unvaccinated,14,10399,143.5,u,77.9,241.5
Female,Deaths involving COVID-19,2022,April,60-69,"First dose, less than 21 days ago",<3,14,x,,x,x
Female,Deaths involving COVID-19,2022,April,60-69,"First dose, at least 21 days ago",5,1524,405,u,131.5,945.1
Female,Deaths involving COVID-19,2022,April,60-69,"Second dose, less than 21 days ago",<3,52,x,,x,x
Female,Deaths involving COVID-19,2022,April,60-69,"Second dose, at least 21 days ago",14,13441,113.3,u,60.9,191.7
Female,Deaths involving COVID-19,2022,April,60-69,"Third dose or booster, less than 21 days ago",<3,284,x,,x,x
Female,Deaths involving COVID-19,2022,April,60-69,"Third dose or booster, at least 21 days ago",87,221350,39.6,,31.7,48.8
Female,Deaths involving COVID-19,2022,April,60-69,"Fourth dose or booster, less than 21 days ago",<3,1484,x,,x,x
Female,Deaths involving COVID-19,2022,April,60-69,"Fourth dose or booster, at least 21 days ago",<3,552,x,,x,x
Female,Deaths involving COVID-19,2022,April,70-79,Unvaccinated,22,5394,422.7,,264.6,640.4
Female,Deaths involving COVID-19,2022,April,70-79,"First dose, less than 21 days ago",<3,6,x,,x,x
Female,Deaths involving COVID-19,2022,April,70-79,"First dose, at least 21 days ago",6,709,853.7,u,312.5,1859.5
Female,Deaths involving COVID-19,2022,April,70-79,"Second dose, less than 21 days ago",<3,21,x,,x,x
Female,Deaths involving COVID-19,2022,April,70-79,"Second dose, at least 21 days ago",34,5631,633.6,,438.3,886
Female,Deaths involving COVID-19,2022,April,70-79,"Third dose or booster, less than 21 days ago",<3,183,x,,x,x
Female,Deaths involving COVID-19,2022,April,70-79,"Third dose or booster, at least 21 days ago",269,163304,177.3,,155.9,198.7
Female,Deaths involving COVID-19,2022,April,70-79,"Fourth dose or booster, less than 21 days ago",6,24549,95.1,u,15.1,243.9
Female,Deaths involving COVID-19,2022,April,70-79,"Fourth dose or booster, at least 21 days ago",<3,6831,x,,x,x
Female,Deaths involving COVID-19,2022,April,80-89,Unvaccinated,41,2596,1568.9,,1125.2,2129.2
Female,Deaths involving COVID-19,2022,April,80-89,"First dose, less than 21 days ago",<3,5,x,,x,x
Female,Deaths involving COVID-19,2022,April,80-89,"First dose, at least 21 days ago",4,349,1058.2,u,283.3,2720.3
Female,Deaths involving COVID-19,2022,April,80-89,"Second dose, less than 21 days ago",<3,11,x,,x,x
Female,Deaths involving COVID-19,2022,April,80-89,"Second dose, at least 21 days ago",47,2844,1630.7,,1195.8,2171.4
Female,Deaths involving COVID-19,2022,April,80-89,"Third dose or booster, less than 21 days ago",<3,153,x,,x,x
Female,Deaths involving COVID-19,2022,April,80-89,"Third dose or booster, at least 21 days ago",569,62152,893.8,,820.2,967.4
Female,Deaths involving COVID-19,2022,April,80-89,"Fourth dose or booster, less than 21 days ago",17,27621,61.2,u,35.7,98
Female,Deaths involving COVID-19,2022,April,80-89,"Fourth dose or booster, at least 21 days ago",8,8382,96.8,u,41.8,190.7
Female,Deaths involving COVID-19,2022,April,90+,Unvaccinated,30,759,3952.9,,2666.5,5643.3
Female,Deaths involving COVID-19,2022,April,90+,"First dose, less than 21 days ago",<3,2,x,,x,x
Female,Deaths involving COVID-19,2022,April,90+,"First dose, at least 21 days ago",6,114,5250.6,u,1917.3,11428.7
Female,Deaths involving COVID-19,2022,April,90+,"Second dose, less than 21 days ago",<3,5,x,,x,x
Female,Deaths involving COVID-19,2022,April,90+,"Second dose, at least 21 days ago",39,857,4550.6,,3235.5,6221
Female,Deaths involving COVID-19,2022,April,90+,"Third dose or booster, less than 21 days ago",<3,67,x,,x,x
Female,Deaths involving COVID-19,2022,April,90+,"Third dose or booster, at least 21 days ago",512,17418,2939.5,,2690.4,3205.5
Female,Deaths involving COVID-19,2022,April,90+,"Fourth dose or booster, less than 21 days ago",25,5636,443.6,,287,654.8
Female,Deaths involving COVID-19,2022,April,90+,"Fourth dose or booster, at least 21 days ago",7,1496,467.8,u,187.4,963.9
Female,Deaths involving COVID-19,2022,May,18-39,Unvaccinated,<3,100564,x,,x,x
Female,Deaths involving COVID-19,2022,May,18-39,"First dose, less than 21 days ago",<3,461,x,,x,x
Female,Deaths involving COVID-19,2022,May,18-39,"First dose, at least 21 days ago",<3,23276,x,,x,x
Female,Deaths involving COVID-19,2022,May,18-39,"Second dose, less than 21 days ago",<3,1408,x,,x,x
Female,Deaths involving COVID-19,2022,May,18-39,"Second dose, at least 21 days ago",<3,156314,x,,x,x
Female,Deaths involving COVID-19,2022,May,18-39,"Third dose or booster, less than 21 days ago",<3,4749,x,,x,x
Female,Deaths involving COVID-19,2022,May,18-39,"Third dose or booster, at least 21 days ago",4,324786,1.2,u,0.3,3.2
Female,Deaths involving COVID-19,2022,May,18-39,"Fourth dose or booster, less than 21 days ago",<3,415,x,,x,x
Female,Deaths involving COVID-19,2022,May,18-39,"Fourth dose or booster, at least 21 days ago",<3,883,x,,x,x
Female,Deaths involving COVID-19,2022,May,40-49,Unvaccinated,<3,27735,x,,x,x
Female,Deaths involving COVID-19,2022,May,40-49,"First dose, less than 21 days ago",<3,56,x,,x,x
Female,Deaths involving COVID-19,2022,May,40-49,"First dose, at least 21 days ago",<3,5075,x,,x,x
Female,Deaths involving COVID-19,2022,May,40-49,"Second dose, less than 21 days ago",<3,162,x,,x,x
Female,Deaths involving COVID-19,2022,May,40-49,"Second dose, at least 21 days ago",<3,46558,x,,x,x
Female,Deaths involving COVID-19,2022,May,40-49,"Third dose or booster, less than 21 days ago",<3,977,x,,x,x
Female,Deaths involving COVID-19,2022,May,40-49,"Third dose or booster, at least 21 days ago",4,208658,1.9,u,0.5,4.9
Female,Deaths involving COVID-19,2022,May,40-49,"Fourth dose or booster, less than 21 days ago",<3,590,x,,x,x
Female,Deaths involving COVID-19,2022,May,40-49,"Fourth dose or booster, at least 21 days ago",<3,1117,x,,x,x
Female,Deaths involving COVID-19,2022,May,50-59,Unvaccinated,3,18711,15.4,u,3.2,45
Female,Deaths involving COVID-19,2022,May,50-59,"First dose, less than 21 days ago",<3,24,x,,x,x
Female,Deaths involving COVID-19,2022,May,50-59,"First dose, at least 21 days ago",<3,3148,x,,x,x
Female,Deaths involving COVID-19,2022,May,50-59,"Second dose, less than 21 days ago",<3,76,x,,x,x
Female,Deaths involving COVID-19,2022,May,50-59,"Second dose, at least 21 days ago",<3,29443,x,,x,x
Female,Deaths involving COVID-19,2022,May,50-59,"Third dose or booster, less than 21 days ago",<3,593,x,,x,x
Female,Deaths involving COVID-19,2022,May,50-59,"Third dose or booster, at least 21 days ago",17,260951,6.4,u,3.7,10.3
Female,Deaths involving COVID-19,2022,May,50-59,"Fourth dose or booster, less than 21 days ago",<3,1177,x,,x,x
Female,Deaths involving COVID-19,2022,May,50-59,"Fourth dose or booster, at least 21 days ago",<3,2241,x,,x,x
Female,Deaths involving COVID-19,2022,May,60-69,Unvaccinated,3,10787,29.8,u,6,87.6
Female,Deaths involving COVID-19,2022,May,60-69,"First dose, less than 21 days ago",<3,9,x,,x,x
Female,Deaths involving COVID-19,2022,May,60-69,"First dose, at least 21 days ago",4,1555,293.2,u,77.6,755.6
Female,Deaths involving COVID-19,2022,May,60-69,"Second dose, less than 21 days ago",<3,32,x,,x,x
Female,Deaths involving COVID-19,2022,May,60-69,"Second dose, at least 21 days ago",4,13697,30.8,u,7.9,80
Female,Deaths involving COVID-19,2022,May,60-69,"Third dose or booster, less than 21 days ago",<3,235,x,,x,x
Female,Deaths involving COVID-19,2022,May,60-69,"Third dose or booster, at least 21 days ago",41,227026,18.2,,13.1,24.8
Female,Deaths involving COVID-19,2022,May,60-69,"Fourth dose or booster, less than 21 days ago",<3,1661,x,,x,x
Female,Deaths involving COVID-19,2022,May,60-69,"Fourth dose or booster, at least 21 days ago",<3,2863,x,,x,x
Female,Deaths involving COVID-19,2022,May,70-79,Unvaccinated,10,5583,185.9,u,89,342.2
Female,Deaths involving COVID-19,2022,May,70-79,"First dose, less than 21 days ago",<3,6,x,,x,x
Female,Deaths involving COVID-19,2022,May,70-79,"First dose, at least 21 days ago",<3,721,x,,x,x
Female,Deaths involving COVID-19,2022,May,70-79,"Second dose, less than 21 days ago",<3,14,x,,x,x
Female,Deaths involving COVID-19,2022,May,70-79,"Second dose, at least 21 days ago",13,5619,230.8,u,122.4,395.3
Female,Deaths involving COVID-19,2022,May,70-79,"Third dose or booster, less than 21 days ago",<3,156,x,,x,x
Female,Deaths involving COVID-19,2022,May,70-79,"Third dose or booster, at least 21 days ago",118,133929,118.5,,95.2,141.9
Female,Deaths involving COVID-19,2022,May,70-79,"Fourth dose or booster, less than 21 days ago",6,22981,12.8,u,4.7,27.9
Female,Deaths involving COVID-19,2022,May,70-79,"Fourth dose or booster, at least 21 days ago",6,44782,39.5,u,0.7,111.4
Female,Deaths involving COVID-19,2022,May,80-89,Unvaccinated,15,2672,545,u,304.7,899.4
Female,Deaths involving COVID-19,2022,May,80-89,"First dose, less than 21 days ago",<3,5,x,,x,x
Female,Deaths involving COVID-19,2022,May,80-89,"First dose, at least 21 days ago",3,349,746.3,u,153.9,2181
Female,Deaths involving COVID-19,2022,May,80-89,"Second dose, less than 21 days ago",<3,12,x,,x,x
Female,Deaths involving COVID-19,2022,May,80-89,"Second dose, at least 21 days ago",27,2677,971.4,,638.9,1415
Female,Deaths involving COVID-19,2022,May,80-89,"Third dose or booster, less than 21 days ago",<3,174,x,,x,x
Female,Deaths involving COVID-19,2022,May,80-89,"Third dose or booster, at least 21 days ago",194,32766,575.8,,494.5,657.2
Female,Deaths involving COVID-19,2022,May,80-89,"Fourth dose or booster, less than 21 days ago",14,19340,70,u,38.2,117.5
Female,Deaths involving COVID-19,2022,May,80-89,"Fourth dose or booster, at least 21 days ago",28,49810,56.1,,37.3,81.1
Female,Deaths involving COVID-19,2022,May,90+,Unvaccinated,11,778,1414.7,u,705.2,2531.4
Female,Deaths involving COVID-19,2022,May,90+,"First dose, less than 21 days ago",<3,3,x,,x,x
Female,Deaths involving COVID-19,2022,May,90+,"First dose, at least 21 days ago",<3,111,x,,x,x
Female,Deaths involving COVID-19,2022,May,90+,"Second dose, less than 21 days ago",<3,6,x,,x,x
Female,Deaths involving COVID-19,2022,May,90+,"Second dose, at least 21 days ago",15,753,1992.7,u,1114.4,3286.8
Female,Deaths involving COVID-19,2022,May,90+,"Third dose or booster, less than 21 days ago",<3,92,x,,x,x
Female,Deaths involving COVID-19,2022,May,90+,"Third dose or booster, at least 21 days ago",167,9752,1712.4,,1462.5,1992.8
Female,Deaths involving COVID-19,2022,May,90+,"Fourth dose or booster, less than 21 days ago",11,5376,204.6,u,102,366.1
Female,Deaths involving COVID-19,2022,May,90+,"Fourth dose or booster, at least 21 days ago",22,10421,211.1,,132.3,319.6
Female,Deaths involving COVID-19,2022,June,18-39,Unvaccinated,<3,96992,x,,x,x
Female,Deaths involving COVID-19,2022,June,18-39,"First dose, less than 21 days ago",<3,260,x,,x,x
Female,Deaths involving COVID-19,2022,June,18-39,"First dose, at least 21 days ago",<3,21934,x,,x,x
Female,Deaths involving COVID-19,2022,June,18-39,"Second dose, less than 21 days ago",<3,921,x,,x,x
Female,Deaths involving COVID-19,2022,June,18-39,"Second dose, at least 21 days ago",<3,148474,x,,x,x
Female,Deaths involving COVID-19,2022,June,18-39,"Third dose or booster, less than 21 days ago",<3,3154,x,,x,x
Female,Deaths involving COVID-19,2022,June,18-39,"Third dose or booster, at least 21 days ago",<3,318989,x,,x,x
Female,Deaths involving COVID-19,2022,June,18-39,"Fourth dose or booster, less than 21 days ago",<3,337,x,,x,x
Female,Deaths involving COVID-19,2022,June,18-39,"Fourth dose or booster, at least 21 days ago",<3,1408,x,,x,x
Female,Deaths involving COVID-19,2022,June,40-49,Unvaccinated,<3,26897,x,,x,x
Female,Deaths involving COVID-19,2022,June,40-49,"First dose, less than 21 days ago",<3,35,x,,x,x
Female,Deaths involving COVID-19,2022,June,40-49,"First dose, at least 21 days ago",<3,4847,x,,x,x
Female,Deaths involving COVID-19,2022,June,40-49,"Second dose, less than 21 days ago",<3,105,x,,x,x
Female,Deaths involving COVID-19,2022,June,40-49,"Second dose, at least 21 days ago",3,44495,6.6,u,1.3,19.3
Female,Deaths involving COVID-19,2022,June,40-49,"Third dose or booster, less than 21 days ago",<3,593,x,,x,x
Female,Deaths involving COVID-19,2022,June,40-49,"Third dose or booster, at least 21 days ago",7,202149,3.5,u,1.4,7.2
Female,Deaths involving COVID-19,2022,June,40-49,"Fourth dose or booster, less than 21 days ago",<3,491,x,,x,x
Female,Deaths involving COVID-19,2022,June,40-49,"Fourth dose or booster, at least 21 days ago",<3,1869,x,,x,x
Female,Deaths involving COVID-19,2022,June,50-59,Unvaccinated,<3,18127,x,,x,x
Female,Deaths involving COVID-19,2022,June,50-59,"First dose, less than 21 days ago",<3,20,x,,x,x
Female,Deaths involving COVID-19,2022,June,50-59,"First dose, at least 21 days ago",<3,3019,x,,x,x
Female,Deaths involving COVID-19,2022,June,50-59,"Second dose, less than 21 days ago",<3,47,x,,x,x
Female,Deaths involving COVID-19,2022,June,50-59,"Second dose, at least 21 days ago",3,28169,11.1,u,2.3,32.4
Female,Deaths involving COVID-19,2022,June,50-59,"Third dose or booster, less than 21 days ago",<3,333,x,,x,x
Female,Deaths involving COVID-19,2022,June,50-59,"Third dose or booster, at least 21 days ago",16,251594,6.3,u,3.6,10.3
Female,Deaths involving COVID-19,2022,June,50-59,"Fourth dose or booster, less than 21 days ago",<3,992,x,,x,x
Female,Deaths involving COVID-19,2022,June,50-59,"Fourth dose or booster, at least 21 days ago",<3,3743,x,,x,x
Female,Deaths involving COVID-19,2022,June,60-69,Unvaccinated,6,10483,64.1,u,23.4,139.9
Female,Deaths involving COVID-19,2022,June,60-69,"First dose, less than 21 days ago",<3,8,x,,x,x
Female,Deaths involving COVID-19,2022,June,60-69,"First dose, at least 21 days ago",<3,1496,x,,x,x
Female,Deaths involving COVID-19,2022,June,60-69,"Second dose, less than 21 days ago",<3,18,x,,x,x
Female,Deaths involving COVID-19,2022,June,60-69,"Second dose, at least 21 days ago",3,13179,19,u,3.9,55.5
Female,Deaths involving COVID-19,2022,June,60-69,"Third dose or booster, less than 21 days ago",<3,130,x,,x,x
Female,Deaths involving COVID-19,2022,June,60-69,"Third dose or booster, at least 21 days ago",26,218342,12.1,,7.9,17.8
Female,Deaths involving COVID-19,2022,June,60-69,"Fourth dose or booster, less than 21 days ago",<3,1443,x,,x,x
Female,Deaths involving COVID-19,2022,June,60-69,"Fourth dose or booster, at least 21 days ago",<3,5000,x,,x,x
Female,Deaths involving COVID-19,2022,June,70-79,Unvaccinated,5,5415,96.9,u,31.4,226.4
Female,Deaths involving COVID-19,2022,June,70-79,"First dose, less than 21 days ago",<3,4,x,,x,x
Female,Deaths involving COVID-19,2022,June,70-79,"First dose, at least 21 days ago",<3,695,x,,x,x
Female,Deaths involving COVID-19,2022,June,70-79,"Second dose, less than 21 days ago",<3,8,x,,x,x
Female,Deaths involving COVID-19,2022,June,70-79,"Second dose, at least 21 days ago",5,5333,93.9,u,30.1,219.7
Female,Deaths involving COVID-19,2022,June,70-79,"Third dose or booster, less than 21 days ago",<3,82,x,,x,x
Female,Deaths involving COVID-19,2022,June,70-79,"Third dose or booster, at least 21 days ago",66,116406,100.5,,74.1,132.3
Female,Deaths involving COVID-19,2022,June,70-79,"Fourth dose or booster, less than 21 days ago",<3,8177,x,,x,x
Female,Deaths involving COVID-19,2022,June,70-79,"Fourth dose or booster, at least 21 days ago",18,71052,42.1,u,9.9,88.1
Female,Deaths involving COVID-19,2022,June,80-89,Unvaccinated,12,2583,446.2,u,230.3,779.8
Female,Deaths involving COVID-19,2022,June,80-89,"First dose, less than 21 days ago",<3,3,x,,x,x
Female,Deaths involving COVID-19,2022,June,80-89,"First dose, at least 21 days ago",<3,333,x,,x,x
Female,Deaths involving COVID-19,2022,June,80-89,"Second dose, less than 21 days ago",<3,7,x,,x,x
Female,Deaths involving COVID-19,2022,June,80-89,"Second dose, at least 21 days ago",10,2444,391.2,u,187.1,720.3
Female,Deaths involving COVID-19,2022,June,80-89,"Third dose or booster, less than 21 days ago",<3,88,x,,x,x
Female,Deaths involving COVID-19,2022,June,80-89,"Third dose or booster, at least 21 days ago",84,20663,399.1,,318,494.5
Female,Deaths involving COVID-19,2022,June,80-89,"Fourth dose or booster, less than 21 days ago",5,6179,78.2,u,25.1,182.9
Female,Deaths involving COVID-19,2022,June,80-89,"Fourth dose or booster, at least 21 days ago",45,72308,61.4,,44.8,82.2
Female,Deaths involving COVID-19,2022,June,90+,Unvaccinated,10,748,1336.8,u,640,2458.6
Female,Deaths involving COVID-19,2022,June,90+,"First dose, less than 21 days ago",<3,2,x,,x,x
Female,Deaths involving COVID-19,2022,June,90+,"First dose, at least 21 days ago",<3,106,x,,x,x
Female,Deaths involving COVID-19,2022,June,90+,"Second dose, less than 21 days ago",<3,3,x,,x,x
Female,Deaths involving COVID-19,2022,June,90+,"Second dose, at least 21 days ago",11,653,1684,u,839.5,3013.4
Female,Deaths involving COVID-19,2022,June,90+,"Third dose or booster, less than 21 days ago",<3,47,x,,x,x
Female,Deaths involving COVID-19,2022,June,90+,"Third dose or booster, at least 21 days ago",47,5905,795.9,,584.7,1058.4
Female,Deaths involving COVID-19,2022,June,90+,"Fourth dose or booster, less than 21 days ago",4,2029,197.2,u,53,504.8
Female,Deaths involving COVID-19,2022,June,90+,"Fourth dose or booster, at least 21 days ago",52,17039,305.2,,227.9,400.2
Female,Deaths involving COVID-19,2022,July,18-39,Unvaccinated,3,100076,3.3,u,0.7,9.6
Female,Deaths involving COVID-19,2022,July,18-39,"First dose, less than 21 days ago",<3,179,x,,x,x
Female,Deaths involving COVID-19,2022,July,18-39,"First dose, at least 21 days ago",<3,22116,x,,x,x
Female,Deaths involving COVID-19,2022,July,18-39,"Second dose, less than 21 days ago",<3,754,x,,x,x
Female,Deaths involving COVID-19,2022,July,18-39,"Second dose, at least 21 days ago",<3,151034,x,,x,x
Female,Deaths involving COVID-19,2022,July,18-39,"Third dose or booster, less than 21 days ago",<3,2761,x,,x,x
Female,Deaths involving COVID-19,2022,July,18-39,"Third dose or booster, at least 21 days ago",4,332550,1.2,u,0.3,3
Female,Deaths involving COVID-19,2022,July,18-39,"Fourth dose or booster, less than 21 days ago",<3,355,x,,x,x
Female,Deaths involving COVID-19,2022,July,18-39,"Fourth dose or booster, at least 21 days ago",<3,1963,x,,x,x
Female,Deaths involving COVID-19,2022,July,40-49,Unvaccinated,<3,27891,x,,x,x
Female,Deaths involving COVID-19,2022,July,40-49,"First dose, less than 21 days ago",<3,25,x,,x,x
Female,Deaths involving COVID-19,2022,July,40-49,"First dose, at least 21 days ago",<3,4935,x,,x,x
Female,Deaths involving COVID-19,2022,July,40-49,"Second dose, less than 21 days ago",<3,99,x,,x,x
Female,Deaths involving COVID-19,2022,July,40-49,"Second dose, at least 21 days ago",6,45402,14.7,u,5.4,32
Female,Deaths involving COVID-19,2022,July,40-49,"Third dose or booster, less than 21 days ago",<3,624,x,,x,x
Female,Deaths involving COVID-19,2022,July,40-49,"Third dose or booster, at least 21 days ago",8,208673,3.8,u,1.6,7.5
Female,Deaths involving COVID-19,2022,July,40-49,"Fourth dose or booster, less than 21 days ago",<3,510,x,,x,x
Female,Deaths involving COVID-19,2022,July,40-49,"Fourth dose or booster, at least 21 days ago",<3,2680,x,,x,x
Female,Deaths involving COVID-19,2022,July,50-59,Unvaccinated,4,18750,21.8,u,5.9,55.9
Female,Deaths involving COVID-19,2022,July,50-59,"First dose, less than 21 days ago",<3,14,x,,x,x
Female,Deaths involving COVID-19,2022,July,50-59,"First dose, at least 21 days ago",<3,3106,x,,x,x
Female,Deaths involving COVID-19,2022,July,50-59,"Second dose, less than 21 days ago",<3,38,x,,x,x
Female,Deaths involving COVID-19,2022,July,50-59,"Second dose, at least 21 days ago",5,28873,18.4,u,5.9,42.9
Female,Deaths involving COVID-19,2022,July,50-59,"Third dose or booster, less than 21 days ago",<3,278,x,,x,x
Female,Deaths involving COVID-19,2022,July,50-59,"Third dose or booster, at least 21 days ago",37,258640,14.1,,9.9,19.5
Female,Deaths involving COVID-19,2022,July,50-59,"Fourth dose or booster, less than 21 days ago",<3,1028,x,,x,x
Female,Deaths involving COVID-19,2022,July,50-59,"Fourth dose or booster, at least 21 days ago",<3,5396,x,,x,x
Female,Deaths involving COVID-19,2022,July,60-69,Unvaccinated,8,10880,80.7,u,34.5,159.5
Female,Deaths involving COVID-19,2022,July,60-69,"First dose, less than 21 days ago",<3,6,x,,x,x
Female,Deaths involving COVID-19,2022,July,60-69,"First dose, at least 21 days ago",<3,1545,x,,x,x
Female,Deaths involving COVID-19,2022,July,60-69,"Second dose, less than 21 days ago",<3,14,x,,x,x
Female,Deaths involving COVID-19,2022,July,60-69,"Second dose, at least 21 days ago",12,13583,106.3,u,54.5,186.5
Female,Deaths involving COVID-19,2022,July,60-69,"Third dose or booster, less than 21 days ago",<3,101,x,,x,x
Female,Deaths involving COVID-19,2022,July,60-69,"Third dose or booster, at least 21 days ago",70,223917,31.6,,24.6,39.9
Female,Deaths involving COVID-19,2022,July,60-69,"Fourth dose or booster, less than 21 days ago",<3,1488,x,,x,x
Female,Deaths involving COVID-19,2022,July,60-69,"Fourth dose or booster, at least 21 days ago",7,7414,90.7,u,36.2,187.4
Female,Deaths involving COVID-19,2022,July,70-79,Unvaccinated,18,5607,322.3,u,190.7,509.7
Female,Deaths involving COVID-19,2022,July,70-79,"First dose, less than 21 days ago",<3,3,x,,x,x
Female,Deaths involving COVID-19,2022,July,70-79,"First dose, at least 21 days ago",6,710,851.1,u,311.8,1853.6
Female,Deaths involving COVID-19,2022,July,70-79,"Second dose, less than 21 days ago",<3,7,x,,x,x
Female,Deaths involving COVID-19,2022,July,70-79,"Second dose, at least 21 days ago",19,5449,362.8,u,217.7,567.7
Female,Deaths involving COVID-19,2022,July,70-79,"Third dose or booster, less than 21 days ago",<3,57,x,,x,x
Female,Deaths involving COVID-19,2022,July,70-79,"Third dose or booster, at least 21 days ago",158,114759,261,,211.2,310.8
Female,Deaths involving COVID-19,2022,July,70-79,"Fourth dose or booster, less than 21 days ago",<3,4151,x,,x,x
Female,Deaths involving COVID-19,2022,July,70-79,"Fourth dose or booster, at least 21 days ago",81,83509,131.7,,80,192.7
Female,Deaths involving COVID-19,2022,July,80-89,Unvaccinated,40,2667,1483.4,,1059.1,2020.8
Female,Deaths involving COVID-19,2022,July,80-89,"First dose, less than 21 days ago",<3,2,x,,x,x
Female,Deaths involving COVID-19,2022,July,80-89,"First dose, at least 21 days ago",3,341,833.3,u,168.1,2444.5
Female,Deaths involving COVID-19,2022,July,80-89,"Second dose, less than 21 days ago",<3,4,x,,x,x
Female,Deaths involving COVID-19,2022,July,80-89,"Second dose, at least 21 days ago",36,2446,1441.3,,1008.3,1996.8
Female,Deaths involving COVID-19,2022,July,80-89,"Third dose or booster, less than 21 days ago",<3,48,x,,x,x
Female,Deaths involving COVID-19,2022,July,80-89,"Third dose or booster, at least 21 days ago",193,17142,1101.9,,945.9,1257.9
Female,Deaths involving COVID-19,2022,July,80-89,"Fourth dose or booster, less than 21 days ago",8,2441,323,u,138.7,637.8
Female,Deaths involving COVID-19,2022,July,80-89,"Fourth dose or booster, at least 21 days ago",223,83256,263.6,,229,298.2
Female,Deaths involving COVID-19,2022,July,90+,Unvaccinated,19,770,2468.5,u,1485.5,3855.1
Female,Deaths involving COVID-19,2022,July,90+,"First dose, less than 21 days ago",<3,1,x,,x,x
Female,Deaths involving COVID-19,2022,July,90+,"First dose, at least 21 days ago",<3,108,x,,x,x
Female,Deaths involving COVID-19,2022,July,90+,"Second dose, less than 21 days ago",<3,2,x,,x,x
Female,Deaths involving COVID-19,2022,July,90+,"Second dose, at least 21 days ago",10,641,1560.6,u,747.1,2870.1
Female,Deaths involving COVID-19,2022,July,90+,"Third dose or booster, less than 21 days ago",<3,22,x,,x,x
Female,Deaths involving COVID-19,2022,July,90+,"Third dose or booster, at least 21 days ago",126,4752,2651.7,,2208.9,3157.3
Female,Deaths involving COVID-19,2022,July,90+,"Fourth dose or booster, less than 21 days ago",6,776,773.5,u,282.4,1683.6
Female,Deaths involving COVID-19,2022,July,90+,"Fourth dose or booster, at least 21 days ago",204,20448,997.6,,865.4,1144.3
Female,Deaths involving COVID-19,2022,August,18-39,Unvaccinated,<3,99987,x,,x,x
Female,Deaths involving COVID-19,2022,August,18-39,"First dose, less than 21 days ago",<3,147,x,,x,x
Female,Deaths involving COVID-19,2022,August,18-39,"First dose, at least 21 days ago",<3,21794,x,,x,x
Female,Deaths involving COVID-19,2022,August,18-39,"Second dose, less than 21 days ago",<3,496,x,,x,x
Female,Deaths involving COVID-19,2022,August,18-39,"Second dose, at least 21 days ago",<3,149214,x,,x,x
Female,Deaths involving COVID-19,2022,August,18-39,"Third dose or booster, less than 21 days ago",<3,2035,x,,x,x
Female,Deaths involving COVID-19,2022,August,18-39,"Third dose or booster, at least 21 days ago",4,335007,1,u,0.3,2.7
Female,Deaths involving COVID-19,2022,August,18-39,"Fourth dose or booster, less than 21 days ago",<3,170,x,,x,x
Female,Deaths involving COVID-19,2022,August,18-39,"Fourth dose or booster, at least 21 days ago",<3,2424,x,,x,x
Female,Deaths involving COVID-19,2022,August,40-49,Unvaccinated,4,28000,15.8,u,4.2,40.6
Female,Deaths involving COVID-19,2022,August,40-49,"First dose, less than 21 days ago",<3,20,x,,x,x
Female,Deaths involving COVID-19,2022,August,40-49,"First dose, at least 21 days ago",<3,4896,x,,x,x
Female,Deaths involving COVID-19,2022,August,40-49,"Second dose, less than 21 days ago",<3,61,x,,x,x
Female,Deaths involving COVID-19,2022,August,40-49,"Second dose, at least 21 days ago",<3,45050,x,,x,x
Female,Deaths involving COVID-19,2022,August,40-49,"Third dose or booster, less than 21 days ago",<3,406,x,,x,x
Female,Deaths involving COVID-19,2022,August,40-49,"Third dose or booster, at least 21 days ago",6,208941,2.9,u,1.1,6.2
Female,Deaths involving COVID-19,2022,August,40-49,"Fourth dose or booster, less than 21 days ago",<3,210,x,,x,x
Female,Deaths involving COVID-19,2022,August,40-49,"Fourth dose or booster, at least 21 days ago",<3,3329,x,,x,x
Female,Deaths involving COVID-19,2022,August,50-59,Unvaccinated,3,18776,15.4,u,3.2,45
Female,Deaths involving COVID-19,2022,August,50-59,"First dose, less than 21 days ago",<3,12,x,,x,x
Female,Deaths involving COVID-19,2022,August,50-59,"First dose, at least 21 days ago",<3,3094,x,,x,x
Female,Deaths involving COVID-19,2022,August,50-59,"Second dose, less than 21 days ago",<3,28,x,,x,x
Female,Deaths involving COVID-19,2022,August,50-59,"Second dose, at least 21 days ago",3,28700,10.3,u,2.1,30.1
Female,Deaths involving COVID-19,2022,August,50-59,"Third dose or booster, less than 21 days ago",<3,220,x,,x,x
Female,Deaths involving COVID-19,2022,August,50-59,"Third dose or booster, at least 21 days ago",19,258095,7.3,u,4.4,11.4
Female,Deaths involving COVID-19,2022,August,50-59,"Fourth dose or booster, less than 21 days ago",<3,403,x,,x,x
Female,Deaths involving COVID-19,2022,August,50-59,"Fourth dose or booster, at least 21 days ago",<3,6723,x,,x,x
Female,Deaths involving COVID-19,2022,August,60-69,Unvaccinated,9,10930,93.6,u,42.7,178
Female,Deaths involving COVID-19,2022,August,60-69,"First dose, less than 21 days ago",<3,4,x,,x,x
Female,Deaths involving COVID-19,2022,August,60-69,"First dose, at least 21 days ago",<3,1547,x,,x,x
Female,Deaths involving COVID-19,2022,August,60-69,"Second dose, less than 21 days ago",<3,11,x,,x,x
Female,Deaths involving COVID-19,2022,August,60-69,"Second dose, at least 21 days ago",8,13584,68.7,u,29.1,136.2
Female,Deaths involving COVID-19,2022,August,60-69,"Third dose or booster, less than 21 days ago",<3,75,x,,x,x
Female,Deaths involving COVID-19,2022,August,60-69,"Third dose or booster, at least 21 days ago",42,223437,19,,13.7,25.6
Female,Deaths involving COVID-19,2022,August,60-69,"Fourth dose or booster, less than 21 days ago",<3,532,x,,x,x
Female,Deaths involving COVID-19,2022,August,60-69,"Fourth dose or booster, at least 21 days ago",4,9308,40.9,u,11,105.2
Female,Deaths involving COVID-19,2022,August,70-79,Unvaccinated,6,5622,110,u,40.3,239.6
Female,Deaths involving COVID-19,2022,August,70-79,"First dose, less than 21 days ago",<3,2,x,,x,x
Female,Deaths involving COVID-19,2022,August,70-79,"First dose, at least 21 days ago",<3,707,x,,x,x
Female,Deaths involving COVID-19,2022,August,70-79,"Second dose, less than 21 days ago",<3,4,x,,x,x
Female,Deaths involving COVID-19,2022,August,70-79,"Second dose, at least 21 days ago",11,5424,197.6,u,98.2,354.3
Female,Deaths involving COVID-19,2022,August,70-79,"Third dose or booster, less than 21 days ago",<3,31,x,,x,x
Female,Deaths involving COVID-19,2022,August,70-79,"Third dose or booster, at least 21 days ago",80,113847,127.2,,94.5,165.7
Female,Deaths involving COVID-19,2022,August,70-79,"Fourth dose or booster, less than 21 days ago",<3,1199,x,,x,x
Female,Deaths involving COVID-19,2022,August,70-79,"Fourth dose or booster, at least 21 days ago",58,87617,129.8,,79.3,191.2
Female,Deaths involving COVID-19,2022,August,80-89,Unvaccinated,17,2662,638,u,371.3,1022.1
Female,Deaths involving COVID-19,2022,August,80-89,"First dose, less than 21 days ago",<3,1,x,,x,x
Female,Deaths involving COVID-19,2022,August,80-89,"First dose, at least 21 days ago",3,340,839.2,u,169.8,2460.3
Female,Deaths involving COVID-19,2022,August,80-89,"Second dose, less than 21 days ago",<3,2,x,,x,x
Female,Deaths involving COVID-19,2022,August,80-89,"Second dose, at least 21 days ago",13,2412,540.8,u,287.4,925.6
Female,Deaths involving COVID-19,2022,August,80-89,"Third dose or booster, less than 21 days ago",<3,17,x,,x,x
Female,Deaths involving COVID-19,2022,August,80-89,"Third dose or booster, at least 21 days ago",97,15941,603.6,,489.1,736.8
Female,Deaths involving COVID-19,2022,August,80-89,"Fourth dose or booster, less than 21 days ago",<3,606,x,,x,x
Female,Deaths involving COVID-19,2022,August,80-89,"Fourth dose or booster, at least 21 days ago",181,86602,205.3,,175.4,235.3
Female,Deaths involving COVID-19,2022,August,90+,Unvaccinated,14,766,1826.7,u,997.8,3065.1
Female,Deaths involving COVID-19,2022,August,90+,"First dose, less than 21 days ago",<3,1,x,,x,x
Female,Deaths involving COVID-19,2022,August,90+,"First dose, at least 21 days ago",<3,108,x,,x,x
Female,Deaths involving COVID-19,2022,August,90+,"Second dose, less than 21 days ago",<3,1,x,,x,x
Female,Deaths involving COVID-19,2022,August,90+,"Second dose, at least 21 days ago",14,633,2211.6,u,1208.1,3710.9
Female,Deaths involving COVID-19,2022,August,90+,"Third dose or booster, less than 21 days ago",<3,6,x,,x,x
Female,Deaths involving COVID-19,2022,August,90+,"Third dose or booster, at least 21 days ago",70,4386,1595.8,,1244,2016.3
Female,Deaths involving COVID-19,2022,August,90+,"Fourth dose or booster, less than 21 days ago",<3,179,x,,x,x
Female,Deaths involving COVID-19,2022,August,90+,"Fourth dose or booster, at least 21 days ago",155,21496,721.1,,612,844
Female,Deaths involving COVID-19,2022,September,18-39,Unvaccinated,<3,96750,x,,x,x
Female,Deaths involving COVID-19,2022,September,18-39,"First dose, less than 21 days ago",<3,100,x,,x,x
Female,Deaths involving COVID-19,2022,September,18-39,"First dose, at least 21 days ago",<3,21040,x,,x,x
Female,Deaths involving COVID-19,2022,September,18-39,"Second dose, less than 21 days ago",<3,273,x,,x,x
Female,Deaths involving COVID-19,2022,September,18-39,"Second dose, at least 21 days ago",<3,143962,x,,x,x
Female,Deaths involving COVID-19,2022,September,18-39,"Third dose or booster, less than 21 days ago",<3,744,x,,x,x
Female,Deaths involving COVID-19,2022,September,18-39,"Third dose or booster, at least 21 days ago",<3,323519,x,,x,x
Female,Deaths involving COVID-19,2022,September,18-39,"Fourth dose or booster, less than 21 days ago",<3,2107,x,,x,x
Female,Deaths involving COVID-19,2022,September,18-39,"Fourth dose or booster, at least 21 days ago",<3,2559,x,,x,x
Female,Deaths involving COVID-19,2022,September,40-49,Unvaccinated,<3,27204,x,,x,x
Female,Deaths involving COVID-19,2022,September,40-49,"First dose, less than 21 days ago",<3,14,x,,x,x
Female,Deaths involving COVID-19,2022,September,40-49,"First dose, at least 21 days ago",<3,4731,x,,x,x
Female,Deaths involving COVID-19,2022,September,40-49,"Second dose, less than 21 days ago",<3,33,x,,x,x
Female,Deaths involving COVID-19,2022,September,40-49,"Second dose, at least 21 days ago",<3,43606,x,,x,x
Female,Deaths involving COVID-19,2022,September,40-49,"Third dose or booster, less than 21 days ago",<3,127,x,,x,x
Female,Deaths involving COVID-19,2022,September,40-49,"Third dose or booster, at least 21 days ago",4,200334,2,u,0.5,5.1
Female,Deaths involving COVID-19,2022,September,40-49,"Fourth dose or booster, less than 21 days ago",<3,2090,x,,x,x
Female,Deaths involving COVID-19,2022,September,40-49,"Fourth dose or booster, at least 21 days ago",<3,3465,x,,x,x
Female,Deaths involving COVID-19,2022,September,50-59,Unvaccinated,5,18207,27.8,u,9,64.8
Female,Deaths involving COVID-19,2022,September,50-59,"First dose, less than 21 days ago",<3,7,x,,x,x
Female,Deaths involving COVID-19,2022,September,50-59,"First dose, at least 21 days ago",<3,2992,x,,x,x
Female,Deaths involving COVID-19,2022,September,50-59,"Second dose, less than 21 days ago",<3,18,x,,x,x
Female,Deaths involving COVID-19,2022,September,50-59,"Second dose, at least 21 days ago",3,27762,11.8,u,2.4,34.5
Female,Deaths involving COVID-19,2022,September,50-59,"Third dose or booster, less than 21 days ago",<3,85,x,,x,x
Female,Deaths involving COVID-19,2022,September,50-59,"Third dose or booster, at least 21 days ago",8,245547,3.3,u,1.4,6.4
Female,Deaths involving COVID-19,2022,September,50-59,"Fourth dose or booster, less than 21 days ago",<3,4148,x,,x,x
Female,Deaths involving COVID-19,2022,September,50-59,"Fourth dose or booster, at least 21 days ago",4,6989,63,u,16.8,162.1
Female,Deaths involving COVID-19,2022,September,60-69,Unvaccinated,<3,10626,x,,x,x
Female,Deaths involving COVID-19,2022,September,60-69,"First dose, less than 21 days ago",<3,4,x,,x,x
Female,Deaths involving COVID-19,2022,September,60-69,"First dose, at least 21 days ago",<3,1500,x,,x,x
Female,Deaths involving COVID-19,2022,September,60-69,"Second dose, less than 21 days ago",<3,8,x,,x,x
Female,Deaths involving COVID-19,2022,September,60-69,"Second dose, at least 21 days ago",<3,13200,x,,x,x
Female,Deaths involving COVID-19,2022,September,60-69,"Third dose or booster, less than 21 days ago",<3,30,x,,x,x
Female,Deaths involving COVID-19,2022,September,60-69,"Third dose or booster, at least 21 days ago",25,207235,12.5,,8.1,18.4
Female,Deaths involving COVID-19,2022,September,60-69,"Fourth dose or booster, less than 21 days ago",<3,9346,x,,x,x
Female,Deaths involving COVID-19,2022,September,60-69,"Fourth dose or booster, at least 21 days ago",<3,9640,x,,x,x
Female,Deaths involving COVID-19,2022,September,70-79,Unvaccinated,5,5460,91.4,u,29.6,213.5
Female,Deaths involving COVID-19,2022,September,70-79,"First dose, less than 21 days ago",<3,2,x,,x,x
Female,Deaths involving COVID-19,2022,September,70-79,"First dose, at least 21 days ago",<3,684,x,,x,x
Female,Deaths involving COVID-19,2022,September,70-79,"Second dose, less than 21 days ago",<3,3,x,,x,x
Female,Deaths involving COVID-19,2022,September,70-79,"Second dose, at least 21 days ago",7,5251,142.2,u,56.8,293.6
Female,Deaths involving COVID-19,2022,September,70-79,"Third dose or booster, less than 21 days ago",<3,10,x,,x,x
Female,Deaths involving COVID-19,2022,September,70-79,"Third dose or booster, at least 21 days ago",48,101522,90,,62.1,124.8
Female,Deaths involving COVID-19,2022,September,70-79,"Fourth dose or booster, less than 21 days ago",<3,9659,x,,x,x
Female,Deaths involving COVID-19,2022,September,70-79,"Fourth dose or booster, at least 21 days ago",38,85087,92.9,,50.5,147
Female,Deaths involving COVID-19,2022,September,80-89,Unvaccinated,6,2575,226.1,u,82.7,492.4
Female,Deaths involving COVID-19,2022,September,80-89,"First dose, less than 21 days ago",<3,1,x,,x,x
Female,Deaths involving COVID-19,2022,September,80-89,"First dose, at least 21 days ago",<3,327,x,,x,x
Female,Deaths involving COVID-19,2022,September,80-89,"Second dose, less than 21 days ago",<3,1,x,,x,x
Female,Deaths involving COVID-19,2022,September,80-89,"Second dose, at least 21 days ago",3,2325,130.4,u,26.7,381.6
Female,Deaths involving COVID-19,2022,September,80-89,"Third dose or booster, less than 21 days ago",<3,3,x,,x,x
Female,Deaths involving COVID-19,2022,September,80-89,"Third dose or booster, at least 21 days ago",51,14334,344.8,,256.5,453.7
Female,Deaths involving COVID-19,2022,September,80-89,"Fourth dose or booster, less than 21 days ago",<3,971,x,,x,x
Female,Deaths involving COVID-19,2022,September,80-89,"Fourth dose or booster, at least 21 days ago",108,84841,125.1,,101.5,148.7
Female,Deaths involving COVID-19,2022,September,90+,Unvaccinated,5,740,675.8,u,217.8,1577
Female,Deaths involving COVID-19,2022,September,90+,"First dose, less than 21 days ago",<3,0,x,,x,x
Female,Deaths involving COVID-19,2022,September,90+,"First dose, at least 21 days ago",3,104,2878.8,u,578.6,8411.3
Female,Deaths involving COVID-19,2022,September,90+,"Second dose, less than 21 days ago",<3,0,x,,x,x
Female,Deaths involving COVID-19,2022,September,90+,"Second dose, at least 21 days ago",3,613,489.2,u,98.3,1429.4
Female,Deaths involving COVID-19,2022,September,90+,"Third dose or booster, less than 21 days ago",<3,1,x,,x,x
Female,Deaths involving COVID-19,2022,September,90+,"Third dose or booster, at least 21 days ago",31,3883,798.4,,542.4,1133.4
Female,Deaths involving COVID-19,2022,September,90+,"Fourth dose or booster, less than 21 days ago",<3,316,x,,x,x
Female,Deaths involving COVID-19,2022,September,90+,"Fourth dose or booster, at least 21 days ago",87,21118,412,,330,508.2
Female,Deaths involving COVID-19,2022,October,18-39,Unvaccinated,<3,100031,x,,x,x
Female,Deaths involving COVID-19,2022,October,18-39,"First dose, less than 21 days ago",<3,86,x,,x,x
Female,Deaths involving COVID-19,2022,October,18-39,"First dose, at least 21 days ago",<3,21777,x,,x,x
Female,Deaths involving COVID-19,2022,October,18-39,"Second dose, less than 21 days ago",<3,212,x,,x,x
Female,Deaths involving COVID-19,2022,October,18-39,"Second dose, at least 21 days ago",3,149390,2,u,0.4,5.8
Female,Deaths involving COVID-19,2022,October,18-39,"Third dose or booster, less than 21 days ago",<3,58,x,,x,x
Female,Deaths involving COVID-19,2022,October,18-39,"Third dose or booster, at least 21 days ago",3,315409,0.9,u,0.2,2.6
Female,Deaths involving COVID-19,2022,October,18-39,"Fourth dose or booster, less than 21 days ago",<3,14778,x,,x,x
Female,Deaths involving COVID-19,2022,October,18-39,"Fourth dose or booster, at least 21 days ago",<3,8538,x,,x,x
Female,Deaths involving COVID-19,2022,October,40-49,Unvaccinated,<3,28218,x,,x,x
Female,Deaths involving COVID-19,2022,October,40-49,"First dose, less than 21 days ago",<3,13,x,,x,x
Female,Deaths involving COVID-19,2022,October,40-49,"First dose, at least 21 days ago",<3,4892,x,,x,x
Female,Deaths involving COVID-19,2022,October,40-49,"Second dose, less than 21 days ago",<3,31,x,,x,x
Female,Deaths involving COVID-19,2022,October,40-49,"Second dose, at least 21 days ago",4,45266,9.6,u,2.6,24.8
Female,Deaths involving COVID-19,2022,October,40-49,"Third dose or booster, less than 21 days ago",<3,12,x,,x,x
Female,Deaths involving COVID-19,2022,October,40-49,"Third dose or booster, at least 21 days ago",4,188296,2.1,u,0.6,5.5
Female,Deaths involving COVID-19,2022,October,40-49,"Fourth dose or booster, less than 21 days ago",<3,14869,x,,x,x
Female,Deaths involving COVID-19,2022,October,40-49,"Fourth dose or booster, at least 21 days ago",<3,9517,x,,x,x
Female,Deaths involving COVID-19,2022,October,50-59,Unvaccinated,<3,18859,x,,x,x
Female,Deaths involving COVID-19,2022,October,50-59,"First dose, less than 21 days ago",<3,6,x,,x,x
Female,Deaths involving COVID-19,2022,October,50-59,"First dose, at least 21 days ago",<3,3083,x,,x,x
Female,Deaths involving COVID-19,2022,October,50-59,"Second dose, less than 21 days ago",<3,18,x,,x,x
Female,Deaths involving COVID-19,2022,October,50-59,"Second dose, at least 21 days ago",<3,28811,x,,x,x
Female,Deaths involving COVID-19,2022,October,50-59,"Third dose or booster, less than 21 days ago",<3,9,x,,x,x
Female,Deaths involving COVID-19,2022,October,50-59,"Third dose or booster, at least 21 days ago",23,206277,11,,7,16.6
Female,Deaths involving COVID-19,2022,October,50-59,"Fourth dose or booster, less than 21 days ago",<3,39577,x,,x,x
Female,Deaths involving COVID-19,2022,October,50-59,"Fourth dose or booster, at least 21 days ago",8,19240,42.3,u,18,83.9
Female,Deaths involving COVID-19,2022,October,60-69,Unvaccinated,4,11025,39.9,u,10.7,102.5
Female,Deaths involving COVID-19,2022,October,60-69,"First dose, less than 21 days ago",<3,4,x,,x,x
Female,Deaths involving COVID-19,2022,October,60-69,"First dose, at least 21 days ago",4,1556,243.6,u,63.8,629.3
Female,Deaths involving COVID-19,2022,October,60-69,"Second dose, less than 21 days ago",<3,8,x,,x,x
Female,Deaths involving COVID-19,2022,October,60-69,"Second dose, at least 21 days ago",8,13738,64.6,u,27.2,128.4
Female,Deaths involving COVID-19,2022,October,60-69,"Third dose or booster, less than 21 days ago",<3,5,x,,x,x
Female,Deaths involving COVID-19,2022,October,60-69,"Third dose or booster, at least 21 days ago",53,134574,43.3,,32.1,57
Female,Deaths involving COVID-19,2022,October,60-69,"Fourth dose or booster, less than 21 days ago",<3,62694,x,,x,x
Female,Deaths involving COVID-19,2022,October,60-69,"Fourth dose or booster, at least 21 days ago",17,36834,44.5,u,24.6,73.1
Female,Deaths involving COVID-19,2022,October,70-79,Unvaccinated,15,5654,272.9,u,152.6,450.4
Female,Deaths involving COVID-19,2022,October,70-79,"First dose, less than 21 days ago",<3,1,x,,x,x
Female,Deaths involving COVID-19,2022,October,70-79,"First dose, at least 21 days ago",4,705,583.7,u,158.8,1495.2
Female,Deaths involving COVID-19,2022,October,70-79,"Second dose, less than 21 days ago",<3,3,x,,x,x
Female,Deaths involving COVID-19,2022,October,70-79,"Second dose, at least 21 days ago",22,5442,416.9,,260.5,632.3
Female,Deaths involving COVID-19,2022,October,70-79,"Third dose or booster, less than 21 days ago",<3,2,x,,x,x
Female,Deaths involving COVID-19,2022,October,70-79,"Third dose or booster, at least 21 days ago",89,50317,251.7,,196.8,316
Female,Deaths involving COVID-19,2022,October,70-79,"Fourth dose or booster, less than 21 days ago",3,40685,4.6,u,0.9,13.3
Female,Deaths involving COVID-19,2022,October,70-79,"Fourth dose or booster, at least 21 days ago",106,111933,82.3,,63.7,100.9
Female,Deaths involving COVID-19,2022,October,80-89,Unvaccinated,29,2660,1071.6,,717.1,1535
Female,Deaths involving COVID-19,2022,October,80-89,"First dose, less than 21 days ago",<3,1,x,,x,x
Female,Deaths involving COVID-19,2022,October,80-89,"First dose, at least 21 days ago",5,336,1494.4,u,481.6,3494.6
Female,Deaths involving COVID-19,2022,October,80-89,"Second dose, less than 21 days ago",<3,2,x,,x,x
Female,Deaths involving COVID-19,2022,October,80-89,"Second dose, at least 21 days ago",14,2399,570.4,u,311.2,958
Female,Deaths involving COVID-19,2022,October,80-89,"Third dose or booster, less than 21 days ago",<3,1,x,,x,x
Female,Deaths involving COVID-19,2022,October,80-89,"Third dose or booster, at least 21 days ago",106,10652,975.2,,789.1,1161.3
Female,Deaths involving COVID-19,2022,October,80-89,"Fourth dose or booster, less than 21 days ago",5,3036,151.7,u,48.8,354.8
Female,Deaths involving COVID-19,2022,October,80-89,"Fourth dose or booster, at least 21 days ago",280,90053,305.4,,269.6,341.2
Female,Deaths involving COVID-19,2022,October,90+,Unvaccinated,15,763,1965.5,u,1099.2,3242
Female,Deaths involving COVID-19,2022,October,90+,"First dose, less than 21 days ago",<3,0,x,,x,x
Female,Deaths involving COVID-19,2022,October,90+,"First dose, at least 21 days ago",<3,107,x,,x,x
Female,Deaths involving COVID-19,2022,October,90+,"Second dose, less than 21 days ago",<3,1,x,,x,x
Female,Deaths involving COVID-19,2022,October,90+,"Second dose, at least 21 days ago",17,630,2699.2,u,1571.5,4321.9
Female,Deaths involving COVID-19,2022,October,90+,"Third dose or booster, less than 21 days ago",<3,1,x,,x,x
Female,Deaths involving COVID-19,2022,October,90+,"Third dose or booster, at least 21 days ago",57,2781,2049.3,,1552,2655.1
Female,Deaths involving COVID-19,2022,October,90+,"Fourth dose or booster, less than 21 days ago",8,877,911.8,u,392.6,1796.7
Female,Deaths involving COVID-19,2022,October,90+,"Fourth dose or booster, at least 21 days ago",241,22531,1069.6,,938.8,1213.5
Female,Deaths involving COVID-19,2022,November,18-39,Unvaccinated,<3,96892,x,,x,x
Female,Deaths involving COVID-19,2022,November,18-39,"First dose, less than 21 days ago",<3,61,x,,x,x
Female,Deaths involving COVID-19,2022,November,18-39,"First dose, at least 21 days ago",<3,21161,x,,x,x
Female,Deaths involving COVID-19,2022,November,18-39,"Second dose, less than 21 days ago",<3,150,x,,x,x
Female,Deaths involving COVID-19,2022,November,18-39,"Second dose, at least 21 days ago",<3,145177,x,,x,x
Female,Deaths involving COVID-19,2022,November,18-39,"Third dose or booster, less than 21 days ago",<3,12,x,,x,x
Female,Deaths involving COVID-19,2022,November,18-39,"Third dose or booster, at least 21 days ago",<3,287067,x,,x,x
Female,Deaths involving COVID-19,2022,November,18-39,"Fourth dose or booster, less than 21 days ago",<3,10483,x,,x,x
Female,Deaths involving COVID-19,2022,November,18-39,"Fourth dose or booster, at least 21 days ago",<3,29163,x,,x,x
Female,Deaths involving COVID-19,2022,November,40-49,Unvaccinated,<3,27420,x,,x,x
Female,Deaths involving COVID-19,2022,November,40-49,"First dose, less than 21 days ago",<3,9,x,,x,x
Female,Deaths involving COVID-19,2022,November,40-49,"First dose, at least 21 days ago",<3,4739,x,,x,x
Female,Deaths involving COVID-19,2022,November,40-49,"Second dose, less than 21 days ago",<3,22,x,,x,x
Female,Deaths involving COVID-19,2022,November,40-49,"Second dose, at least 21 days ago",<3,44030,x,,x,x
Female,Deaths involving COVID-19,2022,November,40-49,"Third dose or booster, less than 21 days ago",<3,4,x,,x,x
Female,Deaths involving COVID-19,2022,November,40-49,"Third dose or booster, at least 21 days ago",7,165782,4.3,u,1.7,8.8
Female,Deaths involving COVID-19,2022,November,40-49,"Fourth dose or booster, less than 21 days ago",<3,9813,x,,x,x
Female,Deaths involving COVID-19,2022,November,40-49,"Fourth dose or booster, at least 21 days ago",<3,30019,x,,x,x
Female,Deaths involving COVID-19,2022,November,50-59,Unvaccinated,5,18300,27.6,u,9,64.5
Female,Deaths involving COVID-19,2022,November,50-59,"First dose, less than 21 days ago",<3,6,x,,x,x
Female,Deaths involving COVID-19,2022,November,50-59,"First dose, at least 21 days ago",<3,2982,x,,x,x
Female,Deaths involving COVID-19,2022,November,50-59,"Second dose, less than 21 days ago",<3,13,x,,x,x
Female,Deaths involving COVID-19,2022,November,50-59,"Second dose, at least 21 days ago",4,28007,14.4,u,3.9,37
Female,Deaths involving COVID-19,2022,November,50-59,"Third dose or booster, less than 21 days ago",<3,4,x,,x,x
Female,Deaths involving COVID-19,2022,November,50-59,"Third dose or booster, at least 21 days ago",4,121126,3.3,u,0.9,8.5
Female,Deaths involving COVID-19,2022,November,50-59,"Fourth dose or booster, less than 21 days ago",<3,52337,x,,x,x
Female,Deaths involving COVID-19,2022,November,50-59,"Fourth dose or booster, at least 21 days ago",5,82862,5.6,u,1.8,13
Female,Deaths involving COVID-19,2022,November,60-69,Unvaccinated,5,10719,52,u,16.7,121.6
Female,Deaths involving COVID-19,2022,November,60-69,"First dose, less than 21 days ago",<3,3,x,,x,x
Female,Deaths involving COVID-19,2022,November,60-69,"First dose, at least 21 days ago",3,1511,194.4,u,37.6,574.3
Female,Deaths involving COVID-19,2022,November,60-69,"Second dose, less than 21 days ago",<3,5,x,,x,x
Female,Deaths involving COVID-19,2022,November,60-69,"Second dose, at least 21 days ago",3,13388,25.3,u,4.9,74.7
Female,Deaths involving COVID-19,2022,November,60-69,"Third dose or booster, less than 21 days ago",<3,3,x,,x,x
Female,Deaths involving COVID-19,2022,November,60-69,"Third dose or booster, at least 21 days ago",21,64216,35.1,,21.2,54.3
Female,Deaths involving COVID-19,2022,November,60-69,"Fourth dose or booster, less than 21 days ago",<3,39354,x,,x,x
Female,Deaths involving COVID-19,2022,November,60-69,"Fourth dose or booster, at least 21 days ago",13,123269,10.4,u,5.4,17.9
Female,Deaths involving COVID-19,2022,November,70-79,Unvaccinated,6,5483,110.4,u,40.4,240.6
Female,Deaths involving COVID-19,2022,November,70-79,"First dose, less than 21 days ago",<3,2,x,,x,x
Female,Deaths involving COVID-19,2022,November,70-79,"First dose, at least 21 days ago",3,682,450.7,u,92.6,1317.9
Female,Deaths involving COVID-19,2022,November,70-79,"Second dose, less than 21 days ago",<3,3,x,,x,x
Female,Deaths involving COVID-19,2022,November,70-79,"Second dose, at least 21 days ago",11,5285,218.6,u,108.6,391.9
Female,Deaths involving COVID-19,2022,November,70-79,"Third dose or booster, less than 21 days ago",<3,1,x,,x,x
Female,Deaths involving COVID-19,2022,November,70-79,"Third dose or booster, at least 21 days ago",52,24285,231.9,,170.8,307
Female,Deaths involving COVID-19,2022,November,70-79,"Fourth dose or booster, less than 21 days ago",<3,12728,x,,x,x
Female,Deaths involving COVID-19,2022,November,70-79,"Fourth dose or booster, at least 21 days ago",70,159466,42.2,,32.8,53.5
Female,Deaths involving COVID-19,2022,November,80-89,Unvaccinated,12,2573,461.1,u,237.9,806.1
Female,Deaths involving COVID-19,2022,November,80-89,"First dose, less than 21 days ago",<3,1,x,,x,x
Female,Deaths involving COVID-19,2022,November,80-89,"First dose, at least 21 days ago",<3,324,x,,x,x
Female,Deaths involving COVID-19,2022,November,80-89,"Second dose, less than 21 days ago",<3,1,x,,x,x
Female,Deaths involving COVID-19,2022,November,80-89,"Second dose, at least 21 days ago",10,2322,419.3,u,200.6,772
Female,Deaths involving COVID-19,2022,November,80-89,"Third dose or booster, less than 21 days ago",<3,1,x,,x,x
Female,Deaths involving COVID-19,2022,November,80-89,"Third dose or booster, at least 21 days ago",38,7552,495.3,,350.3,680.1
Female,Deaths involving COVID-19,2022,November,80-89,"Fourth dose or booster, less than 21 days ago",4,1571,237.7,u,64,610.4
Female,Deaths involving COVID-19,2022,November,80-89,"Fourth dose or booster, at least 21 days ago",174,91496,186.3,,158.6,214
Female,Deaths involving COVID-19,2022,November,90+,Unvaccinated,13,734,1772.3,u,942.7,3030.8
Female,Deaths involving COVID-19,2022,November,90+,"First dose, less than 21 days ago",<3,0,x,,x,x
Female,Deaths involving COVID-19,2022,November,90+,"First dose, at least 21 days ago",<3,103,x,,x,x
Female,Deaths involving COVID-19,2022,November,90+,"Second dose, less than 21 days ago",<3,1,x,,x,x
Female,Deaths involving COVID-19,2022,November,90+,"Second dose, at least 21 days ago",5,606,824.9,u,265.8,1925.1
Female,Deaths involving COVID-19,2022,November,90+,"Third dose or booster, less than 21 days ago",<3,0,x,,x,x
Female,Deaths involving COVID-19,2022,November,90+,"Third dose or booster, at least 21 days ago",24,1891,1269.1,,812.9,1888.4
Female,Deaths involving COVID-19,2022,November,90+,"Fourth dose or booster, less than 21 days ago",<3,461,x,,x,x
Female,Deaths involving COVID-19,2022,November,90+,"Fourth dose or booster, at least 21 days ago",139,22994,604.5,,508.2,713.8
Female,Deaths involving COVID-19,2022,December,18-39,Unvaccinated,<3,100237,x,,x,x
Female,Deaths involving COVID-19,2022,December,18-39,"First dose, less than 21 days ago",<3,45,x,,x,x
Female,Deaths involving COVID-19,2022,December,18-39,"First dose, at least 21 days ago",<3,21972,x,,x,x
Female,Deaths involving COVID-19,2022,December,18-39,"Second dose, less than 21 days ago",<3,117,x,,x,x
Female,Deaths involving COVID-19,2022,December,18-39,"Second dose, at least 21 days ago",<3,150570,x,,x,x
Female,Deaths involving COVID-19,2022,December,18-39,"Third dose or booster, less than 21 days ago",<3,6,x,,x,x
Female,Deaths involving COVID-19,2022,December,18-39,"Third dose or booster, at least 21 days ago",3,288452,0.9,u,0.2,2.7
Female,Deaths involving COVID-19,2022,December,18-39,"Fourth dose or booster, less than 21 days ago",<3,4164,x,,x,x
Female,Deaths involving COVID-19,2022,December,18-39,"Fourth dose or booster, at least 21 days ago",<3,43908,x,,x,x
Female,Deaths involving COVID-19,2022,December,40-49,Unvaccinated,4,28440,14.4,u,3.8,37.2
Female,Deaths involving COVID-19,2022,December,40-49,"First dose, less than 21 days ago",<3,5,x,,x,x
Female,Deaths involving COVID-19,2022,December,40-49,"First dose, at least 21 days ago",<3,4905,x,,x,x
Female,Deaths involving COVID-19,2022,December,40-49,"Second dose, less than 21 days ago",<3,19,x,,x,x
Female,Deaths involving COVID-19,2022,December,40-49,"Second dose, at least 21 days ago",<3,45708,x,,x,x
Female,Deaths involving COVID-19,2022,December,40-49,"Third dose or booster, less than 21 days ago",<3,2,x,,x,x
Female,Deaths involving COVID-19,2022,December,40-49,"Third dose or booster, at least 21 days ago",<3,164919,x,,x,x
Female,Deaths involving COVID-19,2022,December,40-49,"Fourth dose or booster, less than 21 days ago",<3,3588,x,,x,x
Female,Deaths involving COVID-19,2022,December,40-49,"Fourth dose or booster, at least 21 days ago",<3,43683,x,,x,x
Female,Deaths involving COVID-19,2022,December,50-59,Unvaccinated,4,18954,21.2,u,5.8,54.2
Female,Deaths involving COVID-19,2022,December,50-59,"First dose, less than 21 days ago",<3,4,x,,x,x
Female,Deaths involving COVID-19,2022,December,50-59,"First dose, at least 21 days ago",<3,3084,x,,x,x
Female,Deaths involving COVID-19,2022,December,50-59,"Second dose, less than 21 days ago",<3,9,x,,x,x
Female,Deaths involving COVID-19,2022,December,50-59,"Second dose, at least 21 days ago",4,29059,13.3,u,3.6,34.2
Female,Deaths involving COVID-19,2022,December,50-59,"Third dose or booster, less than 21 days ago",<3,2,x,,x,x
Female,Deaths involving COVID-19,2022,December,50-59,"Third dose or booster, at least 21 days ago",8,98201,8,u,3.5,15.8
Female,Deaths involving COVID-19,2022,December,50-59,"Fourth dose or booster, less than 21 days ago",<3,13733,x,,x,x
Female,Deaths involving COVID-19,2022,December,50-59,"Fourth dose or booster, at least 21 days ago",9,152675,5.9,u,2.7,11.2
Female,Deaths involving COVID-19,2022,December,60-69,Unvaccinated,4,11124,34.3,u,9.1,88.3
Female,Deaths involving COVID-19,2022,December,60-69,"First dose, less than 21 days ago",<3,2,x,,x,x
Female,Deaths involving COVID-19,2022,December,60-69,"First dose, at least 21 days ago",<3,1565,x,,x,x
Female,Deaths involving COVID-19,2022,December,60-69,"Second dose, less than 21 days ago",<3,4,x,,x,x
Female,Deaths involving COVID-19,2022,December,60-69,"Second dose, at least 21 days ago",9,13921,69.7,u,31.1,133.6
Female,Deaths involving COVID-19,2022,December,60-69,"Third dose or booster, less than 21 days ago",<3,1,x,,x,x
Female,Deaths involving COVID-19,2022,December,60-69,"Third dose or booster, at least 21 days ago",17,51084,33.2,u,18.9,53.7
Female,Deaths involving COVID-19,2022,December,60-69,"Fourth dose or booster, less than 21 days ago",<3,7451,x,,x,x
Female,Deaths involving COVID-19,2022,December,60-69,"Fourth dose or booster, at least 21 days ago",28,176209,15.6,,10.4,22.6
Female,Deaths involving COVID-19,2022,December,70-79,Unvaccinated,9,5678,165.1,u,75.4,313.6
Female,Deaths involving COVID-19,2022,December,70-79,"First dose, less than 21 days ago",<3,1,x,,x,x
Female,Deaths involving COVID-19,2022,December,70-79,"First dose, at least 21 days ago",<3,703,x,,x,x
Female,Deaths involving COVID-19,2022,December,70-79,"Second dose, less than 21 days ago",<3,2,x,,x,x
Female,Deaths involving COVID-19,2022,December,70-79,"Second dose, at least 21 days ago",11,5483,203.1,u,100.8,364.2
Female,Deaths involving COVID-19,2022,December,70-79,"Third dose or booster, less than 21 days ago",<3,1,x,,x,x
Female,Deaths involving COVID-19,2022,December,70-79,"Third dose or booster, at least 21 days ago",54,20300,288.6,,215.4,378.4
Female,Deaths involving COVID-19,2022,December,70-79,"Fourth dose or booster, less than 21 days ago",3,2313,157,u,11.3,509.7
Female,Deaths involving COVID-19,2022,December,70-79,"Fourth dose or booster, at least 21 days ago",138,180403,75.1,,62.5,87.8
Female,Deaths involving COVID-19,2022,December,80-89,Unvaccinated,22,2656,815.4,,510.5,1235.1
Female,Deaths involving COVID-19,2022,December,80-89,"First dose, less than 21 days ago",<3,1,x,,x,x
Female,Deaths involving COVID-19,2022,December,80-89,"First dose, at least 21 days ago",<3,333,x,,x,x
Female,Deaths involving COVID-19,2022,December,80-89,"Second dose, less than 21 days ago",<3,1,x,,x,x
Female,Deaths involving COVID-19,2022,December,80-89,"Second dose, at least 21 days ago",13,2392,528.7,u,281,904.8
Female,Deaths involving COVID-19,2022,December,80-89,"Third dose or booster, less than 21 days ago",<3,0,x,,x,x
Female,Deaths involving COVID-19,2022,December,80-89,"Third dose or booster, at least 21 days ago",54,6915,767.6,,576.5,1001.7
Female,Deaths involving COVID-19,2022,December,80-89,"Fourth dose or booster, less than 21 days ago",<3,446,x,,x,x
Female,Deaths involving COVID-19,2022,December,80-89,"Fourth dose or booster, at least 21 days ago",304,96724,309.2,,274.4,344
Female,Deaths involving COVID-19,2022,December,90+,Unvaccinated,14,749,1870.1,u,1021.5,3137.9
Female,Deaths involving COVID-19,2022,December,90+,"First dose, less than 21 days ago",<3,1,x,,x,x
Female,Deaths involving COVID-19,2022,December,90+,"First dose, at least 21 days ago",<3,104,x,,x,x
Female,Deaths involving COVID-19,2022,December,90+,"Second dose, less than 21 days ago",<3,1,x,,x,x
Female,Deaths involving COVID-19,2022,December,90+,"Second dose, at least 21 days ago",17,621,2737.4,u,1593.7,4383.1
Female,Deaths involving COVID-19,2022,December,90+,"Third dose or booster, less than 21 days ago",<3,0,x,,x,x
Female,Deaths involving COVID-19,2022,December,90+,"Third dose or booster, at least 21 days ago",33,1650,1999.9,,1376.4,2808.7
Female,Deaths involving COVID-19,2022,December,90+,"Fourth dose or booster, less than 21 days ago",<3,156,x,,x,x
Female,Deaths involving COVID-19,2022,December,90+,"Fourth dose or booster, at least 21 days ago",285,24303,1172.7,,1040.5,1317
Female,Deaths involving COVID-19,2023,January,18-39,Unvaccinated,<3,100365,x,,x,x
Female,Deaths involving COVID-19,2023,January,18-39,"First dose, less than 21 days ago",<3,46,x,,x,x
Female,Deaths involving COVID-19,2023,January,18-39,"First dose, at least 21 days ago",<3,22090,x,,x,x
Female,Deaths involving COVID-19,2023,January,18-39,"Second dose, less than 21 days ago",<3,94,x,,x,x
Female,Deaths involving COVID-19,2023,January,18-39,"Second dose, at least 21 days ago",<3,151030,x,,x,x
Female,Deaths involving COVID-19,2023,January,18-39,"Third dose or booster, less than 21 days ago",<3,4,x,,x,x
Female,Deaths involving COVID-19,2023,January,18-39,"Third dose or booster, at least 21 days ago",3,285337,0.9,u,0.2,2.8
Female,Deaths involving COVID-19,2023,January,18-39,"Fourth dose or booster, less than 21 days ago",<3,1287,x,,x,x
Female,Deaths involving COVID-19,2023,January,18-39,"Fourth dose or booster, at least 21 days ago",<3,48782,x,,x,x
Female,Deaths involving COVID-19,2023,January,40-49,Unvaccinated,3,28555,12.5,u,2.6,36.6
Female,Deaths involving COVID-19,2023,January,40-49,"First dose, less than 21 days ago",<3,6,x,,x,x
Female,Deaths involving COVID-19,2023,January,40-49,"First dose, at least 21 days ago",<3,4916,x,,x,x
Female,Deaths involving COVID-19,2023,January,40-49,"Second dose, less than 21 days ago",<3,13,x,,x,x
Female,Deaths involving COVID-19,2023,January,40-49,"Second dose, at least 21 days ago",<3,45920,x,,x,x
Female,Deaths involving COVID-19,2023,January,40-49,"Third dose or booster, less than 21 days ago",<3,1,x,,x,x
Female,Deaths involving COVID-19,2023,January,40-49,"Third dose or booster, at least 21 days ago",7,163171,4.3,u,1.7,8.9
Female,Deaths involving COVID-19,2023,January,40-49,"Fourth dose or booster, less than 21 days ago",<3,1027,x,,x,x
Female,Deaths involving COVID-19,2023,January,40-49,"Fourth dose or booster, at least 21 days ago",6,47705,13.2,u,4.8,28.9
Female,Deaths involving COVID-19,2023,January,50-59,Unvaccinated,4,19004,21.9,u,6,56.1
Female,Deaths involving COVID-19,2023,January,50-59,"First dose, less than 21 days ago",<3,3,x,,x,x
Female,Deaths involving COVID-19,2023,January,50-59,"First dose, at least 21 days ago",<3,3092,x,,x,x
Female,Deaths involving COVID-19,2023,January,50-59,"Second dose, less than 21 days ago",<3,6,x,,x,x
Female,Deaths involving COVID-19,2023,January,50-59,"Second dose, at least 21 days ago",6,29180,20.8,u,7.6,45.3
Female,Deaths involving COVID-19,2023,January,50-59,"Third dose or booster, less than 21 days ago",<3,1,x,,x,x
Female,Deaths involving COVID-19,2023,January,50-59,"Third dose or booster, at least 21 days ago",12,93577,12.9,u,6.7,22.6
Female,Deaths involving COVID-19,2023,January,50-59,"Fourth dose or booster, less than 21 days ago",<3,2807,x,,x,x
Female,Deaths involving COVID-19,2023,January,50-59,"Fourth dose or booster, at least 21 days ago",12,167903,7.2,u,3.7,12.7
Female,Deaths involving COVID-19,2023,January,60-69,Unvaccinated,5,11168,47.3,u,15.1,110.9
Female,Deaths involving COVID-19,2023,January,60-69,"First dose, less than 21 days ago",<3,1,x,,x,x
Female,Deaths involving COVID-19,2023,January,60-69,"First dose, at least 21 days ago",3,1568,211.1,u,41.4,622
Female,Deaths involving COVID-19,2023,January,60-69,"Second dose, less than 21 days ago",<3,3,x,,x,x
Female,Deaths involving COVID-19,2023,January,60-69,"Second dose, at least 21 days ago",5,14023,36,u,11.2,85.2
Female,Deaths involving COVID-19,2023,January,60-69,"Third dose or booster, less than 21 days ago",<3,0,x,,x,x
Female,Deaths involving COVID-19,2023,January,60-69,"Third dose or booster, at least 21 days ago",24,48974,58.4,,37.1,87.4
Female,Deaths involving COVID-19,2023,January,60-69,"Fourth dose or booster, less than 21 days ago",<3,1267,x,,x,x
Female,Deaths involving COVID-19,2023,January,60-69,"Fourth dose or booster, at least 21 days ago",38,184819,20.3,,14.4,27.9
Female,Deaths involving COVID-19,2023,January,70-79,Unvaccinated,16,5693,291.6,u,166.5,473.7
Female,Deaths involving COVID-19,2023,January,70-79,"First dose, less than 21 days ago",<3,1,x,,x,x
Female,Deaths involving COVID-19,2023,January,70-79,"First dose, at least 21 days ago",<3,705,x,,x,x
Female,Deaths involving COVID-19,2023,January,70-79,"Second dose, less than 21 days ago",<3,1,x,,x,x
Female,Deaths involving COVID-19,2023,January,70-79,"Second dose, at least 21 days ago",9,5496,176.5,u,80.4,335.6
Female,Deaths involving COVID-19,2023,January,70-79,"Third dose or booster, less than 21 days ago",<3,0,x,,x,x
Female,Deaths involving COVID-19,2023,January,70-79,"Third dose or booster, at least 21 days ago",36,19667,194.2,,135,270.3
Female,Deaths involving COVID-19,2023,January,70-79,"Fourth dose or booster, less than 21 days ago",<3,367,x,,x,x
Female,Deaths involving COVID-19,2023,January,70-79,"Fourth dose or booster, at least 21 days ago",128,182936,66.3,,54.8,77.8
Female,Deaths involving COVID-19,2023,January,80-89,Unvaccinated,15,2647,554.2,u,309.8,914.6
Female,Deaths involving COVID-19,2023,January,80-89,"First dose, less than 21 days ago",<3,0,x,,x,x
Female,Deaths involving COVID-19,2023,January,80-89,"First dose, at least 21 days ago",6,330,1736.1,u,632.9,3786.6
Female,Deaths involving COVID-19,2023,January,80-89,"Second dose, less than 21 days ago",<3,0,x,,x,x
Female,Deaths involving COVID-19,2023,January,80-89,"Second dose, at least 21 days ago",18,2378,742.6,u,439.5,1174.6
Female,Deaths involving COVID-19,2023,January,80-89,"Third dose or booster, less than 21 days ago",<3,0,x,,x,x
Female,Deaths involving COVID-19,2023,January,80-89,"Third dose or booster, at least 21 days ago",54,6718,793.4,,595.9,1035.4
Female,Deaths involving COVID-19,2023,January,80-89,"Fourth dose or booster, less than 21 days ago",<3,84,x,,x,x
Female,Deaths involving COVID-19,2023,January,80-89,"Fourth dose or booster, at least 21 days ago",328,97269,331,,295.2,366.9
Female,Deaths involving COVID-19,2023,January,90+,Unvaccinated,19,736,2581.7,u,1553.6,4031.9
Female,Deaths involving COVID-19,2023,January,90+,"First dose, less than 21 days ago",<3,0,x,,x,x
Female,Deaths involving COVID-19,2023,January,90+,"First dose, at least 21 days ago",<3,103,x,,x,x
Female,Deaths involving COVID-19,2023,January,90+,"Second dose, less than 21 days ago",<3,0,x,,x,x
Female,Deaths involving COVID-19,2023,January,90+,"Second dose, at least 21 days ago",12,613,1956.5,u,1009.8,3417.8
Female,Deaths involving COVID-19,2023,January,90+,"Third dose or booster, less than 21 days ago",<3,0,x,,x,x
Female,Deaths involving COVID-19,2023,January,90+,"Third dose or booster, at least 21 days ago",28,1567,1786.8,,1187,2582.5
Female,Deaths involving COVID-19,2023,January,90+,"Fourth dose or booster, less than 21 days ago",<3,30,x,,x,x
Female,Deaths involving COVID-19,2023,January,90+,"Fourth dose or booster, at least 21 days ago",312,24297,1284.1,,1145.5,1434.8
Female,Deaths involving COVID-19,2023,February,18-39,Unvaccinated,<3,90739,x,,x,x
Female,Deaths involving COVID-19,2023,February,18-39,"First dose, less than 21 days ago",<3,43,x,,x,x
Female,Deaths involving COVID-19,2023,February,18-39,"First dose, at least 21 days ago",<3,20070,x,,x,x
Female,Deaths involving COVID-19,2023,February,18-39,"Second dose, less than 21 days ago",<3,81,x,,x,x
Female,Deaths involving COVID-19,2023,February,18-39,"Second dose, at least 21 days ago",<3,136778,x,,x,x
Female,Deaths involving COVID-19,2023,February,18-39,"Third dose or booster, less than 21 days ago",<3,5,x,,x,x
Female,Deaths involving COVID-19,2023,February,18-39,"Third dose or booster, at least 21 days ago",<3,255647,x,,x,x
Female,Deaths involving COVID-19,2023,February,18-39,"Fourth dose or booster, less than 21 days ago",<3,830,x,,x,x
Female,Deaths involving COVID-19,2023,February,18-39,"Fourth dose or booster, at least 21 days ago",<3,45392,x,,x,x
Female,Deaths involving COVID-19,2023,February,40-49,Unvaccinated,<3,25904,x,,x,x
Female,Deaths involving COVID-19,2023,February,40-49,"First dose, less than 21 days ago",<3,6,x,,x,x
Female,Deaths involving COVID-19,2023,February,40-49,"First dose, at least 21 days ago",<3,4456,x,,x,x
Female,Deaths involving COVID-19,2023,February,40-49,"Second dose, less than 21 days ago",<3,10,x,,x,x
Female,Deaths involving COVID-19,2023,February,40-49,"Second dose, at least 21 days ago",<3,41648,x,,x,x
Female,Deaths involving COVID-19,2023,February,40-49,"Third dose or booster, less than 21 days ago",<3,1,x,,x,x
Female,Deaths involving COVID-19,2023,February,40-49,"Third dose or booster, at least 21 days ago",5,146245,3.4,u,1.1,8
Female,Deaths involving COVID-19,2023,February,40-49,"Fourth dose or booster, less than 21 days ago",<3,821,x,,x,x
Female,Deaths involving COVID-19,2023,February,40-49,"Fourth dose or booster, at least 21 days ago",<3,44066,x,,x,x
Female,Deaths involving COVID-19,2023,February,50-59,Unvaccinated,<3,17207,x,,x,x
Female,Deaths involving COVID-19,2023,February,50-59,"First dose, less than 21 days ago",<3,3,x,,x,x
Female,Deaths involving COVID-19,2023,February,50-59,"First dose, at least 21 days ago",<3,2798,x,,x,x
Female,Deaths involving COVID-19,2023,February,50-59,"Second dose, less than 21 days ago",<3,6,x,,x,x
Female,Deaths involving COVID-19,2023,February,50-59,"Second dose, at least 21 days ago",3,26485,11.8,u,2.4,34.4
Female,Deaths involving COVID-19,2023,February,50-59,"Third dose or booster, less than 21 days ago",<3,0,x,,x,x
Female,Deaths involving COVID-19,2023,February,50-59,"Third dose or booster, at least 21 days ago",5,83150,6,u,1.9,14
Female,Deaths involving COVID-19,2023,February,50-59,"Fourth dose or booster, less than 21 days ago",<3,1154,x,,x,x
Female,Deaths involving COVID-19,2023,February,50-59,"Fourth dose or booster, at least 21 days ago",8,154040,5.1,u,2.2,10.1
Female,Deaths involving COVID-19,2023,February,60-69,Unvaccinated,3,10140,31.8,u,6.4,93.5
Female,Deaths involving COVID-19,2023,February,60-69,"First dose, less than 21 days ago",<3,2,x,,x,x
Female,Deaths involving COVID-19,2023,February,60-69,"First dose, at least 21 days ago",<3,1425,x,,x,x
Female,Deaths involving COVID-19,2023,February,60-69,"Second dose, less than 21 days ago",<3,3,x,,x,x
Female,Deaths involving COVID-19,2023,February,60-69,"Second dose, at least 21 days ago",3,12766,23.1,u,4.4,68.4
Female,Deaths involving COVID-19,2023,February,60-69,"Third dose or booster, less than 21 days ago",<3,0,x,,x,x
Female,Deaths involving COVID-19,2023,February,60-69,"Third dose or booster, at least 21 days ago",10,43598,26.7,u,12.6,49.5
Female,Deaths involving COVID-19,2023,February,60-69,"Fourth dose or booster, less than 21 days ago",<3,583,x,,x,x
Female,Deaths involving COVID-19,2023,February,60-69,"Fourth dose or booster, at least 21 days ago",27,168489,15.9,,10.5,23.1
Female,Deaths involving COVID-19,2023,February,70-79,Unvaccinated,9,5161,174.9,u,79.8,332.3
Female,Deaths involving COVID-19,2023,February,70-79,"First dose, less than 21 days ago",<3,1,x,,x,x
Female,Deaths involving COVID-19,2023,February,70-79,"First dose, at least 21 days ago",<3,636,x,,x,x
Female,Deaths involving COVID-19,2023,February,70-79,"Second dose, less than 21 days ago",<3,2,x,,x,x
Female,Deaths involving COVID-19,2023,February,70-79,"Second dose, at least 21 days ago",6,4997,130.8,u,47.8,285.1
Female,Deaths involving COVID-19,2023,February,70-79,"Third dose or booster, less than 21 days ago",<3,0,x,,x,x
Female,Deaths involving COVID-19,2023,February,70-79,"Third dose or booster, at least 21 days ago",21,17542,129.7,,79.5,199.2
Female,Deaths involving COVID-19,2023,February,70-79,"Fourth dose or booster, less than 21 days ago",<3,198,x,,x,x
Female,Deaths involving COVID-19,2023,February,70-79,"Fourth dose or booster, at least 21 days ago",107,165672,62.2,,50.4,74
Female,Deaths involving COVID-19,2023,February,80-89,Unvaccinated,11,2390,443.8,u,221.2,794.5
Female,Deaths involving COVID-19,2023,February,80-89,"First dose, less than 21 days ago",<3,0,x,,x,x
Female,Deaths involving COVID-19,2023,February,80-89,"First dose, at least 21 days ago",3,297,1025.9,u,208.8,3004.6
Female,Deaths involving COVID-19,2023,February,80-89,"Second dose, less than 21 days ago",<3,1,x,,x,x
Female,Deaths involving COVID-19,2023,February,80-89,"Second dose, at least 21 days ago",7,2147,325,u,130.3,670.4
Female,Deaths involving COVID-19,2023,February,80-89,"Third dose or booster, less than 21 days ago",<3,0,x,,x,x
Female,Deaths involving COVID-19,2023,February,80-89,"Third dose or booster, at least 21 days ago",41,5995,681.7,,489.1,925
Female,Deaths involving COVID-19,2023,February,80-89,"Fourth dose or booster, less than 21 days ago",<3,49,x,,x,x
Female,Deaths involving COVID-19,2023,February,80-89,"Fourth dose or booster, at least 21 days ago",260,88162,289.8,,254.6,325.1
Female,Deaths involving COVID-19,2023,February,90+,Unvaccinated,15,663,2260.8,u,1264.4,3729.1
Female,Deaths involving COVID-19,2023,February,90+,"First dose, less than 21 days ago",<3,0,x,,x,x
Female,Deaths involving COVID-19,2023,February,90+,"First dose, at least 21 days ago",3,93,3230.4,u,649.3,9438.7
Female,Deaths involving COVID-19,2023,February,90+,"Second dose, less than 21 days ago",<3,0,x,,x,x
Female,Deaths involving COVID-19,2023,February,90+,"Second dose, at least 21 days ago",9,556,1618.2,u,738.4,3072
Female,Deaths involving COVID-19,2023,February,90+,"Third dose or booster, less than 21 days ago",<3,0,x,,x,x
Female,Deaths involving COVID-19,2023,February,90+,"Third dose or booster, at least 21 days ago",15,1384,1084,u,606.2,1787.9
Female,Deaths involving COVID-19,2023,February,90+,"Fourth dose or booster, less than 21 days ago",<3,18,x,,x,x
Female,Deaths involving COVID-19,2023,February,90+,"Fourth dose or booster, at least 21 days ago",204,21976,928.3,,805.3,1064.8
Female,Deaths involving COVID-19,2023,March,18-39,Unvaccinated,<3,100570,x,,x,x
Female,Deaths involving COVID-19,2023,March,18-39,"First dose, less than 21 days ago",<3,38,x,,x,x
Female,Deaths involving COVID-19,2023,March,18-39,"First dose, at least 21 days ago",<3,22366,x,,x,x
Female,Deaths involving COVID-19,2023,March,18-39,"Second dose, less than 21 days ago",<3,67,x,,x,x
Female,Deaths involving COVID-19,2023,March,18-39,"Second dose, at least 21 days ago",<3,151818,x,,x,x
Female,Deaths involving COVID-19,2023,March,18-39,"Third dose or booster, less than 21 days ago",<3,1,x,,x,x
Female,Deaths involving COVID-19,2023,March,18-39,"Third dose or booster, at least 21 days ago",<3,282025,x,,x,x
Female,Deaths involving COVID-19,2023,March,18-39,"Fourth dose or booster, less than 21 days ago",<3,36,x,,x,x
Female,Deaths involving COVID-19,2023,March,18-39,"Fourth dose or booster, at least 21 days ago",<3,51078,x,,x,x
Female,Deaths involving COVID-19,2023,March,40-49,Unvaccinated,<3,28797,x,,x,x
Female,Deaths involving COVID-19,2023,March,40-49,"First dose, less than 21 days ago",<3,5,x,,x,x
Female,Deaths involving COVID-19,2023,March,40-49,"First dose, at least 21 days ago",<3,4957,x,,x,x
Female,Deaths involving COVID-19,2023,March,40-49,"Second dose, less than 21 days ago",<3,9,x,,x,x
Female,Deaths involving COVID-19,2023,March,40-49,"Second dose, at least 21 days ago",<3,46306,x,,x,x
Female,Deaths involving COVID-19,2023,March,40-49,"Third dose or booster, less than 21 days ago",<3,0,x,,x,x
Female,Deaths involving COVID-19,2023,March,40-49,"Third dose or booster, at least 21 days ago",3,161696,1.9,u,0.4,5.6
Female,Deaths involving COVID-19,2023,March,40-49,"Fourth dose or booster, less than 21 days ago",<3,36,x,,x,x
Female,Deaths involving COVID-19,2023,March,40-49,"Fourth dose or booster, at least 21 days ago",4,49567,7.3,u,2,18.6
Female,Deaths involving COVID-19,2023,March,50-59,Unvaccinated,<3,19092,x,,x,x
Female,Deaths involving COVID-19,2023,March,50-59,"First dose, less than 21 days ago",<3,2,x,,x,x
Female,Deaths involving COVID-19,2023,March,50-59,"First dose, at least 21 days ago",<3,3102,x,,x,x
Female,Deaths involving COVID-19,2023,March,50-59,"Second dose, less than 21 days ago",<3,4,x,,x,x
Female,Deaths involving COVID-19,2023,March,50-59,"Second dose, at least 21 days ago",3,29426,10,u,2,29.3
Female,Deaths involving COVID-19,2023,March,50-59,"Third dose or booster, less than 21 days ago",<3,0,x,,x,x
Female,Deaths involving COVID-19,2023,March,50-59,"Third dose or booster, at least 21 days ago",6,92450,6.6,u,2.4,14.4
Female,Deaths involving COVID-19,2023,March,50-59,"Fourth dose or booster, less than 21 days ago",<3,43,x,,x,x
Female,Deaths involving COVID-19,2023,March,50-59,"Fourth dose or booster, at least 21 days ago",11,171041,6.4,u,3.2,11.5
Female,Deaths involving COVID-19,2023,March,60-69,Unvaccinated,9,11274,83.3,u,37.6,158.8
Female,Deaths involving COVID-19,2023,March,60-69,"First dose, less than 21 days ago",<3,1,x,,x,x
Female,Deaths involving COVID-19,2023,March,60-69,"First dose, at least 21 days ago",<3,1584,x,,x,x
Female,Deaths involving COVID-19,2023,March,60-69,"Second dose, less than 21 days ago",<3,2,x,,x,x
Female,Deaths involving COVID-19,2023,March,60-69,"Second dose, at least 21 days ago",4,14233,32.7,u,8.6,84.3
Female,Deaths involving COVID-19,2023,March,60-69,"Third dose or booster, less than 21 days ago",<3,0,x,,x,x
Female,Deaths involving COVID-19,2023,March,60-69,"Third dose or booster, at least 21 days ago",21,48471,46.7,,28.4,72
Female,Deaths involving COVID-19,2023,March,60-69,"Fourth dose or booster, less than 21 days ago",<3,22,x,,x,x
Female,Deaths involving COVID-19,2023,March,60-69,"Fourth dose or booster, at least 21 days ago",40,187300,21.3,,15.2,29
Female,Deaths involving COVID-19,2023,March,70-79,Unvaccinated,12,5734,213.1,u,110,372.5
Female,Deaths involving COVID-19,2023,March,70-79,"First dose, less than 21 days ago",<3,0,x,,x,x
Female,Deaths involving COVID-19,2023,March,70-79,"First dose, at least 21 days ago",<3,705,x,,x,x
Female,Deaths involving COVID-19,2023,March,70-79,"Second dose, less than 21 days ago",<3,1,x,,x,x
Female,Deaths involving COVID-19,2023,March,70-79,"Second dose, at least 21 days ago",10,5557,176.5,u,84.2,325.2
Female,Deaths involving COVID-19,2023,March,70-79,"Third dose or booster, less than 21 days ago",<3,0,x,,x,x
Female,Deaths involving COVID-19,2023,March,70-79,"Third dose or booster, at least 21 days ago",26,19460,142.4,,92.3,209.6
Female,Deaths involving COVID-19,2023,March,70-79,"Fourth dose or booster, less than 21 days ago",<3,9,x,,x,x
Female,Deaths involving COVID-19,2023,March,70-79,"Fourth dose or booster, at least 21 days ago",162,183699,85.8,,72.5,99.1
Female,Deaths involving COVID-19,2023,March,80-89,Unvaccinated,21,2646,778.7,,481.6,1191
Female,Deaths involving COVID-19,2023,March,80-89,"First dose, less than 21 days ago",<3,0,x,,x,x
Female,Deaths involving COVID-19,2023,March,80-89,"First dose, at least 21 days ago",<3,327,x,,x,x
Female,Deaths involving COVID-19,2023,March,80-89,"Second dose, less than 21 days ago",<3,0,x,,x,x
Female,Deaths involving COVID-19,2023,March,80-89,"Second dose, at least 21 days ago",13,2377,531.9,u,282.6,910.3
Female,Deaths involving COVID-19,2023,March,80-89,"Third dose or booster, less than 21 days ago",<3,0,x,,x,x
Female,Deaths involving COVID-19,2023,March,80-89,"Third dose or booster, at least 21 days ago",33,6619,495.4,,340.9,695.8
Female,Deaths involving COVID-19,2023,March,80-89,"Fourth dose or booster, less than 21 days ago",<3,3,x,,x,x
Female,Deaths involving COVID-19,2023,March,80-89,"Fourth dose or booster, at least 21 days ago",381,97881,382.5,,344.1,421
Female,Deaths involving COVID-19,2023,March,90+,Unvaccinated,14,730,1917.9,u,1047.7,3218.2
Female,Deaths involving COVID-19,2023,March,90+,"First dose, less than 21 days ago",<3,0,x,,x,x
Female,Deaths involving COVID-19,2023,March,90+,"First dose, at least 21 days ago",<3,103,x,,x,x
Female,Deaths involving COVID-19,2023,March,90+,"Second dose, less than 21 days ago",<3,0,x,,x,x
Female,Deaths involving COVID-19,2023,March,90+,"Second dose, at least 21 days ago",9,614,1466.2,u,669.1,2783.6
Female,Deaths involving COVID-19,2023,March,90+,"Third dose or booster, less than 21 days ago",<3,0,x,,x,x
Female,Deaths involving COVID-19,2023,March,90+,"Third dose or booster, at least 21 days ago",23,1525,1508.2,,955.8,2263.2
Female,Deaths involving COVID-19,2023,March,90+,"Fourth dose or booster, less than 21 days ago",<3,1,x,,x,x
Female,Deaths involving COVID-19,2023,March,90+,"Fourth dose or booster, at least 21 days ago",319,24325,1311.4,,1171.4,1463.5
Female,Deaths involving COVID-19,2023,April,18-39,Unvaccinated,<3,97474,x,,x,x
Female,Deaths involving COVID-19,2023,April,18-39,"First dose, less than 21 days ago",<3,14,x,,x,x
Female,Deaths involving COVID-19,2023,April,18-39,"First dose, at least 21 days ago",<3,21828,x,,x,x
Female,Deaths involving COVID-19,2023,April,18-39,"Second dose, less than 21 days ago",<3,28,x,,x,x
Female,Deaths involving COVID-19,2023,April,18-39,"Second dose, at least 21 days ago",<3,147306,x,,x,x
Female,Deaths involving COVID-19,2023,April,18-39,"Third dose or booster, less than 21 days ago",<3,0,x,,x,x
Female,Deaths involving COVID-19,2023,April,18-39,"Third dose or booster, at least 21 days ago",<3,271983,x,,x,x
Female,Deaths involving COVID-19,2023,April,18-39,"Fourth dose or booster, less than 21 days ago",<3,0,x,,x,x
Female,Deaths involving COVID-19,2023,April,18-39,"Fourth dose or booster, at least 21 days ago",<3,49172,x,,x,x
Female,Deaths involving COVID-19,2023,April,40-49,Unvaccinated,<3,27995,x,,x,x
Female,Deaths involving COVID-19,2023,April,40-49,"First dose, less than 21 days ago",<3,1,x,,x,x
Female,Deaths involving COVID-19,2023,April,40-49,"First dose, at least 21 days ago",<3,4818,x,,x,x
Female,Deaths involving COVID-19,2023,April,40-49,"Second dose, less than 21 days ago",<3,4,x,,x,x
Female,Deaths involving COVID-19,2023,April,40-49,"Second dose, at least 21 days ago",<3,44987,x,,x,x
Female,Deaths involving COVID-19,2023,April,40-49,"Third dose or booster, less than 21 days ago",<3,0,x,,x,x
Female,Deaths involving COVID-19,2023,April,40-49,"Third dose or booster, at least 21 days ago",4,156453,2.6,u,0.7,6.6
Female,Deaths involving COVID-19,2023,April,40-49,"Fourth dose or booster, less than 21 days ago",<3,0,x,,x,x
Female,Deaths involving COVID-19,2023,April,40-49,"Fourth dose or booster, at least 21 days ago",<3,47652,x,,x,x
Female,Deaths involving COVID-19,2023,April,50-59,Unvaccinated,3,18511,16.9,u,3.5,49.3
Female,Deaths involving COVID-19,2023,April,50-59,"First dose, less than 21 days ago",<3,0,x,,x,x
Female,Deaths involving COVID-19,2023,April,50-59,"First dose, at least 21 days ago",<3,3013,x,,x,x
Female,Deaths involving COVID-19,2023,April,50-59,"Second dose, less than 21 days ago",<3,1,x,,x,x
Female,Deaths involving COVID-19,2023,April,50-59,"Second dose, at least 21 days ago",<3,28604,x,,x,x
Female,Deaths involving COVID-19,2023,April,50-59,"Third dose or booster, less than 21 days ago",<3,0,x,,x,x
Female,Deaths involving COVID-19,2023,April,50-59,"Third dose or booster, at least 21 days ago",3,90165,3.5,u,0.7,10.2
Female,Deaths involving COVID-19,2023,April,50-59,"Fourth dose or booster, less than 21 days ago",<3,0,x,,x,x
Female,Deaths involving COVID-19,2023,April,50-59,"Fourth dose or booster, at least 21 days ago",10,164460,6,u,2.8,11.1
Female,Deaths involving COVID-19,2023,April,60-69,Unvaccinated,4,10981,34.7,u,9.2,89.4
Female,Deaths involving COVID-19,2023,April,60-69,"First dose, less than 21 days ago",<3,1,x,,x,x
Female,Deaths involving COVID-19,2023,April,60-69,"First dose, at least 21 days ago",3,1543,214.2,u,42.1,631
Female,Deaths involving COVID-19,2023,April,60-69,"Second dose, less than 21 days ago",<3,1,x,,x,x
Female,Deaths involving COVID-19,2023,April,60-69,"Second dose, at least 21 days ago",7,13892,51.5,u,20,107.4
Female,Deaths involving COVID-19,2023,April,60-69,"Third dose or booster, less than 21 days ago",<3,0,x,,x,x
Female,Deaths involving COVID-19,2023,April,60-69,"Third dose or booster, at least 21 days ago",10,47304,21.5,u,10,40
Female,Deaths involving COVID-19,2023,April,60-69,"Fourth dose or booster, less than 21 days ago",<3,0,x,,x,x
Female,Deaths involving COVID-19,2023,April,60-69,"Fourth dose or booster, at least 21 days ago",29,181317,15.8,,10.6,22.6
Female,Deaths involving COVID-19,2023,April,70-79,Unvaccinated,13,5572,234.5,u,124.7,401.3
Female,Deaths involving COVID-19,2023,April,70-79,"First dose, less than 21 days ago",<3,0,x,,x,x
Female,Deaths involving COVID-19,2023,April,70-79,"First dose, at least 21 days ago",<3,685,x,,x,x
Female,Deaths involving COVID-19,2023,April,70-79,"Second dose, less than 21 days ago",<3,0,x,,x,x
Female,Deaths involving COVID-19,2023,April,70-79,"Second dose, at least 21 days ago",8,5401,158.6,u,68.2,313.1
Female,Deaths involving COVID-19,2023,April,70-79,"Third dose or booster, less than 21 days ago",<3,0,x,,x,x
Female,Deaths involving COVID-19,2023,April,70-79,"Third dose or booster, at least 21 days ago",32,18939,188.6,,128.4,267.2
Female,Deaths involving COVID-19,2023,April,70-79,"Fourth dose or booster, less than 21 days ago",<3,0,x,,x,x
Female,Deaths involving COVID-19,2023,April,70-79,"Fourth dose or booster, at least 21 days ago",98,177850,52.6,,42.7,64.2
Female,Deaths involving COVID-19,2023,April,80-89,Unvaccinated,15,2562,589.9,u,329.8,973.5
Female,Deaths involving COVID-19,2023,April,80-89,"First dose, less than 21 days ago",<3,0,x,,x,x
Female,Deaths involving COVID-19,2023,April,80-89,"First dose, at least 21 days ago",<3,316,x,,x,x
Female,Deaths involving COVID-19,2023,April,80-89,"Second dose, less than 21 days ago",<3,0,x,,x,x
Female,Deaths involving COVID-19,2023,April,80-89,"Second dose, at least 21 days ago",6,2301,257.6,u,94.2,561.3
Female,Deaths involving COVID-19,2023,April,80-89,"Third dose or booster, less than 21 days ago",<3,0,x,,x,x
Female,Deaths involving COVID-19,2023,April,80-89,"Third dose or booster, at least 21 days ago",24,6412,369.4,,236.6,549.7
Female,Deaths involving COVID-19,2023,April,80-89,"Fourth dose or booster, less than 21 days ago",<3,0,x,,x,x
Female,Deaths involving COVID-19,2023,April,80-89,"Fourth dose or booster, at least 21 days ago",230,95059,237.9,,207.1,268.7
Female,Deaths involving COVID-19,2023,April,90+,Unvaccinated,8,704,1135.6,u,489,2237.8
Female,Deaths involving COVID-19,2023,April,90+,"First dose, less than 21 days ago",<3,0,x,,x,x
Female,Deaths involving COVID-19,2023,April,90+,"First dose, at least 21 days ago",<3,98,x,,x,x
Female,Deaths involving COVID-19,2023,April,90+,"Second dose, less than 21 days ago",<3,0,x,,x,x
Female,Deaths involving COVID-19,2023,April,90+,"Second dose, at least 21 days ago",4,596,671.5,u,180.7,1719.3
Female,Deaths involving COVID-19,2023,April,90+,"Third dose or booster, less than 21 days ago",<3,0,x,,x,x
Female,Deaths involving COVID-19,2023,April,90+,"Third dose or booster, at least 21 days ago",18,1474,1221,u,723.3,1929.8
Female,Deaths involving COVID-19,2023,April,90+,"Fourth dose or booster, less than 21 days ago",<3,0,x,,x,x
Female,Deaths involving COVID-19,2023,April,90+,"Fourth dose or booster, at least 21 days ago",193,23578,818.6,,707.1,942.5
Female,Deaths involving COVID-19,2023,May,18-39,Unvaccinated,<3,100894,x,,x,x
Female,Deaths involving COVID-19,2023,May,18-39,"First dose, less than 21 days ago",<3,0,x,,x,x
Female,Deaths involving COVID-19,2023,May,18-39,"First dose, at least 21 days ago",<3,22748,x,,x,x
Female,Deaths involving COVID-19,2023,May,18-39,"Second dose, less than 21 days ago",<3,2,x,,x,x
Female,Deaths involving COVID-19,2023,May,18-39,"Second dose, at least 21 days ago",<3,152547,x,,x,x
Female,Deaths involving COVID-19,2023,May,18-39,"Third dose or booster, less than 21 days ago",<3,0,x,,x,x
Female,Deaths involving COVID-19,2023,May,18-39,"Third dose or booster, at least 21 days ago",<3,280126,x,,x,x
Female,Deaths involving COVID-19,2023,May,18-39,"Fourth dose or booster, less than 21 days ago",<3,0,x,,x,x
Female,Deaths involving COVID-19,2023,May,18-39,"Fourth dose or booster, at least 21 days ago",<3,50514,x,,x,x
Female,Deaths involving COVID-19,2023,May,40-49,Unvaccinated,<3,29070,x,,x,x
Female,Deaths involving COVID-19,2023,May,40-49,"First dose, less than 21 days ago",<3,0,x,,x,x
Female,Deaths involving COVID-19,2023,May,40-49,"First dose, at least 21 days ago",<3,5009,x,,x,x
Female,Deaths involving COVID-19,2023,May,40-49,"Second dose, less than 21 days ago",<3,0,x,,x,x
Female,Deaths involving COVID-19,2023,May,40-49,"Second dose, at least 21 days ago",<3,46674,x,,x,x
Female,Deaths involving COVID-19,2023,May,40-49,"Third dose or booster, less than 21 days ago",<3,0,x,,x,x
Female,Deaths involving COVID-19,2023,May,40-49,"Third dose or booster, at least 21 days ago",<3,161691,x,,x,x
Female,Deaths involving COVID-19,2023,May,40-49,"Fourth dose or booster, less than 21 days ago",<3,0,x,,x,x
Female,Deaths involving COVID-19,2023,May,40-49,"Fourth dose or booster, at least 21 days ago",<3,48982,x,,x,x
Female,Deaths involving COVID-19,2023,May,50-59,Unvaccinated,<3,19158,x,,x,x
Female,Deaths involving COVID-19,2023,May,50-59,"First dose, less than 21 days ago",<3,0,x,,x,x
Female,Deaths involving COVID-19,2023,May,50-59,"First dose, at least 21 days ago",<3,3120,x,,x,x
Female,Deaths involving COVID-19,2023,May,50-59,"Second dose, less than 21 days ago",<3,0,x,,x,x
Female,Deaths involving COVID-19,2023,May,50-59,"Second dose, at least 21 days ago",<3,29674,x,,x,x
Female,Deaths involving COVID-19,2023,May,50-59,"Third dose or booster, less than 21 days ago",<3,0,x,,x,x
Female,Deaths involving COVID-19,2023,May,50-59,"Third dose or booster, at least 21 days ago",3,93837,3.4,u,0.7,9.9
Female,Deaths involving COVID-19,2023,May,50-59,"Fourth dose or booster, less than 21 days ago",<3,0,x,,x,x
Female,Deaths involving COVID-19,2023,May,50-59,"Fourth dose or booster, at least 21 days ago",3,168822,1.7,u,0.3,5.1
Female,Deaths involving COVID-19,2023,May,60-69,Unvaccinated,<3,11415,x,,x,x
Female,Deaths involving COVID-19,2023,May,60-69,"First dose, less than 21 days ago",<3,0,x,,x,x
Female,Deaths involving COVID-19,2023,May,60-69,"First dose, at least 21 days ago",<3,1604,x,,x,x
Female,Deaths involving COVID-19,2023,May,60-69,"Second dose, less than 21 days ago",<3,0,x,,x,x
Female,Deaths involving COVID-19,2023,May,60-69,"Second dose, at least 21 days ago",<3,14456,x,,x,x
Female,Deaths involving COVID-19,2023,May,60-69,"Third dose or booster, less than 21 days ago",<3,0,x,,x,x
Female,Deaths involving COVID-19,2023,May,60-69,"Third dose or booster, at least 21 days ago",6,49242,13,u,4.6,28.6
Female,Deaths involving COVID-19,2023,May,60-69,"Fourth dose or booster, less than 21 days ago",<3,0,x,,x,x
Female,Deaths involving COVID-19,2023,May,60-69,"Fourth dose or booster, at least 21 days ago",11,187351,5.8,u,2.9,10.3
Female,Deaths involving COVID-19,2023,May,70-79,Unvaccinated,6,5782,104.7,u,38.3,228.2
Female,Deaths involving COVID-19,2023,May,70-79,"First dose, less than 21 days ago",<3,0,x,,x,x
Female,Deaths involving COVID-19,2023,May,70-79,"First dose, at least 21 days ago",<3,710,x,,x,x
Female,Deaths involving COVID-19,2023,May,70-79,"Second dose, less than 21 days ago",<3,0,x,,x,x
Female,Deaths involving COVID-19,2023,May,70-79,"Second dose, at least 21 days ago",6,5605,105.7,u,38.5,230.6
Female,Deaths involving COVID-19,2023,May,70-79,"Third dose or booster, less than 21 days ago",<3,0,x,,x,x
Female,Deaths involving COVID-19,2023,May,70-79,"Third dose or booster, at least 21 days ago",7,19679,34.6,u,13.6,71.8
Female,Deaths involving COVID-19,2023,May,70-79,"Fourth dose or booster, less than 21 days ago",<3,0,x,,x,x
Female,Deaths involving COVID-19,2023,May,70-79,"Fourth dose or booster, at least 21 days ago",69,183815,36.1,,28.1,45.8
Female,Deaths involving COVID-19,2023,May,80-89,Unvaccinated,5,2648,188.9,u,61.1,441.2
Female,Deaths involving COVID-19,2023,May,80-89,"First dose, less than 21 days ago",<3,0,x,,x,x
Female,Deaths involving COVID-19,2023,May,80-89,"First dose, at least 21 days ago",<3,327,x,,x,x
Female,Deaths involving COVID-19,2023,May,80-89,"Second dose, less than 21 days ago",<3,0,x,,x,x
Female,Deaths involving COVID-19,2023,May,80-89,"Second dose, at least 21 days ago",4,2379,166.1,u,45,425.8
Female,Deaths involving COVID-19,2023,May,80-89,"Third dose or booster, less than 21 days ago",<3,0,x,,x,x
Female,Deaths involving COVID-19,2023,May,80-89,"Third dose or booster, at least 21 days ago",19,6632,284.8,u,171.4,444.9
Female,Deaths involving COVID-19,2023,May,80-89,"Fourth dose or booster, less than 21 days ago",<3,0,x,,x,x
Female,Deaths involving COVID-19,2023,May,80-89,"Fourth dose or booster, at least 21 days ago",149,98588,149.8,,125.7,173.8
Female,Deaths involving COVID-19,2023,May,90+,Unvaccinated,10,728,1372.9,u,657.3,2525
Female,Deaths involving COVID-19,2023,May,90+,"First dose, less than 21 days ago",<3,0,x,,x,x
Female,Deaths involving COVID-19,2023,May,90+,"First dose, at least 21 days ago",<3,102,x,,x,x
Female,Deaths involving COVID-19,2023,May,90+,"Second dose, less than 21 days ago",<3,0,x,,x,x
Female,Deaths involving COVID-19,2023,May,90+,"Second dose, at least 21 days ago",3,615,487.9,u,98.1,1425.5
Female,Deaths involving COVID-19,2023,May,90+,"Third dose or booster, less than 21 days ago",<3,0,x,,x,x
Female,Deaths involving COVID-19,2023,May,90+,"Third dose or booster, at least 21 days ago",8,1526,524.1,u,225.7,1032.8
Female,Deaths involving COVID-19,2023,May,90+,"Fourth dose or booster, less than 21 days ago",<3,0,x,,x,x
Female,Deaths involving COVID-19,2023,May,90+,"Fourth dose or booster, at least 21 days ago",97,24433,397,,321.9,484.3
Male,All causes,2021,April,18-39,Unvaccinated,193,431103,45.5,,39,51.9
Male,All causes,2021,April,18-39,"First dose, less than 21 days ago",12,17744,61.7,u,31.4,108.5
Male,All causes,2021,April,18-39,"First dose, at least 21 days ago",99,64047,149.9,,121.2,183.3
Male,All causes,2021,April,18-39,"Second dose, less than 21 days ago",10,12026,88.2,u,41,164.3
Male,All causes,2021,April,18-39,"Second dose, at least 21 days ago",6,8158,106,u,23.7,258.9
Male,All causes,2021,April,18-39,"Third dose or booster, less than 21 days ago",<3,0,x,,x,x
Male,All causes,2021,April,18-39,"Third dose or booster, at least 21 days ago",<3,0,x,,x,x
Male,All causes,2021,April,18-39,"Fourth dose or booster, less than 21 days ago",<3,0,x,,x,x
Male,All causes,2021,April,18-39,"Fourth dose or booster, at least 21 days ago",<3,0,x,,x,x
Male,All causes,2021,April,40-49,Unvaccinated,154,143211,114.1,,95.9,132.3
Male,All causes,2021,April,40-49,"First dose, less than 21 days ago",24,37620,58.3,,35.5,89.3
Male,All causes,2021,April,40-49,"First dose, at least 21 days ago",157,63615,239,,201,276.9
Male,All causes,2021,April,40-49,"Second dose, less than 21 days ago",17,8810,184.8,u,107.3,296.3
Male,All causes,2021,April,40-49,"Second dose, at least 21 days ago",3,5829,55,u,11.3,160.7
Male,All causes,2021,April,40-49,"Third dose or booster, less than 21 days ago",<3,0,x,,x,x
Male,All causes,2021,April,40-49,"Third dose or booster, at least 21 days ago",<3,0,x,,x,x
Male,All causes,2021,April,40-49,"Fourth dose or booster, less than 21 days ago",<3,0,x,,x,x
Male,All causes,2021,April,40-49,"Fourth dose or booster, at least 21 days ago",<3,0,x,,x,x
Male,All causes,2021,April,50-59,Unvaccinated,259,29031,926.1,,812.7,1039.6
Male,All causes,2021,April,50-59,"First dose, less than 21 days ago",75,51970,148.4,,116.4,186.5
Male,All causes,2021,April,50-59,"First dose, at least 21 days ago",654,187263,344.2,,317.7,370.7
Male,All causes,2021,April,50-59,"Second dose, less than 21 days ago",54,13925,379.3,,284.1,495.9
Male,All causes,2021,April,50-59,"Second dose, at least 21 days ago",30,7259,402.3,,271.1,574.7
Male,All causes,2021,April,50-59,"Third dose or booster, less than 21 days ago",<3,0,x,,x,x
Male,All causes,2021,April,50-59,"Third dose or booster, at least 21 days ago",<3,0,x,,x,x
Male,All causes,2021,April,50-59,"Fourth dose or booster, less than 21 days ago",<3,0,x,,x,x
Male,All causes,2021,April,50-59,"Fourth dose or booster, at least 21 days ago",<3,0,x,,x,x
Male,All causes,2021,April,60-69,Unvaccinated,362,12269,3123.1,,2795.8,3450.5
Male,All causes,2021,April,60-69,"First dose, less than 21 days ago",58,7301,1296.8,,918.7,1756.6
Male,All causes,2021,April,60-69,"First dose, at least 21 days ago",1502,181009,840.9,,798.3,883.4
Male,All causes,2021,April,60-69,"Second dose, less than 21 days ago",147,23434,621,,515.7,726.4
Male,All causes,2021,April,60-69,"Second dose, at least 21 days ago",82,6251,1324.8,,1053.4,1644.7
Male,All causes,2021,April,60-69,"Third dose or booster, less than 21 days ago",<3,0,x,,x,x
Male,All causes,2021,April,60-69,"Third dose or booster, at least 21 days ago",<3,0,x,,x,x
Male,All causes,2021,April,60-69,"Fourth dose or booster, less than 21 days ago",<3,0,x,,x,x
Male,All causes,2021,April,60-69,"Fourth dose or booster, at least 21 days ago",<3,0,x,,x,x
Male,All causes,2021,April,70-79,Unvaccinated,365,5145,7434.3,,6663.3,8205.3
Male,All causes,2021,April,70-79,"First dose, less than 21 days ago",26,538,5124.7,,3315.1,7552.4
Male,All causes,2021,April,70-79,"First dose, at least 21 days ago",2707,88814,3471.4,,3335.3,3607.4
Male,All causes,2021,April,70-79,"Second dose, less than 21 days ago",763,70877,1039.6,,965.2,1113.9
Male,All causes,2021,April,70-79,"Second dose, at least 21 days ago",367,14757,2425.9,,2156.6,2695.2
Male,All causes,2021,April,70-79,"Third dose or booster, less than 21 days ago",<3,0,x,,x,x
Male,All causes,2021,April,70-79,"Third dose or booster, at least 21 days ago",<3,0,x,,x,x
Male,All causes,2021,April,70-79,"Fourth dose or booster, less than 21 days ago",<3,0,x,,x,x
Male,All causes,2021,April,70-79,"Fourth dose or booster, at least 21 days ago",<3,0,x,,x,x
Male,All causes,2021,April,80-89,Unvaccinated,301,1922,15828.2,,14039,17617.4
Male,All causes,2021,April,80-89,"First dose, less than 21 days ago",35,175,19998.6,,13928.2,27815.3
Male,All causes,2021,April,80-89,"First dose, at least 21 days ago",2284,11674,19752.8,,18942,20563.6
Male,All causes,2021,April,80-89,"Second dose, less than 21 days ago",1110,29908,3792.1,,3568.4,4015.7
Male,All causes,2021,April,80-89,"Second dose, at least 21 days ago",1602,32780,4896.4,,4656.6,5136.2
Male,All causes,2021,April,80-89,"Third dose or booster, less than 21 days ago",<3,0,x,,x,x
Male,All causes,2021,April,80-89,"Third dose or booster, at least 21 days ago",<3,0,x,,x,x
Male,All causes,2021,April,80-89,"Fourth dose or booster, less than 21 days ago",<3,0,x,,x,x
Male,All causes,2021,April,80-89,"Fourth dose or booster, at least 21 days ago",<3,0,x,,x,x
Male,All causes,2021,April,90+,Unvaccinated,116,372,31189.9,,25772.3,37409.7
Male,All causes,2021,April,90+,"First dose, less than 21 days ago",13,37,35588.7,u,18930.9,60861.9
Male,All causes,2021,April,90+,"First dose, at least 21 days ago",977,2246,43497.8,,40812.6,46313.2
Male,All causes,2021,April,90+,"Second dose, less than 21 days ago",505,4463,11314.5,,10349,12345.8
Male,All causes,2021,April,90+,"Second dose, at least 21 days ago",747,5118,14594.8,,13566.7,15680
Male,All causes,2021,April,90+,"Third dose or booster, less than 21 days ago",<3,0,x,,x,x
Male,All causes,2021,April,90+,"Third dose or booster, at least 21 days ago",<3,0,x,,x,x
Male,All causes,2021,April,90+,"Fourth dose or booster, less than 21 days ago",<3,0,x,,x,x
Male,All causes,2021,April,90+,"Fourth dose or booster, at least 21 days ago",<3,0,x,,x,x
Male,All causes,2021,May,18-39,Unvaccinated,157,405756,40.3,,33.9,46.7
Male,All causes,2021,May,18-39,"First dose, less than 21 days ago",12,36143,28,u,6,61.9
Male,All causes,2021,May,18-39,"First dose, at least 21 days ago",66,57118,107.8,,82.9,137.8
Male,All causes,2021,May,18-39,"Second dose, less than 21 days ago",18,23734,68.8,u,40.3,109.5
Male,All causes,2021,May,18-39,"Second dose, at least 21 days ago",34,27964,130.1,,86.9,186
Male,All causes,2021,May,18-39,"Third dose or booster, less than 21 days ago",<3,0,x,,x,x
Male,All causes,2021,May,18-39,"Third dose or booster, at least 21 days ago",<3,0,x,,x,x
Male,All causes,2021,May,18-39,"Fourth dose or booster, less than 21 days ago",<3,0,x,,x,x
Male,All causes,2021,May,18-39,"Fourth dose or booster, at least 21 days ago",<3,0,x,,x,x
Male,All causes,2021,May,40-49,Unvaccinated,140,66436,227.8,,188.9,266.6
Male,All causes,2021,May,40-49,"First dose, less than 21 days ago",32,57491,59.1,,40,84
Male,All causes,2021,May,40-49,"First dose, at least 21 days ago",177,98619,178.1,,150.8,205.4
Male,All causes,2021,May,40-49,"Second dose, less than 21 days ago",40,23694,159.1,,113,217.3
Male,All causes,2021,May,40-49,"Second dose, at least 21 days ago",54,21244,248.2,,186.2,324.2
Male,All causes,2021,May,40-49,"Third dose or booster, less than 21 days ago",<3,0,x,,x,x
Male,All causes,2021,May,40-49,"Third dose or booster, at least 21 days ago",<3,0,x,,x,x
Male,All causes,2021,May,40-49,"Fourth dose or booster, less than 21 days ago",<3,0,x,,x,x
Male,All causes,2021,May,40-49,"Fourth dose or booster, at least 21 days ago",<3,0,x,,x,x
Male,All causes,2021,May,50-59,Unvaccinated,212,25991,834.9,,721.9,947.9
Male,All causes,2021,May,50-59,"First dose, less than 21 days ago",9,2731,305.1,u,132.9,590.2
Male,All causes,2021,May,50-59,"First dose, at least 21 days ago",591,177961,330.9,,304.2,357.6
Male,All causes,2021,May,50-59,"Second dose, less than 21 days ago",159,58541,263.1,,221.9,304.2
Male,All causes,2021,May,50-59,"Second dose, at least 21 days ago",210,34003,601.8,,519.7,683.9
Male,All causes,2021,May,50-59,"Third dose or booster, less than 21 days ago",<3,0,x,,x,x
Male,All causes,2021,May,50-59,"Third dose or booster, at least 21 days ago",<3,0,x,,x,x
Male,All causes,2021,May,50-59,"Fourth dose or booster, less than 21 days ago",<3,0,x,,x,x
Male,All causes,2021,May,50-59,"Fourth dose or booster, at least 21 days ago",<3,0,x,,x,x
Male,All causes,2021,May,60-69,Unvaccinated,307,11531,2876.7,,2550,3203.4
Male,All causes,2021,May,60-69,"First dose, less than 21 days ago",11,739,1640.4,u,795.1,2972.6
Male,All causes,2021,May,60-69,"First dose, at least 21 days ago",927,78141,1617,,1501.7,1732.3
Male,All causes,2021,May,60-69,"Second dose, less than 21 days ago",417,89321,463.6,,418.8,508.5
Male,All causes,2021,May,60-69,"Second dose, at least 21 days ago",651,58648,1128.9,,1037.7,1220.2
Male,All causes,2021,May,60-69,"Third dose or booster, less than 21 days ago",<3,0,x,,x,x
Male,All causes,2021,May,60-69,"Third dose or booster, at least 21 days ago",<3,0,x,,x,x
Male,All causes,2021,May,60-69,"Fourth dose or booster, less than 21 days ago",<3,0,x,,x,x
Male,All causes,2021,May,60-69,"Fourth dose or booster, at least 21 days ago",<3,0,x,,x,x
Male,All causes,2021,May,70-79,Unvaccinated,277,4998,5730.3,,5047.8,6412.8
Male,All causes,2021,May,70-79,"First dose, less than 21 days ago",14,210,6818.3,u,3683.3,11506.2
Male,All causes,2021,May,70-79,"First dose, at least 21 days ago",1130,5767,22486.8,,21120.1,23853.5
Male,All causes,2021,May,70-79,"Second dose, less than 21 days ago",663,45204,1745.5,,1601.3,1889.7
Male,All causes,2021,May,70-79,"Second dose, at least 21 days ago",2497,130532,1871,,1797.5,1944.6
Male,All causes,2021,May,70-79,"Third dose or booster, less than 21 days ago",<3,0,x,,x,x
Male,All causes,2021,May,70-79,"Third dose or booster, at least 21 days ago",<3,1,x,,x,x
Male,All causes,2021,May,70-79,"Fourth dose or booster, less than 21 days ago",<3,0,x,,x,x
Male,All causes,2021,May,70-79,"Fourth dose or booster, at least 21 days ago",<3,0,x,,x,x
Male,All causes,2021,May,80-89,Unvaccinated,225,1866,12174.1,,10582.4,13765.9
Male,All causes,2021,May,80-89,"First dose, less than 21 days ago",9,68,13592.3,u,6211.8,25808.1
Male,All causes,2021,May,80-89,"First dose, at least 21 days ago",937,1595,58213.2,,54477.8,61948.6
Male,All causes,2021,May,80-89,"Second dose, less than 21 days ago",394,3928,10124.3,,9124.1,11124.5
Male,All causes,2021,May,80-89,"Second dose, at least 21 days ago",4271,71748,6012.5,,5832.1,6193
Male,All causes,2021,May,80-89,"Third dose or booster, less than 21 days ago",<3,0,x,,x,x
Male,All causes,2021,May,80-89,"Third dose or booster, at least 21 days ago",<3,0,x,,x,x
Male,All causes,2021,May,80-89,"Fourth dose or booster, less than 21 days ago",<3,0,x,,x,x
Male,All causes,2021,May,80-89,"Fourth dose or booster, at least 21 days ago",<3,0,x,,x,x
Male,All causes,2021,May,90+,Unvaccinated,89,360,24749.7,,19875.4,30457.1
Male,All causes,2021,May,90+,"First dose, less than 21 days ago",4,14,28042.2,u,7544.2,71794.2
Male,All causes,2021,May,90+,"First dose, at least 21 days ago",397,391,101588.4,,91839.5,112090.3
Male,All causes,2021,May,90+,"Second dose, less than 21 days ago",181,843,21482,,18466.1,24849.9
Male,All causes,2021,May,90+,"Second dose, at least 21 days ago",1913,11138,17175.9,,16414.7,17963.3
Male,All causes,2021,May,90+,"Third dose or booster, less than 21 days ago",<3,0,x,,x,x
Male,All causes,2021,May,90+,"Third dose or booster, at least 21 days ago",<3,0,x,,x,x
Male,All causes,2021,May,90+,"Fourth dose or booster, less than 21 days ago",<3,0,x,,x,x
Male,All causes,2021,May,90+,"Fourth dose or booster, at least 21 days ago",<3,0,x,,x,x
Male,All causes,2021,June,18-39,Unvaccinated,154,259835,70.5,,58.4,82.5
Male,All causes,2021,June,18-39,"First dose, less than 21 days ago",17,99789,17,u,9.6,27.6
Male,All causes,2021,June,18-39,"First dose, at least 21 days ago",80,82386,117.4,,86.1,154.3
Male,All causes,2021,June,18-39,"Second dose, less than 21 days ago",17,28186,58.6,u,33.4,94.8
Male,All causes,2021,June,18-39,"Second dose, at least 21 days ago",74,62676,118.6,,91.9,150.3
Male,All causes,2021,June,18-39,"Third dose or booster, less than 21 days ago",<3,2,x,,x,x
Male,All causes,2021,June,18-39,"Third dose or booster, at least 21 days ago",<3,1,x,,x,x
Male,All causes,2021,June,18-39,"Fourth dose or booster, less than 21 days ago",<3,0,x,,x,x
Male,All causes,2021,June,18-39,"Fourth dose or booster, at least 21 days ago",<3,0,x,,x,x
Male,All causes,2021,June,40-49,Unvaccinated,129,40066,337.4,,278.7,396.1
Male,All causes,2021,June,40-49,"First dose, less than 21 days ago",6,10370,82.1,u,29,181
Male,All causes,2021,June,40-49,"First dose, at least 21 days ago",146,109079,136.1,,114,158.2
Male,All causes,2021,June,40-49,"Second dose, less than 21 days ago",44,41245,103.1,,74.2,139.3
Male,All causes,2021,June,40-49,"Second dose, at least 21 days ago",139,57855,233.8,,194.5,273.2
Male,All causes,2021,June,40-49,"Third dose or booster, less than 21 days ago",<3,2,x,,x,x
Male,All causes,2021,June,40-49,"Third dose or booster, at least 21 days ago",<3,1,x,,x,x
Male,All causes,2021,June,40-49,"Fourth dose or booster, less than 21 days ago",<3,0,x,,x,x
Male,All causes,2021,June,40-49,"Fourth dose or booster, at least 21 days ago",<3,0,x,,x,x
Male,All causes,2021,June,50-59,Unvaccinated,202,22702,918.5,,791.2,1045.7
Male,All causes,2021,June,50-59,"First dose, less than 21 days ago",7,1633,435.1,u,170.4,904.5
Male,All causes,2021,June,50-59,"First dose, at least 21 days ago",246,34928,735.1,,642.5,827.6
Male,All causes,2021,June,50-59,"Second dose, less than 21 days ago",135,96716,138.7,,115.3,162.1
Male,All causes,2021,June,50-59,"Second dose, at least 21 days ago",560,133847,407.4,,373.4,441.3
Male,All causes,2021,June,50-59,"Third dose or booster, less than 21 days ago",<3,3,x,,x,x
Male,All causes,2021,June,50-59,"Third dose or booster, at least 21 days ago",<3,1,x,,x,x
Male,All causes,2021,June,50-59,"Fourth dose or booster, less than 21 days ago",<3,0,x,,x,x
Male,All causes,2021,June,50-59,"Fourth dose or booster, at least 21 days ago",<3,0,x,,x,x
Male,All causes,2021,June,60-69,Unvaccinated,213,10421,2087.5,,1802.5,2372.5
Male,All causes,2021,June,60-69,"First dose, less than 21 days ago",9,503,1777.1,u,776,3434.1
Male,All causes,2021,June,60-69,"First dose, at least 21 days ago",402,7706,6516.9,,5822.1,7211.7
Male,All causes,2021,June,60-69,"Second dose, less than 21 days ago",147,35753,615.7,,493.1,738.4
Male,All causes,2021,June,60-69,"Second dose, at least 21 days ago",1533,176761,851.7,,808.9,894.6
Male,All causes,2021,June,60-69,"Third dose or booster, less than 21 days ago",<3,3,x,,x,x
Male,All causes,2021,June,60-69,"Third dose or booster, at least 21 days ago",<3,1,x,,x,x
Male,All causes,2021,June,60-69,"Fourth dose or booster, less than 21 days ago",<3,0,x,,x,x
Male,All causes,2021,June,60-69,"Fourth dose or booster, at least 21 days ago",<3,0,x,,x,x
Male,All causes,2021,June,70-79,Unvaccinated,247,4632,5426.8,,4742.4,6111.2
Male,All causes,2021,June,70-79,"First dose, less than 21 days ago",9,143,6228.3,u,2792.7,11914.6
Male,All causes,2021,June,70-79,"First dose, at least 21 days ago",462,1578,30032,,27266.4,32797.7
Male,All causes,2021,June,70-79,"Second dose, less than 21 days ago",112,1743,7026.7,,5678.2,8375.3
Male,All causes,2021,June,70-79,"Second dose, at least 21 days ago",3722,173088,2178.6,,2108.5,2248.7
Male,All causes,2021,June,70-79,"Third dose or booster, less than 21 days ago",<3,7,x,,x,x
Male,All causes,2021,June,70-79,"Third dose or booster, at least 21 days ago",<3,1,x,,x,x
Male,All causes,2021,June,70-79,"Fourth dose or booster, less than 21 days ago",<3,0,x,,x,x
Male,All causes,2021,June,70-79,"Fourth dose or booster, at least 21 days ago",<3,0,x,,x,x
Male,All causes,2021,June,80-89,Unvaccinated,195,1730,11344.5,,9751.4,12937.7
Male,All causes,2021,June,80-89,"First dose, less than 21 days ago",6,46,12798.3,u,4685.4,27877.5
Male,All causes,2021,June,80-89,"First dose, at least 21 days ago",399,645,61170.6,,55145.6,67195.6
Male,All causes,2021,June,80-89,"Second dose, less than 21 days ago",62,485,12696.3,,9732.6,16277.9
Male,All causes,2021,June,80-89,"Second dose, at least 21 days ago",4932,73887,6727.6,,6539.7,6915.4
Male,All causes,2021,June,80-89,"Third dose or booster, less than 21 days ago",<3,4,x,,x,x
Male,All causes,2021,June,80-89,"Third dose or booster, at least 21 days ago",<3,1,x,,x,x
Male,All causes,2021,June,80-89,"Fourth dose or booster, less than 21 days ago",<3,0,x,,x,x
Male,All causes,2021,June,80-89,"Fourth dose or booster, at least 21 days ago",<3,0,x,,x,x
Male,All causes,2021,June,90+,Unvaccinated,86,337,25548.4,,20434.7,31552.5
Male,All causes,2021,June,90+,"First dose, less than 21 days ago",<3,7,x,,x,x
Male,All causes,2021,June,90+,"First dose, at least 21 days ago",147,160,91646,,77428.9,107717.2
Male,All causes,2021,June,90+,"Second dose, less than 21 days ago",39,108,36027.1,,25615.5,49251.8
Male,All causes,2021,June,90+,"Second dose, at least 21 days ago",2025,11853,17084.1,,16348,17844.8
Male,All causes,2021,June,90+,"Third dose or booster, less than 21 days ago",<3,0,x,,x,x
Male,All causes,2021,June,90+,"Third dose or booster, at least 21 days ago",<3,0,x,,x,x
Male,All causes,2021,June,90+,"Fourth dose or booster, less than 21 days ago",<3,0,x,,x,x
Male,All causes,2021,June,90+,"Fourth dose or booster, at least 21 days ago",<3,0,x,,x,x
Male,All causes,2021,July,18-39,Unvaccinated,156,162107,104.9,,87.9,121.9
Male,All causes,2021,July,18-39,"First dose, less than 21 days ago",27,61590,65.8,,36.5,105
Male,All causes,2021,July,18-39,"First dose, at least 21 days ago",90,180301,49.1,,39.4,60.6
Male,All causes,2021,July,18-39,"Second dose, less than 21 days ago",9,40799,25.3,u,7,55.7
Male,All causes,2021,July,18-39,"Second dose, at least 21 days ago",128,105844,117,,96.1,137.9
Male,All causes,2021,July,18-39,"Third dose or booster, less than 21 days ago",<3,2,x,,x,x
Male,All causes,2021,July,18-39,"Third dose or booster, at least 21 days ago",<3,4,x,,x,x
Male,All causes,2021,July,18-39,"Fourth dose or booster, less than 21 days ago",<3,0,x,,x,x
Male,All causes,2021,July,18-39,"Fourth dose or booster, at least 21 days ago",<3,0,x,,x,x
Male,All causes,2021,July,40-49,Unvaccinated,139,36591,390.8,,325.3,456.3
Male,All causes,2021,July,40-49,"First dose, less than 21 days ago",4,2973,140,u,36.2,362.7
Male,All causes,2021,July,40-49,"First dose, at least 21 days ago",90,44530,231.2,,184.8,285.5
Male,All causes,2021,July,40-49,"Second dose, less than 21 days ago",35,55777,62.8,,43.7,87.3
Male,All causes,2021,July,40-49,"Second dose, at least 21 days ago",283,127224,217.4,,191.7,243
Male,All causes,2021,July,40-49,"Third dose or booster, less than 21 days ago",<3,2,x,,x,x
Male,All causes,2021,July,40-49,"Third dose or booster, at least 21 days ago",<3,5,x,,x,x
Male,All causes,2021,July,40-49,"Fourth dose or booster, less than 21 days ago",<3,0,x,,x,x
Male,All causes,2021,July,40-49,"Fourth dose or booster, at least 21 days ago",<3,0,x,,x,x
Male,All causes,2021,July,50-59,Unvaccinated,216,21945,983.4,,851.7,1115.1
Male,All causes,2021,July,50-59,"First dose, less than 21 days ago",5,1043,480.2,u,150.8,1130.8
Male,All causes,2021,July,50-59,"First dose, at least 21 days ago",162,8228,2094,,1766.4,2421.6
Male,All causes,2021,July,50-59,"Second dose, less than 21 days ago",28,10554,283.6,,185.8,413.3
Male,All causes,2021,July,50-59,"Second dose, at least 21 days ago",915,257801,351.5,,328.7,374.4
Male,All causes,2021,July,50-59,"Third dose or booster, less than 21 days ago",<3,3,x,,x,x
Male,All causes,2021,July,50-59,"Third dose or booster, at least 21 days ago",<3,6,x,,x,x
Male,All causes,2021,July,50-59,"Fourth dose or booster, less than 21 days ago",<3,0,x,,x,x
Male,All causes,2021,July,50-59,"Fourth dose or booster, at least 21 days ago",<3,0,x,,x,x
Male,All causes,2021,July,60-69,Unvaccinated,224,10316,2276.6,,1973.9,2579.3
Male,All causes,2021,July,60-69,"First dose, less than 21 days ago",<3,327,x,,x,x
Male,All causes,2021,July,60-69,"First dose, at least 21 days ago",231,2929,8630.2,,7486.8,9773.7
Male,All causes,2021,July,60-69,"Second dose, less than 21 days ago",34,2177,1923,,1289.6,2741.5
Male,All causes,2021,July,60-69,"Second dose, at least 21 days ago",2002,223489,902.7,,863.2,942.3
Male,All causes,2021,July,60-69,"Third dose or booster, less than 21 days ago",<3,3,x,,x,x
Male,All causes,2021,July,60-69,"Third dose or booster, at least 21 days ago",<3,6,x,,x,x
Male,All causes,2021,July,60-69,"Fourth dose or booster, less than 21 days ago",<3,0,x,,x,x
Male,All causes,2021,July,60-69,"Fourth dose or booster, at least 21 days ago",<3,0,x,,x,x
Male,All causes,2021,July,70-79,Unvaccinated,221,4653,4892.3,,4240.2,5544.4
Male,All causes,2021,July,70-79,"First dose, less than 21 days ago",<3,100,x,,x,x
Male,All causes,2021,July,70-79,"First dose, at least 21 days ago",265,1038,26202.2,,23022.5,29381.9
Male,All causes,2021,July,70-79,"Second dose, less than 21 days ago",26,426,6219.2,,4033.8,9151.1
Male,All causes,2021,July,70-79,"Second dose, at least 21 days ago",4505,181468,2513.5,,2440.1,2587
Male,All causes,2021,July,70-79,"Third dose or booster, less than 21 days ago",<3,9,x,,x,x
Male,All causes,2021,July,70-79,"Third dose or booster, at least 21 days ago",<3,15,x,,x,x
Male,All causes,2021,July,70-79,"Fourth dose or booster, less than 21 days ago",<3,0,x,,x,x
Male,All causes,2021,July,70-79,"Fourth dose or booster, at least 21 days ago",<3,0,x,,x,x
Male,All causes,2021,July,80-89,Unvaccinated,233,1735,13537.2,,11798.2,15276.3
Male,All causes,2021,July,80-89,"First dose, less than 21 days ago",6,29,20760.7,u,7586.6,45247
Male,All causes,2021,July,80-89,"First dose, at least 21 days ago",232,443,51594.7,,44927.5,58261.8
Male,All causes,2021,July,80-89,"Second dose, less than 21 days ago",23,148,15429.7,,9778.6,23155.5
Male,All causes,2021,July,80-89,"Second dose, at least 21 days ago",5771,77083,7551.9,,7357,7746.8
Male,All causes,2021,July,80-89,"Third dose or booster, less than 21 days ago",<3,2,x,,x,x
Male,All causes,2021,July,80-89,"Third dose or booster, at least 21 days ago",<3,7,x,,x,x
Male,All causes,2021,July,80-89,"Fourth dose or booster, less than 21 days ago",<3,0,x,,x,x
Male,All causes,2021,July,80-89,"Fourth dose or booster, at least 21 days ago",<3,0,x,,x,x
Male,All causes,2021,July,90+,Unvaccinated,86,338,25413,,20326.4,31385.3
Male,All causes,2021,July,90+,"First dose, less than 21 days ago",<3,5,x,,x,x
Male,All causes,2021,July,90+,"First dose, at least 21 days ago",97,111,87743.9,,71152.4,107041.5
Male,All causes,2021,July,90+,"Second dose, less than 21 days ago",14,32,43148.2,u,23569.5,72400.2
Male,All causes,2021,July,90+,"Second dose, at least 21 days ago",2512,12501,20093.8,,19315.6,20895.3
Male,All causes,2021,July,90+,"Third dose or booster, less than 21 days ago",<3,0,x,,x,x
Male,All causes,2021,July,90+,"Third dose or booster, at least 21 days ago",<3,0,x,,x,x
Male,All causes,2021,July,90+,"Fourth dose or booster, less than 21 days ago",<3,0,x,,x,x
Male,All causes,2021,July,90+,"Fourth dose or booster, at least 21 days ago",<3,0,x,,x,x
Male,All causes,2021,August,18-39,Unvaccinated,116,139677,89.3,,72.7,105.9
Male,All causes,2021,August,18-39,"First dose, less than 21 days ago",<3,12383,x,,x,x
Male,All causes,2021,August,18-39,"First dose, at least 21 days ago",66,138683,66.9,,50.6,86.6
Male,All causes,2021,August,18-39,"Second dose, less than 21 days ago",24,83324,30.8,,19.5,46.2
Male,All causes,2021,August,18-39,"Second dose, at least 21 days ago",148,176769,84.1,,68.9,99.2
Male,All causes,2021,August,18-39,"Third dose or booster, less than 21 days ago",<3,3,x,,x,x
Male,All causes,2021,August,18-39,"Third dose or booster, at least 21 days ago",<3,7,x,,x,x
Male,All causes,2021,August,18-39,"Fourth dose or booster, less than 21 days ago",<3,0,x,,x,x
Male,All causes,2021,August,18-39,"Fourth dose or booster, at least 21 days ago",<3,0,x,,x,x
Male,All causes,2021,August,40-49,Unvaccinated,139,34493,417.3,,347.4,487.2
Male,All causes,2021,August,40-49,"First dose, less than 21 days ago",<3,1344,x,,x,x
Male,All causes,2021,August,40-49,"First dose, at least 21 days ago",74,14236,558.9,,436.7,704.2
Male,All causes,2021,August,40-49,"Second dose, less than 21 days ago",11,17201,56.7,u,26.9,103.7
Male,All causes,2021,August,40-49,"Second dose, at least 21 days ago",267,199733,131.6,,115.8,147.5
Male,All causes,2021,August,40-49,"Third dose or booster, less than 21 days ago",<3,2,x,,x,x
Male,All causes,2021,August,40-49,"Third dose or booster, at least 21 days ago",<3,7,x,,x,x
Male,All causes,2021,August,40-49,"Fourth dose or booster, less than 21 days ago",<3,0,x,,x,x
Male,All causes,2021,August,40-49,"Fourth dose or booster, at least 21 days ago",<3,0,x,,x,x
Male,All causes,2021,August,50-59,Unvaccinated,221,21126,1069.7,,928.1,1211.3
Male,All causes,2021,August,50-59,"First dose, less than 21 days ago",5,557,964.9,u,304.5,2269.2
Male,All causes,2021,August,50-59,"First dose, at least 21 days ago",103,5705,1922.1,,1547.6,2296.5
Male,All causes,2021,August,50-59,"Second dose, less than 21 days ago",10,2355,368.1,u,173.6,681.6
Male,All causes,2021,August,50-59,"Second dose, at least 21 days ago",951,269901,347.7,,325.6,369.8
Male,All causes,2021,August,50-59,"Third dose or booster, less than 21 days ago",<3,3,x,,x,x
Male,All causes,2021,August,50-59,"Third dose or booster, at least 21 days ago",<3,10,x,,x,x
Male,All causes,2021,August,50-59,"Fourth dose or booster, less than 21 days ago",<3,0,x,,x,x
Male,All causes,2021,August,50-59,"Fourth dose or booster, at least 21 days ago",<3,0,x,,x,x
Male,All causes,2021,August,60-69,Unvaccinated,237,10055,2470.6,,2151.4,2789.9
Male,All causes,2021,August,60-69,"First dose, less than 21 days ago",3,193,1259.5,u,259.7,3680.7
Male,All causes,2021,August,60-69,"First dose, at least 21 days ago",158,2216,7523.1,,6319.8,8726.3
Male,All causes,2021,August,60-69,"Second dose, less than 21 days ago",8,709,1148.5,u,470.8,2305.9
Male,All causes,2021,August,60-69,"Second dose, at least 21 days ago",2143,226455,954.4,,913.9,994.8
Male,All causes,2021,August,60-69,"Third dose or booster, less than 21 days ago",<3,4,x,,x,x
Male,All causes,2021,August,60-69,"Third dose or booster, at least 21 days ago",<3,10,x,,x,x
Male,All causes,2021,August,60-69,"Fourth dose or booster, less than 21 days ago",<3,0,x,,x,x
Male,All causes,2021,August,60-69,"Fourth dose or booster, at least 21 days ago",<3,0,x,,x,x
Male,All causes,2021,August,70-79,Unvaccinated,273,4574,6223.2,,5477.4,6969
Male,All causes,2021,August,70-79,"First dose, less than 21 days ago",4,57,7410.4,u,1912,19203.4
Male,All causes,2021,August,70-79,"First dose, at least 21 days ago",144,849,17404.2,,14541.4,20267
Male,All causes,2021,August,70-79,"Second dose, less than 21 days ago",13,196,7021.8,u,3697.6,12070
Male,All causes,2021,August,70-79,"Second dose, at least 21 days ago",4662,182408,2582.5,,2508.3,2656.7
Male,All causes,2021,August,70-79,"Third dose or booster, less than 21 days ago",<3,4,x,,x,x
Male,All causes,2021,August,70-79,"Third dose or booster, at least 21 days ago",<3,25,x,,x,x
Male,All causes,2021,August,70-79,"Fourth dose or booster, less than 21 days ago",<3,0,x,,x,x
Male,All causes,2021,August,70-79,"Fourth dose or booster, at least 21 days ago",<3,0,x,,x,x
Male,All causes,2021,August,80-89,Unvaccinated,206,1695,12247.3,,10574.1,13920.6
Male,All causes,2021,August,80-89,"First dose, less than 21 days ago",4,18,21436.5,u,5831.1,54906.6
Male,All causes,2021,August,80-89,"First dose, at least 21 days ago",169,357,46442.2,,39409.7,53474.6
Male,All causes,2021,August,80-89,"Second dose, less than 21 days ago",8,68,11886.3,u,5129.8,23424
Male,All causes,2021,August,80-89,"Second dose, at least 21 days ago",5791,77393,7537.6,,7343.4,7731.9
Male,All causes,2021,August,80-89,"Third dose or booster, less than 21 days ago",<3,1,x,,x,x
Male,All causes,2021,August,80-89,"Third dose or booster, at least 21 days ago",<3,10,x,,x,x
Male,All causes,2021,August,80-89,"Fourth dose or booster, less than 21 days ago",<3,0,x,,x,x
Male,All causes,2021,August,80-89,"Fourth dose or booster, at least 21 days ago",<3,0,x,,x,x
Male,All causes,2021,August,90+,Unvaccinated,89,332,26839.5,,21553.7,33028.8
Male,All causes,2021,August,90+,"First dose, less than 21 days ago",<3,3,x,,x,x
Male,All causes,2021,August,90+,"First dose, at least 21 days ago",81,91,89322,,70931.9,111020.9
Male,All causes,2021,August,90+,"Second dose, less than 21 days ago",6,14,44380.3,u,16205.8,96600.3
Male,All causes,2021,August,90+,"Second dose, at least 21 days ago",2637,12632,20875.5,,20086.2,21687.8
Male,All causes,2021,August,90+,"Third dose or booster, less than 21 days ago",<3,0,x,,x,x
Male,All causes,2021,August,90+,"Third dose or booster, at least 21 days ago",<3,1,x,,x,x
Male,All causes,2021,August,90+,"Fourth dose or booster, less than 21 days ago",<3,0,x,,x,x
Male,All causes,2021,August,90+,"Fourth dose or booster, at least 21 days ago",<3,0,x,,x,x
Male,All causes,2021,September,18-39,Unvaccinated,108,126640,95.1,,76.8,113.3
Male,All causes,2021,September,18-39,"First dose, less than 21 days ago",3,5828,61.7,u,6.5,195.3
Male,All causes,2021,September,18-39,"First dose, at least 21 days ago",52,58757,110,,80,146.9
Male,All causes,2021,September,18-39,"Second dose, less than 21 days ago",11,55573,18.5,u,8.1,35
Male,All causes,2021,September,18-39,"Second dose, at least 21 days ago",170,286258,58.1,,49,67.2
Male,All causes,2021,September,18-39,"Third dose or booster, less than 21 days ago",<3,270,x,,x,x
Male,All causes,2021,September,18-39,"Third dose or booster, at least 21 days ago",<3,12,x,,x,x
Male,All causes,2021,September,18-39,"Fourth dose or booster, less than 21 days ago",<3,0,x,,x,x
Male,All causes,2021,September,18-39,"Fourth dose or booster, at least 21 days ago",<3,0,x,,x,x
Male,All causes,2021,September,40-49,Unvaccinated,126,32307,401.8,,331.1,472.5
Male,All causes,2021,September,40-49,"First dose, less than 21 days ago",5,778,733.5,u,234.2,1719.7
Male,All causes,2021,September,40-49,"First dose, at least 21 days ago",59,9108,684.6,,519.3,885.4
Male,All causes,2021,September,40-49,"Second dose, less than 21 days ago",3,3620,94.7,u,17.9,280.5
Male,All causes,2021,September,40-49,"Second dose, at least 21 days ago",362,212213,168.8,,151.4,186.2
Male,All causes,2021,September,40-49,"Third dose or booster, less than 21 days ago",<3,293,x,,x,x
Male,All causes,2021,September,40-49,"Third dose or booster, at least 21 days ago",<3,10,x,,x,x
Male,All causes,2021,September,40-49,"Fourth dose or booster, less than 21 days ago",<3,0,x,,x,x
Male,All causes,2021,September,40-49,"Fourth dose or booster, at least 21 days ago",<3,0,x,,x,x
Male,All causes,2021,September,50-59,Unvaccinated,194,20014,990.5,,850.6,1130.4
Male,All causes,2021,September,50-59,"First dose, less than 21 days ago",<3,323,x,,x,x
Male,All causes,2021,September,50-59,"First dose, at least 21 days ago",85,4546,1981.4,,1579.7,2453.6
Male,All causes,2021,September,50-59,"Second dose, less than 21 days ago",5,1094,494.2,u,155.4,1163.3
Male,All causes,2021,September,50-59,"Second dose, at least 21 days ago",1026,263376,384.9,,361.3,408.5
Male,All causes,2021,September,50-59,"Third dose or booster, less than 21 days ago",<3,555,x,,x,x
Male,All causes,2021,September,50-59,"Third dose or booster, at least 21 days ago",<3,15,x,,x,x
Male,All causes,2021,September,50-59,"Fourth dose or booster, less than 21 days ago",<3,0,x,,x,x
Male,All causes,2021,September,50-59,"Fourth dose or booster, at least 21 days ago",<3,0,x,,x,x
Male,All causes,2021,September,60-69,Unvaccinated,244,9601,2668.6,,2328.8,3008.5
Male,All causes,2021,September,60-69,"First dose, less than 21 days ago",<3,110,x,,x,x
Male,All causes,2021,September,60-69,"First dose, at least 21 days ago",109,1840,6615.8,,5346,7885.7
Male,All causes,2021,September,60-69,"Second dose, less than 21 days ago",5,357,1711,u,540,4023.7
Male,All causes,2021,September,60-69,"Second dose, at least 21 days ago",2266,219915,1040.2,,997.4,1083.1
Male,All causes,2021,September,60-69,"Third dose or booster, less than 21 days ago",<3,518,x,,x,x
Male,All causes,2021,September,60-69,"Third dose or booster, at least 21 days ago",<3,16,x,,x,x
Male,All causes,2021,September,60-69,"Fourth dose or booster, less than 21 days ago",<3,0,x,,x,x
Male,All causes,2021,September,60-69,"Fourth dose or booster, at least 21 days ago",<3,0,x,,x,x
Male,All causes,2021,September,70-79,Unvaccinated,252,4380,5966,,5221.9,6710.1
Male,All causes,2021,September,70-79,"First dose, less than 21 days ago",<3,35,x,,x,x
Male,All causes,2021,September,70-79,"First dose, at least 21 days ago",131,723,18619.4,,15408.9,21830
Male,All causes,2021,September,70-79,"Second dose, less than 21 days ago",3,110,2696.5,u,525.7,7953.7
Male,All causes,2021,September,70-79,"Second dose, at least 21 days ago",4854,176220,2779.3,,2701.1,2857.6
Male,All causes,2021,September,70-79,"Third dose or booster, less than 21 days ago",9,810,984.2,u,427.1,1906.2
Male,All causes,2021,September,70-79,"Third dose or booster, at least 21 days ago",<3,30,x,,x,x
Male,All causes,2021,September,70-79,"Fourth dose or booster, less than 21 days ago",<3,0,x,,x,x
Male,All causes,2021,September,70-79,"Fourth dose or booster, at least 21 days ago",<3,0,x,,x,x
Male,All causes,2021,September,80-89,Unvaccinated,217,1619,13500,,11702.6,15297.4
Male,All causes,2021,September,80-89,"First dose, less than 21 days ago",<3,10,x,,x,x
Male,All causes,2021,September,80-89,"First dose, at least 21 days ago",117,306,37368.5,,30560.4,44176.6
Male,All causes,2021,September,80-89,"Second dose, less than 21 days ago",<3,33,x,,x,x
Male,All causes,2021,September,80-89,"Second dose, at least 21 days ago",6103,73195,8392.8,,8182.2,8603.5
Male,All causes,2021,September,80-89,"Third dose or booster, less than 21 days ago",20,1920,1046,,638.8,1615.6
Male,All causes,2021,September,80-89,"Third dose or booster, at least 21 days ago",<3,11,x,,x,x
Male,All causes,2021,September,80-89,"Fourth dose or booster, less than 21 days ago",<3,0,x,,x,x
Male,All causes,2021,September,80-89,"Fourth dose or booster, at least 21 days ago",<3,0,x,,x,x
Male,All causes,2021,September,90+,Unvaccinated,77,317,24287.6,,19166.6,30355.8
Male,All causes,2021,September,90+,"First dose, less than 21 days ago",<3,2,x,,x,x
Male,All causes,2021,September,90+,"First dose, at least 21 days ago",61,79,76799.3,,58741.9,98654
Male,All causes,2021,September,90+,"Second dose, less than 21 days ago",<3,6,x,,x,x
Male,All causes,2021,September,90+,"Second dose, at least 21 days ago",2665,12070,22078.9,,21248.5,22933.4
Male,All causes,2021,September,90+,"Third dose or booster, less than 21 days ago",13,242,5372.2,u,2857.7,9187.3
Male,All causes,2021,September,90+,"Third dose or booster, at least 21 days ago",<3,1,x,,x,x
Male,All causes,2021,September,90+,"Fourth dose or booster, less than 21 days ago",<3,0,x,,x,x
Male,All causes,2021,September,90+,"Fourth dose or booster, at least 21 days ago",<3,0,x,,x,x
Male,All causes,2021,October,18-39,Unvaccinated,104,125734,88.6,,71.2,105.9
Male,All causes,2021,October,18-39,"First dose, less than 21 days ago",<3,3646,x,,x,x
Male,All causes,2021,October,18-39,"First dose, at least 21 days ago",41,40918,119.3,,83.5,164.5
Male,All causes,2021,October,18-39,"Second dose, less than 21 days ago",4,15521,35.1,u,7.7,93.8
Male,All causes,2021,October,18-39,"Second dose, at least 21 days ago",194,359398,52.5,,45.1,60
Male,All causes,2021,October,18-39,"Third dose or booster, less than 21 days ago",6,4848,96.3,u,34.9,210.4
Male,All causes,2021,October,18-39,"Third dose or booster, at least 21 days ago",<3,1237,x,,x,x
Male,All causes,2021,October,18-39,"Fourth dose or booster, less than 21 days ago",<3,1,x,,x,x
Male,All causes,2021,October,18-39,"Fourth dose or booster, at least 21 days ago",<3,0,x,,x,x
Male,All causes,2021,October,40-49,Unvaccinated,101,32545,321.1,,258,384.2
Male,All causes,2021,October,40-49,"First dose, less than 21 days ago",<3,642,x,,x,x
Male,All causes,2021,October,40-49,"First dose, at least 21 days ago",48,7815,658.8,,484.2,875.4
Male,All causes,2021,October,40-49,"Second dose, less than 21 days ago",3,1712,170.4,u,32.4,504.5
Male,All causes,2021,October,40-49,"Second dose, at least 21 days ago",345,218268,156.6,,140.1,173.1
Male,All causes,2021,October,40-49,"Third dose or booster, less than 21 days ago",5,4557,103.3,u,33.2,241.8
Male,All causes,2021,October,40-49,"Third dose or booster, at least 21 days ago",4,1260,302.7,u,81.1,778
Male,All causes,2021,October,40-49,"Fourth dose or booster, less than 21 days ago",<3,2,x,,x,x
Male,All causes,2021,October,40-49,"Fourth dose or booster, at least 21 days ago",<3,0,x,,x,x
Male,All causes,2021,October,50-59,Unvaccinated,179,20359,902.5,,769.8,1035.1
Male,All causes,2021,October,50-59,"First dose, less than 21 days ago",<3,274,x,,x,x
Male,All causes,2021,October,50-59,"First dose, at least 21 days ago",68,4166,1666.3,,1291,2115.9
Male,All causes,2021,October,50-59,"Second dose, less than 21 days ago",3,655,447.5,u,86.7,1321.5
Male,All causes,2021,October,50-59,"Second dose, at least 21 days ago",1126,262493,423.9,,399.1,448.7
Male,All causes,2021,October,50-59,"Third dose or booster, less than 21 days ago",25,9172,271.6,,174.9,402
Male,All causes,2021,October,50-59,"Third dose or booster, at least 21 days ago",9,2440,367,u,166.9,698.2
Male,All causes,2021,October,50-59,"Fourth dose or booster, less than 21 days ago",<3,3,x,,x,x
Male,All causes,2021,October,50-59,"Fourth dose or booster, at least 21 days ago",<3,1,x,,x,x
Male,All causes,2021,October,60-69,Unvaccinated,264,9828,2786,,2444.7,3127.3
Male,All causes,2021,October,60-69,"First dose, less than 21 days ago",<3,94,x,,x,x
Male,All causes,2021,October,60-69,"First dose, at least 21 days ago",98,1716,6111.4,,4932.4,7481.8
Male,All causes,2021,October,60-69,"Second dose, less than 21 days ago",<3,233,x,,x,x
Male,All causes,2021,October,60-69,"Second dose, at least 21 days ago",2358,213557,1118.7,,1073.5,1163.9
Male,All causes,2021,October,60-69,"Third dose or booster, less than 21 days ago",79,12699,601.6,,474.2,752.2
Male,All causes,2021,October,60-69,"Third dose or booster, at least 21 days ago",19,2441,778.2,u,468.5,1215.2
Male,All causes,2021,October,60-69,"Fourth dose or booster, less than 21 days ago",<3,3,x,,x,x
Male,All causes,2021,October,60-69,"Fourth dose or booster, at least 21 days ago",<3,1,x,,x,x
Male,All causes,2021,October,70-79,Unvaccinated,256,4490,5890.5,,5161.6,6619.4
Male,All causes,2021,October,70-79,"First dose, less than 21 days ago",<3,32,x,,x,x
Male,All causes,2021,October,70-79,"First dose, at least 21 days ago",129,671,19884.5,,16427.5,23341.4
Male,All causes,2021,October,70-79,"Second dose, less than 21 days ago",5,80,6598.7,u,2114.6,15454.6
Male,All causes,2021,October,70-79,"Second dose, at least 21 days ago",4958,140193,3678.4,,3575.2,3781.5
Male,All causes,2021,October,70-79,"Third dose or booster, less than 21 days ago",362,37752,903.7,,807.6,999.9
Male,All causes,2021,October,70-79,"Third dose or booster, at least 21 days ago",87,5346,1533.2,,1206.8,1916.2
Male,All causes,2021,October,70-79,"Fourth dose or booster, less than 21 days ago",<3,5,x,,x,x
Male,All causes,2021,October,70-79,"Fourth dose or booster, at least 21 days ago",<3,1,x,,x,x
Male,All causes,2021,October,80-89,Unvaccinated,200,1649,12234.1,,10537.5,13930.7
Male,All causes,2021,October,80-89,"First dose, less than 21 days ago",3,13,23066.5,u,4750.1,67426.1
Male,All causes,2021,October,80-89,"First dose, at least 21 days ago",125,278,43662.6,,35976.2,51348.9
Male,All causes,2021,October,80-89,"Second dose, less than 21 days ago",4,32,11568.7,u,3091.9,29749.6
Male,All causes,2021,October,80-89,"Second dose, at least 21 days ago",5614,37885,14908.4,,14518.3,15298.5
Male,All causes,2021,October,80-89,"Third dose or booster, less than 21 days ago",908,30401,3011.5,,2815.6,3207.5
Male,All causes,2021,October,80-89,"Third dose or booster, at least 21 days ago",316,9519,3333.4,,2965.8,3700.9
Male,All causes,2021,October,80-89,"Fourth dose or booster, less than 21 days ago",<3,4,x,,x,x
Male,All causes,2021,October,80-89,"Fourth dose or booster, at least 21 days ago",<3,1,x,,x,x
Male,All causes,2021,October,90+,Unvaccinated,101,322,31362.9,,25544.9,38109.2
Male,All causes,2021,October,90+,"First dose, less than 21 days ago",<3,3,x,,x,x
Male,All causes,2021,October,90+,"First dose, at least 21 days ago",59,72,82436.6,,62750.6,106339.5
Male,All causes,2021,October,90+,"Second dose, less than 21 days ago",<3,7,x,,x,x
Male,All causes,2021,October,90+,"Second dose, at least 21 days ago",2581,7104,36330.4,,34942.2,37759.7
Male,All causes,2021,October,90+,"Third dose or booster, less than 21 days ago",394,4386,8983.1,,8117.8,9915.4
Male,All causes,2021,October,90+,"Third dose or booster, at least 21 days ago",143,1294,11047.7,,9311.1,13014.2
Male,All causes,2021,October,90+,"Fourth dose or booster, less than 21 days ago",<3,1,x,,x,x
Male,All causes,2021,October,90+,"Fourth dose or booster, at least 21 days ago",<3,0,x,,x,x
Male,All causes,2021,November,18-39,Unvaccinated,106,117934,96.5,,77.8,115.1
Male,All causes,2021,November,18-39,"First dose, less than 21 days ago",<3,2783,x,,x,x
Male,All causes,2021,November,18-39,"First dose, at least 21 days ago",29,33538,94.5,,61.9,137
Male,All causes,2021,November,18-39,"Second dose, less than 21 days ago",5,7481,72.9,u,18.2,181
Male,All causes,2021,November,18-39,"Second dose, at least 21 days ago",183,354439,51.1,,43.7,58.6
Male,All causes,2021,November,18-39,"Third dose or booster, less than 21 days ago",9,8748,89,u,40.1,169.9
Male,All causes,2021,November,18-39,"Third dose or booster, at least 21 days ago",6,8704,95.7,u,28.7,220.1
Male,All causes,2021,November,18-39,"Fourth dose or booster, less than 21 days ago",<3,3,x,,x,x
Male,All causes,2021,November,18-39,"Fourth dose or booster, at least 21 days ago",<3,2,x,,x,x
Male,All causes,2021,November,40-49,Unvaccinated,127,30864,430,,354.7,505.4
Male,All causes,2021,November,40-49,"First dose, less than 21 days ago",<3,499,x,,x,x
Male,All causes,2021,November,40-49,"First dose, at least 21 days ago",31,6794,468.3,,316.6,666.8
Male,All causes,2021,November,40-49,"Second dose, less than 21 days ago",<3,1129,x,,x,x
Male,All causes,2021,November,40-49,"Second dose, at least 21 days ago",332,199720,165.7,,147.9,183.5
Male,All causes,2021,November,40-49,"Third dose or booster, less than 21 days ago",23,10701,216.6,,136.1,326.6
Male,All causes,2021,November,40-49,"Third dose or booster, at least 21 days ago",32,8309,379,,258.4,536.2
Male,All causes,2021,November,40-49,"Fourth dose or booster, less than 21 days ago",<3,3,x,,x,x
Male,All causes,2021,November,40-49,"Fourth dose or booster, at least 21 days ago",<3,3,x,,x,x
Male,All causes,2021,November,50-59,Unvaccinated,227,19441,1185.3,,1030.5,1340
Male,All causes,2021,November,50-59,"First dose, less than 21 days ago",<3,230,x,,x,x
Male,All causes,2021,November,50-59,"First dose, at least 21 days ago",54,3726,1526.9,,1144.4,1995.4
Male,All causes,2021,November,50-59,"Second dose, less than 21 days ago",<3,486,x,,x,x
Male,All causes,2021,November,50-59,"Second dose, at least 21 days ago",975,215242,450.6,,422.3,478.9
Male,All causes,2021,November,50-59,"Third dose or booster, less than 21 days ago",90,33263,254.6,,204.1,313.8
Male,All causes,2021,November,50-59,"Third dose or booster, at least 21 days ago",89,17477,489.9,,392.5,603.9
Male,All causes,2021,November,50-59,"Fourth dose or booster, less than 21 days ago",<3,6,x,,x,x
Male,All causes,2021,November,50-59,"Fourth dose or booster, at least 21 days ago",<3,6,x,,x,x
Male,All causes,2021,November,60-69,Unvaccinated,247,9432,2784.6,,2432.3,3137
Male,All causes,2021,November,60-69,"First dose, less than 21 days ago",3,87,3412.1,u,632.5,10143.9
Male,All causes,2021,November,60-69,"First dose, at least 21 days ago",88,1542,6131,,4887.6,7588.4
Male,All causes,2021,November,60-69,"Second dose, less than 21 days ago",6,173,4023.9,u,1419.4,8864.7
Male,All causes,2021,November,60-69,"Second dose, at least 21 days ago",1928,133446,1559.8,,1488.6,1630.9
Male,All causes,2021,November,60-69,"Third dose or booster, less than 21 days ago",298,61427,466.2,,412,520.5
Male,All causes,2021,November,60-69,"Third dose or booster, at least 21 days ago",284,27182,1015.1,,893.6,1136.6
Male,All causes,2021,November,60-69,"Fourth dose or booster, less than 21 days ago",<3,9,x,,x,x
Male,All causes,2021,November,60-69,"Fourth dose or booster, at least 21 days ago",<3,6,x,,x,x
Male,All causes,2021,November,70-79,Unvaccinated,243,4306,5825.7,,5086.2,6565.2
Male,All causes,2021,November,70-79,"First dose, less than 21 days ago",5,30,18555.1,u,5961.7,43426.2
Male,All causes,2021,November,70-79,"First dose, at least 21 days ago",76,597,13254.7,,10420.5,16617.1
Male,All causes,2021,November,70-79,"Second dose, less than 21 days ago",9,63,14399.2,u,6552.6,27386.4
Male,All causes,2021,November,70-79,"Second dose, at least 21 days ago",3264,41256,8672.4,,8367.4,8977.5
Male,All causes,2021,November,70-79,"Third dose or booster, less than 21 days ago",759,64712,1216.8,,1129.5,1304.1
Male,All causes,2021,November,70-79,"Third dose or booster, at least 21 days ago",1344,71587,1830.9,,1731.2,1930.5
Male,All causes,2021,November,70-79,"Fourth dose or booster, less than 21 days ago",<3,8,x,,x,x
Male,All causes,2021,November,70-79,"Fourth dose or booster, at least 21 days ago",<3,9,x,,x,x
Male,All causes,2021,November,80-89,Unvaccinated,222,1570,14176.3,,12310.5,16042.2
Male,All causes,2021,November,80-89,"First dose, less than 21 days ago",<3,12,x,,x,x
Male,All causes,2021,November,80-89,"First dose, at least 21 days ago",83,241,33961.2,,27032.4,42120.4
Male,All causes,2021,November,80-89,"Second dose, less than 21 days ago",6,27,21682.2,u,7916.5,47268.2
Male,All causes,2021,November,80-89,"Second dose, at least 21 days ago",3410,10884,31038,,29995,32081
Male,All causes,2021,November,80-89,"Third dose or booster, less than 21 days ago",724,14104,5229.9,,4848.2,5611.6
Male,All causes,2021,November,80-89,"Third dose or booster, at least 21 days ago",2546,50433,5094.9,,4896.9,5292.9
Male,All causes,2021,November,80-89,"Fourth dose or booster, less than 21 days ago",<3,4,x,,x,x
Male,All causes,2021,November,80-89,"Fourth dose or booster, at least 21 days ago",<3,7,x,,x,x
Male,All causes,2021,November,90+,Unvaccinated,97,305,31791.9,,25780.4,38784
Male,All causes,2021,November,90+,"First dose, less than 21 days ago",3,2,143048.2,u,28750.4,417962.4
Male,All causes,2021,November,90+,"First dose, at least 21 days ago",35,60,58163.5,,40506.8,80894.2
Male,All causes,2021,November,90+,"Second dose, less than 21 days ago",4,6,62382.5,u,16782.8,159713.1
Male,All causes,2021,November,90+,"Second dose, at least 21 days ago",1605,2655,60461.8,,57539.6,63493.9
Male,All causes,2021,November,90+,"Third dose or booster, less than 21 days ago",362,2388,15160,,13638.3,16805.1
Male,All causes,2021,November,90+,"Third dose or booster, at least 21 days ago",1175,7365,15952.8,,15053.6,16891.7
Male,All causes,2021,November,90+,"Fourth dose or booster, less than 21 days ago",<3,0,x,,x,x
Male,All causes,2021,November,90+,"Fourth dose or booster, at least 21 days ago",<3,1,x,,x,x
Male,All causes,2021,December,18-39,Unvaccinated,144,117537,129.2,,107.8,150.6
Male,All causes,2021,December,18-39,"First dose, less than 21 days ago",<3,3438,x,,x,x
Male,All causes,2021,December,18-39,"First dose, at least 21 days ago",41,28851,162.7,,115.2,222.8
Male,All causes,2021,December,18-39,"Second dose, less than 21 days ago",<3,7585,x,,x,x
Male,All causes,2021,December,18-39,"Second dose, at least 21 days ago",141,298917,47.3,,39.5,55.2
Male,All causes,2021,December,18-39,"Third dose or booster, less than 21 days ago",20,70981,30.5,,18,47.9
Male,All causes,2021,December,18-39,"Third dose or booster, at least 21 days ago",27,24173,123.7,,75,188.6
Male,All causes,2021,December,18-39,"Fourth dose or booster, less than 21 days ago",<3,20,x,,x,x
Male,All causes,2021,December,18-39,"Fourth dose or booster, at least 21 days ago",<3,7,x,,x,x
Male,All causes,2021,December,40-49,Unvaccinated,128,31198,423.5,,349.6,497.4
Male,All causes,2021,December,40-49,"First dose, less than 21 days ago",<3,576,x,,x,x
Male,All causes,2021,December,40-49,"First dose, at least 21 days ago",35,6082,594.6,,412.4,829.3
Male,All causes,2021,December,40-49,"Second dose, less than 21 days ago",4,1238,361,u,96,929.6
Male,All causes,2021,December,40-49,"Second dose, at least 21 days ago",270,128475,212,,186.7,237.3
Male,All causes,2021,December,40-49,"Third dose or booster, less than 21 days ago",42,68485,59.9,,43.1,81
Male,All causes,2021,December,40-49,"Third dose or booster, at least 21 days ago",83,30408,264.5,,210,328.6
Male,All causes,2021,December,40-49,"Fourth dose or booster, less than 21 days ago",<3,20,x,,x,x
Male,All causes,2021,December,40-49,"Fourth dose or booster, at least 21 days ago",<3,8,x,,x,x
Male,All causes,2021,December,50-59,Unvaccinated,208,19779,1073.7,,927.4,1220.1
Male,All causes,2021,December,50-59,"First dose, less than 21 days ago",<3,270,x,,x,x
Male,All causes,2021,December,50-59,"First dose, at least 21 days ago",65,3478,1943.2,,1496.7,2480.3
Male,All causes,2021,December,50-59,"Second dose, less than 21 days ago",4,534,776,u,203.6,2003.6
Male,All causes,2021,December,50-59,"Second dose, at least 21 days ago",695,91142,774.5,,716.9,832.2
Male,All causes,2021,December,50-59,"Third dose or booster, less than 21 days ago",182,99001,180.5,,154.2,206.7
Male,All causes,2021,December,50-59,"Third dose or booster, at least 21 days ago",345,85254,396.9,,354.5,439.3
Male,All causes,2021,December,50-59,"Fourth dose or booster, less than 21 days ago",<3,27,x,,x,x
Male,All causes,2021,December,50-59,"Fourth dose or booster, at least 21 days ago",<3,18,x,,x,x
Male,All causes,2021,December,60-69,Unvaccinated,255,9650,2762.1,,2417.8,3106.3
Male,All causes,2021,December,60-69,"First dose, less than 21 days ago",<3,101,x,,x,x
Male,All causes,2021,December,60-69,"First dose, at least 21 days ago",81,1467,6047.6,,4774,7550.3
Male,All causes,2021,December,60-69,"Second dose, less than 21 days ago",4,192,2485.7,u,648.1,6426.9
Male,All causes,2021,December,60-69,"Second dose, at least 21 days ago",1208,37096,3817.8,,3591.8,4043.7
Male,All causes,2021,December,60-69,"Third dose or booster, less than 21 days ago",337,63763,579.9,,515.8,643.9
Male,All causes,2021,December,60-69,"Third dose or booster, at least 21 days ago",1147,129169,861.8,,811.4,912.3
Male,All causes,2021,December,60-69,"Fourth dose or booster, less than 21 days ago",<3,19,x,,x,x
Male,All causes,2021,December,60-69,"Fourth dose or booster, at least 21 days ago",<3,22,x,,x,x
Male,All causes,2021,December,70-79,Unvaccinated,311,4403,7243.6,,6431,8056.1
Male,All causes,2021,December,70-79,"First dose, less than 21 days ago",3,34,7757.7,u,1599.8,22671.4
Male,All causes,2021,December,70-79,"First dose, at least 21 days ago",69,563,12812.3,,9945.1,16243.1
Male,All causes,2021,December,70-79,"Second dose, less than 21 days ago",5,69,6858.8,u,2200.8,16057.9
Male,All causes,2021,December,70-79,"Second dose, at least 21 days ago",1864,10256,19027.5,,18155.5,19899.6
Male,All causes,2021,December,70-79,"Third dose or booster, less than 21 days ago",445,15812,3120.8,,2822.4,3419.2
Male,All causes,2021,December,70-79,"Third dose or booster, at least 21 days ago",3323,157548,2099.7,,2028.3,2171.1
Male,All causes,2021,December,70-79,"Fourth dose or booster, less than 21 days ago",<3,10,x,,x,x
Male,All causes,2021,December,70-79,"Fourth dose or booster, at least 21 days ago",<3,21,x,,x,x
Male,All causes,2021,December,80-89,Unvaccinated,268,1592,16960.7,,14928.9,18992.5
Male,All causes,2021,December,80-89,"First dose, less than 21 days ago",<3,14,x,,x,x
Male,All causes,2021,December,80-89,"First dose, at least 21 days ago",115,222,50699.5,,41405.4,59993.6
Male,All causes,2021,December,80-89,"Second dose, less than 21 days ago",5,29,17891.6,u,5799.8,41772.1
Male,All causes,2021,December,80-89,"Second dose, at least 21 days ago",1962,4093,47140.7,,45048.7,49232.6
Male,All causes,2021,December,80-89,"Third dose or booster, less than 21 days ago",461,3881,11766.9,,10691.4,12842.4
Male,All causes,2021,December,80-89,"Third dose or booster, at least 21 days ago",4914,70057,7085.8,,6887.6,7284
Male,All causes,2021,December,80-89,"Fourth dose or booster, less than 21 days ago",<3,4,x,,x,x
Male,All causes,2021,December,80-89,"Fourth dose or booster, at least 21 days ago",<3,12,x,,x,x
Male,All causes,2021,December,90+,Unvaccinated,103,307,33510.7,,27351.8,40641.9
Male,All causes,2021,December,90+,"First dose, less than 21 days ago",<3,3,x,,x,x
Male,All causes,2021,December,90+,"First dose, at least 21 days ago",30,54,55874.2,,37690.5,79767.2
Male,All causes,2021,December,90+,"Second dose, less than 21 days ago",3,7,40538.3,u,8147.5,118445.9
Male,All causes,2021,December,90+,"Second dose, at least 21 days ago",910,1023,88978.7,,83290.6,94953
Male,All causes,2021,December,90+,"Third dose or booster, less than 21 days ago",292,989,29516.8,,26227.9,33104.1
Male,All causes,2021,December,90+,"Third dose or booster, at least 21 days ago",2308,10805,21359.6,,20496.9,22249.2
Male,All causes,2021,December,90+,"Fourth dose or booster, less than 21 days ago",<3,1,x,,x,x
Male,All causes,2021,December,90+,"Fourth dose or booster, at least 21 days ago",<3,2,x,,x,x
Male,All causes,2022,January,18-39,Unvaccinated,103,112636,97.1,,78.1,116.2
Male,All causes,2022,January,18-39,"First dose, less than 21 days ago",3,3455,123.6,u,23.6,366
Male,All causes,2022,January,18-39,"First dose, at least 21 days ago",35,25808,158.8,,108.3,223.7
Male,All causes,2022,January,18-39,"Second dose, less than 21 days ago",3,5347,65.8,u,13.2,193.2
Male,All causes,2022,January,18-39,"Second dose, at least 21 days ago",106,178478,63.1,,51,75.2
Male,All causes,2022,January,18-39,"Third dose or booster, less than 21 days ago",18,74793,23.3,u,13.7,36.8
Male,All causes,2022,January,18-39,"Third dose or booster, at least 21 days ago",91,150959,58.3,,46.5,72
Male,All causes,2022,January,18-39,"Fourth dose or booster, less than 21 days ago",<3,27,x,,x,x
Male,All causes,2022,January,18-39,"Fourth dose or booster, at least 21 days ago",<3,44,x,,x,x
Male,All causes,2022,January,40-49,Unvaccinated,102,30497,349.9,,281.5,418.3
Male,All causes,2022,January,40-49,"First dose, less than 21 days ago",<3,529,x,,x,x
Male,All causes,2022,January,40-49,"First dose, at least 21 days ago",23,5480,442.7,,279,666.3
Male,All causes,2022,January,40-49,"Second dose, less than 21 days ago",3,939,343.1,u,68.3,1008.5
Male,All causes,2022,January,40-49,"Second dose, at least 21 days ago",138,56102,254.7,,212,297.4
Male,All causes,2022,January,40-49,"Third dose or booster, less than 21 days ago",24,35959,67.2,,43,99.9
Male,All causes,2022,January,40-49,"Third dose or booster, at least 21 days ago",180,136788,129.5,,110.5,148.5
Male,All causes,2022,January,40-49,"Fourth dose or booster, less than 21 days ago",<3,18,x,,x,x
Male,All causes,2022,January,40-49,"Fourth dose or booster, at least 21 days ago",<3,40,x,,x,x
Male,All causes,2022,January,50-59,Unvaccinated,172,19458,900.7,,765.7,1035.7
Male,All causes,2022,January,50-59,"First dose, less than 21 days ago",6,248,2364.9,u,847.8,5184.7
Male,All causes,2022,January,50-59,"First dose, at least 21 days ago",55,3220,1768.6,,1329.8,2305.1
Male,All causes,2022,January,50-59,"Second dose, less than 21 days ago",6,434,1517.3,u,545.3,3323.8
Male,All causes,2022,January,50-59,"Second dose, at least 21 days ago",401,35147,1184.7,,1068.2,1301.2
Male,All causes,2022,January,50-59,"Third dose or booster, less than 21 days ago",64,23121,282.6,,217.5,361.1
Male,All causes,2022,January,50-59,"Third dose or booster, at least 21 days ago",721,217641,326,,302.1,349.9
Male,All causes,2022,January,50-59,"Fourth dose or booster, less than 21 days ago",<3,18,x,,x,x
Male,All causes,2022,January,50-59,"Fourth dose or booster, at least 21 days ago",<3,59,x,,x,x
Male,All causes,2022,January,60-69,Unvaccinated,283,9561,3057.8,,2696,3419.7
Male,All causes,2022,January,60-69,"First dose, less than 21 days ago",<3,89,x,,x,x
Male,All causes,2022,January,60-69,"First dose, at least 21 days ago",61,1372,4637.8,,3519.8,5990.9
Male,All causes,2022,January,60-69,"Second dose, less than 21 days ago",3,162,2504.8,u,516.5,7320.1
Male,All causes,2022,January,60-69,"Second dose, at least 21 days ago",647,14699,4849,,4465,5233.1
Male,All causes,2022,January,60-69,"Third dose or booster, less than 21 days ago",105,8725,1424.5,,1134.9,1714.2
Male,All causes,2022,January,60-69,"Third dose or booster, at least 21 days ago",1851,207218,895.4,,854.7,936.2
Male,All causes,2022,January,60-69,"Fourth dose or booster, less than 21 days ago",<3,13,x,,x,x
Male,All causes,2022,January,60-69,"Fourth dose or booster, at least 21 days ago",<3,50,x,,x,x
Male,All causes,2022,January,70-79,Unvaccinated,304,4356,7182.9,,6368.4,7997.5
Male,All causes,2022,January,70-79,"First dose, less than 21 days ago",4,28,15244,u,4125,39092
Male,All causes,2022,January,70-79,"First dose, at least 21 days ago",84,528,16118.1,,12827.4,19989.6
Male,All causes,2022,January,70-79,"Second dose, less than 21 days ago",5,54,9404.2,u,2982.7,22086.1
Male,All causes,2022,January,70-79,"Second dose, at least 21 days ago",927,5379,17896.7,,16736.8,19056.5
Male,All causes,2022,January,70-79,"Third dose or booster, less than 21 days ago",158,2098,7942.2,,6690.8,9193.5
Male,All causes,2022,January,70-79,"Third dose or booster, at least 21 days ago",4392,176380,2493,,2419.3,2566.7
Male,All causes,2022,January,70-79,"Fourth dose or booster, less than 21 days ago",<3,9,x,,x,x
Male,All causes,2022,January,70-79,"Fourth dose or booster, at least 21 days ago",<3,37,x,,x,x
Male,All causes,2022,January,80-89,Unvaccinated,256,1567,16452.4,,14435.4,18469.4
Male,All causes,2022,January,80-89,"First dose, less than 21 days ago",4,9,38698.6,u,9963,100330.5
Male,All causes,2022,January,80-89,"First dose, at least 21 days ago",75,201,36586.6,,28764.8,45876.7
Male,All causes,2022,January,80-89,"Second dose, less than 21 days ago",3,21,13828.4,u,2799,40539.9
Male,All causes,2022,January,80-89,"Second dose, at least 21 days ago",1094,2261,47848.5,,45009,50688
Male,All causes,2022,January,80-89,"Third dose or booster, less than 21 days ago",165,807,19981,,16919.4,23042.5
Male,All causes,2022,January,80-89,"Third dose or booster, at least 21 days ago",6196,75058,8322.5,,8115.2,8529.8
Male,All causes,2022,January,80-89,"Fourth dose or booster, less than 21 days ago",<3,3,x,,x,x
Male,All causes,2022,January,80-89,"Fourth dose or booster, at least 21 days ago",4,18,23075.8,u,6258.7,59144.8
Male,All causes,2022,January,90+,Unvaccinated,116,300,38697.4,,31975.7,46414.3
Male,All causes,2022,January,90+,"First dose, less than 21 days ago",3,2,147675.1,u,29680.3,431481.4
Male,All causes,2022,January,90+,"First dose, at least 21 days ago",37,48,77356.9,,54458.8,106629.9
Male,All causes,2022,January,90+,"Second dose, less than 21 days ago",<3,5,x,,x,x
Male,All causes,2022,January,90+,"Second dose, at least 21 days ago",481,505,95228,,86906.5,104131.3
Male,All causes,2022,January,90+,"Third dose or booster, less than 21 days ago",91,220,41388.8,,33322.7,50817
Male,All causes,2022,January,90+,"Third dose or booster, at least 21 days ago",2907,12092,24041.5,,23175.4,24931.7
Male,All causes,2022,January,90+,"Fourth dose or booster, less than 21 days ago",<3,0,x,,x,x
Male,All causes,2022,January,90+,"Fourth dose or booster, at least 21 days ago",<3,3,x,,x,x
Male,All causes,2022,February,18-39,Unvaccinated,83,99355,88.6,,70.4,110.1
Male,All causes,2022,February,18-39,"First dose, less than 21 days ago",<3,1595,x,,x,x
Male,All causes,2022,February,18-39,"First dose, at least 21 days ago",24,23575,121.3,,75.7,183.2
Male,All causes,2022,February,18-39,"Second dose, less than 21 days ago",<3,2786,x,,x,x
Male,All causes,2022,February,18-39,"Second dose, at least 21 days ago",83,145432,59.5,,47.3,73.9
Male,All causes,2022,February,18-39,"Third dose or booster, less than 21 days ago",<3,11793,x,,x,x
Male,All causes,2022,February,18-39,"Third dose or booster, at least 21 days ago",113,213465,48.9,,39.8,58.1
Male,All causes,2022,February,18-39,"Fourth dose or booster, less than 21 days ago",<3,13,x,,x,x
Male,All causes,2022,February,18-39,"Fourth dose or booster, at least 21 days ago",<3,70,x,,x,x
Male,All causes,2022,February,40-49,Unvaccinated,73,27270,280.2,,219.2,352.8
Male,All causes,2022,February,40-49,"First dose, less than 21 days ago",<3,222,x,,x,x
Male,All causes,2022,February,40-49,"First dose, at least 21 days ago",26,4870,589.3,,383.6,865.3
Male,All causes,2022,February,40-49,"Second dose, less than 21 days ago",<3,478,x,,x,x
Male,All causes,2022,February,40-49,"Second dose, at least 21 days ago",113,44127,261.3,,212.9,309.8
Male,All causes,2022,February,40-49,"Third dose or booster, less than 21 days ago",<3,3696,x,,x,x
Male,All causes,2022,February,40-49,"Third dose or booster, at least 21 days ago",208,159650,129,,111.4,146.6
Male,All causes,2022,February,40-49,"Fourth dose or booster, less than 21 days ago",<3,8,x,,x,x
Male,All causes,2022,February,40-49,"Fourth dose or booster, at least 21 days ago",<3,56,x,,x,x
Male,All causes,2022,February,50-59,Unvaccinated,125,17458,731.4,,602.8,860
Male,All causes,2022,February,50-59,"First dose, less than 21 days ago",3,111,2631.9,u,521.8,7742.5
Male,All causes,2022,February,50-59,"First dose, at least 21 days ago",47,2871,1691.5,,1240.3,2252.5
Male,All causes,2022,February,50-59,"Second dose, less than 21 days ago",<3,234,x,,x,x
Male,All causes,2022,February,50-59,"Second dose, at least 21 days ago",230,27820,852.5,,741.7,963.2
Male,All causes,2022,February,50-59,"Third dose or booster, less than 21 days ago",8,2243,361.5,u,155.1,714.1
Male,All causes,2022,February,50-59,"Third dose or booster, at least 21 days ago",759,219461,340.5,,316.2,364.8
Male,All causes,2022,February,50-59,"Fourth dose or booster, less than 21 days ago",<3,8,x,,x,x
Male,All causes,2022,February,50-59,"Fourth dose or booster, at least 21 days ago",<3,73,x,,x,x
Male,All causes,2022,February,60-69,Unvaccinated,177,8616,2164.4,,1840.8,2488.1
Male,All causes,2022,February,60-69,"First dose, less than 21 days ago",<3,41,x,,x,x
Male,All causes,2022,February,60-69,"First dose, at least 21 days ago",44,1218,3883.3,,2795.5,5246
Male,All causes,2022,February,60-69,"Second dose, less than 21 days ago",<3,90,x,,x,x
Male,All causes,2022,February,60-69,"Second dose, at least 21 days ago",386,11716,3586.3,,3218.5,3954.1
Male,All causes,2022,February,60-69,"Third dose or booster, less than 21 days ago",11,917,1274.6,u,613.1,2317.2
Male,All causes,2022,February,60-69,"Third dose or booster, at least 21 days ago",1790,196291,918.6,,876,961.1
Male,All causes,2022,February,60-69,"Fourth dose or booster, less than 21 days ago",<3,8,x,,x,x
Male,All causes,2022,February,60-69,"Fourth dose or booster, at least 21 days ago",<3,62,x,,x,x
Male,All causes,2022,February,70-79,Unvaccinated,205,3928,5445.6,,4694.3,6197
Male,All causes,2022,February,70-79,"First dose, less than 21 days ago",<3,11,x,,x,x
Male,All causes,2022,February,70-79,"First dose, at least 21 days ago",45,467,9893.1,,7196.3,13262.7
Male,All causes,2022,February,70-79,"Second dose, less than 21 days ago",<3,29,x,,x,x
Male,All causes,2022,February,70-79,"Second dose, at least 21 days ago",512,4280,12249.9,,11181,13318.8
Male,All causes,2022,February,70-79,"Third dose or booster, less than 21 days ago",22,332,6710.9,,4193.3,10177.3
Male,All causes,2022,February,70-79,"Third dose or booster, at least 21 days ago",4166,161684,2575.3,,2497.1,2653.5
Male,All causes,2022,February,70-79,"Fourth dose or booster, less than 21 days ago",<3,5,x,,x,x
Male,All causes,2022,February,70-79,"Fourth dose or booster, at least 21 days ago",<3,44,x,,x,x
Male,All causes,2022,February,80-89,Unvaccinated,165,1404,11829.3,,10022.8,13635.8
Male,All causes,2022,February,80-89,"First dose, less than 21 days ago",<3,5,x,,x,x
Male,All causes,2022,February,80-89,"First dose, at least 21 days ago",48,171,27440.2,,20219.3,36397.6
Male,All causes,2022,February,80-89,"Second dose, less than 21 days ago",<3,12,x,,x,x
Male,All causes,2022,February,80-89,"Second dose, at least 21 days ago",523,1744,29662.4,,27118,32206.8
Male,All causes,2022,February,80-89,"Third dose or booster, less than 21 days ago",38,151,24889.8,,17585.6,34198.7
Male,All causes,2022,February,80-89,"Third dose or booster, at least 21 days ago",5659,68844,8276.9,,8061.1,8492.6
Male,All causes,2022,February,80-89,"Fourth dose or booster, less than 21 days ago",<3,1,x,,x,x
Male,All causes,2022,February,80-89,"Fourth dose or booster, at least 21 days ago",<3,19,x,,x,x
Male,All causes,2022,February,90+,Unvaccinated,75,268,27985.1,,22011.1,35080.1
Male,All causes,2022,February,90+,"First dose, less than 21 days ago",<3,1,x,,x,x
Male,All causes,2022,February,90+,"First dose, at least 21 days ago",18,41,44242.9,u,26207.5,69927.1
Male,All causes,2022,February,90+,"Second dose, less than 21 days ago",<3,2,x,,x,x
Male,All causes,2022,February,90+,"Second dose, at least 21 days ago",251,375,66859.5,,58842.9,75663.4
Male,All causes,2022,February,90+,"Third dose or booster, less than 21 days ago",20,38,52717,,32187.2,81421.7
Male,All causes,2022,February,90+,"Third dose or booster, at least 21 days ago",2828,11209,25228.6,,24307.3,26176
Male,All causes,2022,February,90+,"Fourth dose or booster, less than 21 days ago",<3,0,x,,x,x
Male,All causes,2022,February,90+,"Fourth dose or booster, at least 21 days ago",<3,3,x,,x,x
Male,All causes,2022,March,18-39,Unvaccinated,72,108952,70.6,,55,89.1
Male,All causes,2022,March,18-39,"First dose, less than 21 days ago",3,854,461,u,51.6,1452.5
Male,All causes,2022,March,18-39,"First dose, at least 21 days ago",21,25363,96,,57.8,149.1
Male,All causes,2022,March,18-39,"Second dose, less than 21 days ago",<3,2298,x,,x,x
Male,All causes,2022,March,18-39,"Second dose, at least 21 days ago",90,156071,61,,48.9,75.2
Male,All causes,2022,March,18-39,"Third dose or booster, less than 21 days ago",<3,6159,x,,x,x
Male,All causes,2022,March,18-39,"Third dose or booster, at least 21 days ago",128,251565,49.3,,40.6,57.9
Male,All causes,2022,March,18-39,"Fourth dose or booster, less than 21 days ago",<3,41,x,,x,x
Male,All causes,2022,March,18-39,"Fourth dose or booster, at least 21 days ago",<3,96,x,,x,x
Male,All causes,2022,March,40-49,Unvaccinated,69,30133,234.1,,181.7,296.8
Male,All causes,2022,March,40-49,"First dose, less than 21 days ago",<3,103,x,,x,x
Male,All causes,2022,March,40-49,"First dose, at least 21 days ago",23,5182,462.8,,291.6,696.9
Male,All causes,2022,March,40-49,"Second dose, less than 21 days ago",<3,368,x,,x,x
Male,All causes,2022,March,40-49,"Second dose, at least 21 days ago",109,47035,241.3,,195.7,286.9
Male,All causes,2022,March,40-49,"Third dose or booster, less than 21 days ago",4,1705,236.1,u,63.8,605.7
Male,All causes,2022,March,40-49,"Third dose or booster, at least 21 days ago",246,181184,134.3,,117.5,151.1
Male,All causes,2022,March,40-49,"Fourth dose or booster, less than 21 days ago",<3,48,x,,x,x
Male,All causes,2022,March,40-49,"Fourth dose or booster, at least 21 days ago",<3,74,x,,x,x
Male,All causes,2022,March,50-59,Unvaccinated,135,19323,712.1,,591.6,832.6
Male,All causes,2022,March,50-59,"First dose, less than 21 days ago",<3,47,x,,x,x
Male,All causes,2022,March,50-59,"First dose, at least 21 days ago",49,3086,1617.6,,1194.2,2141.7
Male,All causes,2022,March,50-59,"Second dose, less than 21 days ago",<3,176,x,,x,x
Male,All causes,2022,March,50-59,"Second dose, at least 21 days ago",239,29709,824.7,,719.6,929.9
Male,All causes,2022,March,50-59,"Third dose or booster, less than 21 days ago",<3,1018,x,,x,x
Male,All causes,2022,March,50-59,"Third dose or booster, at least 21 days ago",856,245611,343.8,,320.7,366.9
Male,All causes,2022,March,50-59,"Fourth dose or booster, less than 21 days ago",<3,92,x,,x,x
Male,All causes,2022,March,50-59,"Fourth dose or booster, at least 21 days ago",<3,93,x,,x,x
Male,All causes,2022,March,60-69,Unvaccinated,189,9563,2078.6,,1777.6,2379.5
Male,All causes,2022,March,60-69,"First dose, less than 21 days ago",<3,18,x,,x,x
Male,All causes,2022,March,60-69,"First dose, at least 21 days ago",37,1312,2982.6,,2077.6,4139.8
Male,All causes,2022,March,60-69,"Second dose, less than 21 days ago",<3,71,x,,x,x
Male,All causes,2022,March,60-69,"Second dose, at least 21 days ago",351,12544,3045.3,,2717.7,3372.9
Male,All causes,2022,March,60-69,"Third dose or booster, less than 21 days ago",5,416,1378.9,u,419.4,3273.8
Male,All causes,2022,March,60-69,"Third dose or booster, at least 21 days ago",2093,218689,963.2,,921.9,1004.5
Male,All causes,2022,March,60-69,"Fourth dose or booster, less than 21 days ago",<3,130,x,,x,x
Male,All causes,2022,March,60-69,"Fourth dose or booster, at least 21 days ago",<3,81,x,,x,x
Male,All causes,2022,March,70-79,Unvaccinated,186,4356,4399.1,,3761.9,5036.3
Male,All causes,2022,March,70-79,"First dose, less than 21 days ago",<3,6,x,,x,x
Male,All causes,2022,March,70-79,"First dose, at least 21 days ago",52,497,10927,,8140.2,14354.7
Male,All causes,2022,March,70-79,"Second dose, less than 21 days ago",<3,23,x,,x,x
Male,All causes,2022,March,70-79,"Second dose, at least 21 days ago",461,4490,10696.6,,9713.3,11679.9
Male,All causes,2022,March,70-79,"Third dose or booster, less than 21 days ago",19,200,9938.3,u,5959.9,15553.2
Male,All causes,2022,March,70-79,"Third dose or booster, at least 21 days ago",4784,178122,2686.6,,2610.4,2762.7
Male,All causes,2022,March,70-79,"Fourth dose or booster, less than 21 days ago",12,1615,1568.1,u,303.6,3522
Male,All causes,2022,March,70-79,"Fourth dose or booster, at least 21 days ago",6,57,10819,u,3954,23578.8
Male,All causes,2022,March,80-89,Unvaccinated,201,1545,13142.7,,11324.2,14961.2
Male,All causes,2022,March,80-89,"First dose, less than 21 days ago",3,3,97136.1,u,19601.7,284913
Male,All causes,2022,March,80-89,"First dose, at least 21 days ago",49,183,26494.1,,19593.3,35035.5
Male,All causes,2022,March,80-89,"Second dose, less than 21 days ago",<3,8,x,,x,x
Male,All causes,2022,March,80-89,"Second dose, at least 21 days ago",471,1803,25952.7,,23607.4,28297.9
Male,All causes,2022,March,80-89,"Third dose or booster, less than 21 days ago",19,78,23968.1,u,14414,37452.4
Male,All causes,2022,March,80-89,"Third dose or booster, at least 21 days ago",6392,74580,8628.9,,8417.3,8840.5
Male,All causes,2022,March,80-89,"Fourth dose or booster, less than 21 days ago",19,1987,985.5,u,592.6,1540.1
Male,All causes,2022,March,80-89,"Fourth dose or booster, at least 21 days ago",5,23,23796.1,u,7697.6,55589.5
Male,All causes,2022,March,90+,Unvaccinated,91,293,31051.4,,24999.9,38124.8
Male,All causes,2022,March,90+,"First dose, less than 21 days ago",<3,1,x,,x,x
Male,All causes,2022,March,90+,"First dose, at least 21 days ago",16,43,37180.3,u,21237.9,60382.3
Male,All causes,2022,March,90+,"Second dose, less than 21 days ago",<3,2,x,,x,x
Male,All causes,2022,March,90+,"Second dose, at least 21 days ago",190,382,49761.9,,42937,57363.2
Male,All causes,2022,March,90+,"Third dose or booster, less than 21 days ago",10,18,56936.8,u,27257.8,104716.1
Male,All causes,2022,March,90+,"Third dose or booster, at least 21 days ago",3123,12262,25469.1,,24583.5,26378.3
Male,All causes,2022,March,90+,"Fourth dose or booster, less than 21 days ago",10,231,4329.8,u,2072.8,7963.1
Male,All causes,2022,March,90+,"Fourth dose or booster, at least 21 days ago",<3,3,x,,x,x
Male,All causes,2022,April,18-39,Unvaccinated,75,104807,75.9,,59.5,95.4
Male,All causes,2022,April,18-39,"First dose, less than 21 days ago",<3,570,x,,x,x
Male,All causes,2022,April,18-39,"First dose, at least 21 days ago",25,23441,140,,88.7,209.2
Male,All causes,2022,April,18-39,"Second dose, less than 21 days ago",<3,1644,x,,x,x
Male,All causes,2022,April,18-39,"Second dose, at least 21 days ago",84,148237,57.5,,45.8,71.4
Male,All causes,2022,April,18-39,"Third dose or booster, less than 21 days ago",<3,4205,x,,x,x
Male,All causes,2022,April,18-39,"Third dose or booster, at least 21 days ago",131,250045,51.1,,42.3,60
Male,All causes,2022,April,18-39,"Fourth dose or booster, less than 21 days ago",<3,284,x,,x,x
Male,All causes,2022,April,18-39,"Fourth dose or booster, at least 21 days ago",<3,204,x,,x,x
Male,All causes,2022,April,40-49,Unvaccinated,66,29167,237.4,,183.2,302.5
Male,All causes,2022,April,40-49,"First dose, less than 21 days ago",<3,63,x,,x,x
Male,All causes,2022,April,40-49,"First dose, at least 21 days ago",29,4805,645.8,,430.5,927.1
Male,All causes,2022,April,40-49,"Second dose, less than 21 days ago",<3,228,x,,x,x
Male,All causes,2022,April,40-49,"Second dose, at least 21 days ago",80,44491,183.8,,145.5,229
Male,All causes,2022,April,40-49,"Third dose or booster, less than 21 days ago",<3,1081,x,,x,x
Male,All causes,2022,April,40-49,"Third dose or booster, at least 21 days ago",251,176560,140.4,,123,157.8
Male,All causes,2022,April,40-49,"Fourth dose or booster, less than 21 days ago",3,366,909.3,u,176.4,2684.4
Male,All causes,2022,April,40-49,"Fourth dose or booster, at least 21 days ago",<3,213,x,,x,x
Male,All causes,2022,April,50-59,Unvaccinated,112,18730,606.8,,494.1,719.6
Male,All causes,2022,April,50-59,"First dose, less than 21 days ago",<3,29,x,,x,x
Male,All causes,2022,April,50-59,"First dose, at least 21 days ago",31,2883,1103.9,,748.1,1569.6
Male,All causes,2022,April,50-59,"Second dose, less than 21 days ago",<3,113,x,,x,x
Male,All causes,2022,April,50-59,"Second dose, at least 21 days ago",208,28095,760.4,,656.5,864.3
Male,All causes,2022,April,50-59,"Third dose or booster, less than 21 days ago",<3,672,x,,x,x
Male,All causes,2022,April,50-59,"Third dose or booster, at least 21 days ago",818,237640,339.2,,315.9,362.5
Male,All causes,2022,April,50-59,"Fourth dose or booster, less than 21 days ago",4,799,567.4,u,149.7,1463.3
Male,All causes,2022,April,50-59,"Fourth dose or booster, at least 21 days ago",5,379,1385.6,u,439.5,3254
Male,All causes,2022,April,60-69,Unvaccinated,143,9291,1636,,1363.9,1908.2
Male,All causes,2022,April,60-69,"First dose, less than 21 days ago",<3,12,x,,x,x
Male,All causes,2022,April,60-69,"First dose, at least 21 days ago",46,1229,3983.9,,2889.8,5347.6
Male,All causes,2022,April,60-69,"Second dose, less than 21 days ago",<3,45,x,,x,x
Male,All causes,2022,April,60-69,"Second dose, at least 21 days ago",295,11922,2673,,2359.1,2986.8
Male,All causes,2022,April,60-69,"Third dose or booster, less than 21 days ago",<3,263,x,,x,x
Male,All causes,2022,April,60-69,"Third dose or booster, at least 21 days ago",2026,211057,967.4,,925.3,1009.5
Male,All causes,2022,April,60-69,"Fourth dose or booster, less than 21 days ago",19,1245,1512.6,u,905.2,2369.8
Male,All causes,2022,April,60-69,"Fourth dose or booster, at least 21 days ago",18,502,3478.9,u,2058.9,5502.3
Male,All causes,2022,April,70-79,Unvaccinated,185,4227,4500.8,,3847.4,5154.2
Male,All causes,2022,April,70-79,"First dose, less than 21 days ago",<3,5,x,,x,x
Male,All causes,2022,April,70-79,"First dose, at least 21 days ago",55,468,12092.6,,9086.1,15769.2
Male,All causes,2022,April,70-79,"Second dose, less than 21 days ago",<3,15,x,,x,x
Male,All causes,2022,April,70-79,"Second dose, at least 21 days ago",377,4133,9482.8,,8517.3,10448.2
Male,All causes,2022,April,70-79,"Third dose or booster, less than 21 days ago",7,156,3925.7,u,1578.3,8088.4
Male,All causes,2022,April,70-79,"Third dose or booster, at least 21 days ago",4584,146235,3392.4,,3292.8,3492
Male,All causes,2022,April,70-79,"Fourth dose or booster, less than 21 days ago",229,21985,1797.2,,1342.7,2251.7
Male,All causes,2022,April,70-79,"Fourth dose or booster, at least 21 days ago",86,6235,3057.9,,1967.6,4338.2
Male,All causes,2022,April,80-89,Unvaccinated,170,1486,11602.5,,9856.8,13348.1
Male,All causes,2022,April,80-89,"First dose, less than 21 days ago",4,3,149222.7,u,39180.8,385239.6
Male,All causes,2022,April,80-89,"First dose, at least 21 days ago",38,170,22089.4,,15627.5,30325
Male,All causes,2022,April,80-89,"Second dose, less than 21 days ago",<3,6,x,,x,x
Male,All causes,2022,April,80-89,"Second dose, at least 21 days ago",344,1595,21436.3,,19170.1,23702.5
Male,All causes,2022,April,80-89,"Third dose or booster, less than 21 days ago",16,98,16500,u,9422.8,26807.2
Male,All causes,2022,April,80-89,"Third dose or booster, at least 21 days ago",5746,43692,13203.8,,12862.3,13545.2
Male,All causes,2022,April,80-89,"Fourth dose or booster, less than 21 days ago",554,23126,2413.8,,2212.7,2614.9
Male,All causes,2022,April,80-89,"Fourth dose or booster, at least 21 days ago",239,7635,3180.3,,2776.7,3583.9
Male,All causes,2022,April,90+,Unvaccinated,81,282,28768.2,,22845.3,35756.9
Male,All causes,2022,April,90+,"First dose, less than 21 days ago",<3,1,x,,x,x
Male,All causes,2022,April,90+,"First dose, at least 21 days ago",22,39,55926.4,,35036.3,84677.6
Male,All causes,2022,April,90+,"Second dose, less than 21 days ago",<3,1,x,,x,x
Male,All causes,2022,April,90+,"Second dose, at least 21 days ago",174,333,52211.6,,44741.2,60572.4
Male,All causes,2022,April,90+,"Third dose or booster, less than 21 days ago",8,24,33566.9,u,14453.2,66144.2
Male,All causes,2022,April,90+,"Third dose or booster, at least 21 days ago",2686,7967,33714.2,,32451.1,35013.8
Male,All causes,2022,April,90+,"Fourth dose or booster, less than 21 days ago",264,3242,8144.3,,7191.4,9188.4
Male,All causes,2022,April,90+,"Fourth dose or booster, at least 21 days ago",100,962,10395.8,,8458.2,12644.3
Male,All causes,2022,May,18-39,Unvaccinated,65,107874,61.5,,47.3,78.5
Male,All causes,2022,May,18-39,"First dose, less than 21 days ago",<3,455,x,,x,x
Male,All causes,2022,May,18-39,"First dose, at least 21 days ago",22,23403,113.7,,69.2,174.9
Male,All causes,2022,May,18-39,"Second dose, less than 21 days ago",<3,1315,x,,x,x
Male,All causes,2022,May,18-39,"Second dose, at least 21 days ago",67,149684,46.5,,35.9,59.2
Male,All causes,2022,May,18-39,"Third dose or booster, less than 21 days ago",<3,4320,x,,x,x
Male,All causes,2022,May,18-39,"Third dose or booster, at least 21 days ago",119,263110,43.5,,35.6,51.4
Male,All causes,2022,May,18-39,"Fourth dose or booster, less than 21 days ago",<3,306,x,,x,x
Male,All causes,2022,May,18-39,"Fourth dose or booster, at least 21 days ago",4,638,746.4,u,170,1982.6
Male,All causes,2022,May,40-49,Unvaccinated,50,30172,167.7,,124.1,221.6
Male,All causes,2022,May,40-49,"First dose, less than 21 days ago",<3,51,x,,x,x
Male,All causes,2022,May,40-49,"First dose, at least 21 days ago",20,4842,434.9,,263.9,673.9
Male,All causes,2022,May,40-49,"Second dose, less than 21 days ago",<3,155,x,,x,x
Male,All causes,2022,May,40-49,"Second dose, at least 21 days ago",82,45015,188.3,,149.5,234.1
Male,All causes,2022,May,40-49,"Third dose or booster, less than 21 days ago",<3,971,x,,x,x
Male,All causes,2022,May,40-49,"Third dose or booster, at least 21 days ago",266,183041,144.1,,126.8,161.4
Male,All causes,2022,May,40-49,"Fourth dose or booster, less than 21 days ago",<3,382,x,,x,x
Male,All causes,2022,May,40-49,"Fourth dose or booster, at least 21 days ago",9,770,1276.8,u,575.3,2437.7
Male,All causes,2022,May,50-59,Unvaccinated,96,19387,501.4,,405.8,612.6
Male,All causes,2022,May,50-59,"First dose, less than 21 days ago",<3,26,x,,x,x
Male,All causes,2022,May,50-59,"First dose, at least 21 days ago",35,2931,1201.5,,834.8,1673.6
Male,All causes,2022,May,50-59,"Second dose, less than 21 days ago",<3,69,x,,x,x
Male,All causes,2022,May,50-59,"Second dose, at least 21 days ago",196,28480,715.6,,614.9,816.3
Male,All causes,2022,May,50-59,"Third dose or booster, less than 21 days ago",<3,560,x,,x,x
Male,All causes,2022,May,50-59,"Third dose or booster, at least 21 days ago",881,244899,354,,330.6,377.4
Male,All causes,2022,May,50-59,"Fourth dose or booster, less than 21 days ago",5,848,535.3,u,167.5,1261.8
Male,All causes,2022,May,50-59,"Fourth dose or booster, at least 21 days ago",26,1600,1551.6,,1004,2286.1
Male,All causes,2022,May,60-69,Unvaccinated,143,9646,1618.1,,1349.4,1886.9
Male,All causes,2022,May,60-69,"First dose, less than 21 days ago",<3,10,x,,x,x
Male,All causes,2022,May,60-69,"First dose, at least 21 days ago",36,1250,3059.1,,2120.1,4264
Male,All causes,2022,May,60-69,"Second dose, less than 21 days ago",<3,27,x,,x,x
Male,All causes,2022,May,60-69,"Second dose, at least 21 days ago",264,12135,2344.9,,2053.8,2635.9
Male,All causes,2022,May,60-69,"Third dose or booster, less than 21 days ago",9,218,4656.8,u,2042.1,8984.5
Male,All causes,2022,May,60-69,"Third dose or booster, at least 21 days ago",1947,216729,907.3,,866.9,947.6
Male,All causes,2022,May,60-69,"Fourth dose or booster, less than 21 days ago",36,1400,2548.4,,1776,3539.4
Male,All causes,2022,May,60-69,"Fourth dose or booster, at least 21 days ago",90,2434,3580.7,,2874.2,4407.3
Male,All causes,2022,May,70-79,Unvaccinated,169,4375,3883.8,,3294,4473.6
Male,All causes,2022,May,70-79,"First dose, less than 21 days ago",<3,5,x,,x,x
Male,All causes,2022,May,70-79,"First dose, at least 21 days ago",30,477,6679.9,,4489.1,9559.4
Male,All causes,2022,May,70-79,"Second dose, less than 21 days ago",<3,11,x,,x,x
Male,All causes,2022,May,70-79,"Second dose, at least 21 days ago",298,4106,7496.8,,6635.9,8357.7
Male,All causes,2022,May,70-79,"Third dose or booster, less than 21 days ago",10,123,8982.8,u,4155.3,16765.3
Male,All causes,2022,May,70-79,"Third dose or booster, at least 21 days ago",3599,120048,4255.9,,4101.6,4410.3
Male,All causes,2022,May,70-79,"Fourth dose or booster, less than 21 days ago",299,20467,2213,,1761.2,2664.8
Male,All causes,2022,May,70-79,"Fourth dose or booster, at least 21 days ago",646,40205,2872.9,,2426.4,3319.4
Male,All causes,2022,May,80-89,Unvaccinated,130,1533,8571.5,,7096.5,10046.5
Male,All causes,2022,May,80-89,"First dose, less than 21 days ago",<3,3,x,,x,x
Male,All causes,2022,May,80-89,"First dose, at least 21 days ago",39,170,22777,,16193.6,31140.7
Male,All causes,2022,May,80-89,"Second dose, less than 21 days ago",3,6,43531.4,u,8325.5,128795
Male,All causes,2022,May,80-89,"Second dose, at least 21 days ago",275,1495,18337.6,,16170,20505.2
Male,All causes,2022,May,80-89,"Third dose or booster, less than 21 days ago",19,95,20091,u,12038,31456.5
Male,All causes,2022,May,80-89,"Third dose or booster, at least 21 days ago",4015,21708,18462.7,,17891.6,19033.8
Male,All causes,2022,May,80-89,"Fourth dose or booster, less than 21 days ago",579,14022,4190.4,,3848.8,4532
Male,All causes,2022,May,80-89,"Fourth dose or booster, at least 21 days ago",1625,41559,3951,,3758.8,4143.2
Male,All causes,2022,May,90+,Unvaccinated,67,288,23267.4,,18031,29549.4
Male,All causes,2022,May,90+,"First dose, less than 21 days ago",<3,1,x,,x,x
Male,All causes,2022,May,90+,"First dose, at least 21 days ago",16,39,40716.2,u,23257.6,66124.7
Male,All causes,2022,May,90+,"Second dose, less than 21 days ago",<3,1,x,,x,x
Male,All causes,2022,May,90+,"Second dose, at least 21 days ago",125,300,41664.4,,34680.4,49641.7
Male,All causes,2022,May,90+,"Third dose or booster, less than 21 days ago",7,29,23957.5,u,9598,49364.2
Male,All causes,2022,May,90+,"Third dose or booster, at least 21 days ago",1769,4291,41228.7,,39329.5,43195.8
Male,All causes,2022,May,90+,"Fourth dose or booster, less than 21 days ago",339,2464,13756.2,,12330.6,15301.4
Male,All causes,2022,May,90+,"Fourth dose or booster, at least 21 days ago",719,5934,12117.6,,11247.9,13036.7
Male,All causes,2022,June,18-39,Unvaccinated,79,104176,81.5,,64.4,101.8
Male,All causes,2022,June,18-39,"First dose, less than 21 days ago",<3,267,x,,x,x
Male,All causes,2022,June,18-39,"First dose, at least 21 days ago",18,22125,107.4,u,62.2,171.7
Male,All causes,2022,June,18-39,"Second dose, less than 21 days ago",<3,889,x,,x,x
Male,All causes,2022,June,18-39,"Second dose, at least 21 days ago",67,142280,50.5,,39,64.2
Male,All causes,2022,June,18-39,"Third dose or booster, less than 21 days ago",<3,2992,x,,x,x
Male,All causes,2022,June,18-39,"Third dose or booster, at least 21 days ago",120,259112,44.5,,36.4,52.5
Male,All causes,2022,June,18-39,"Fourth dose or booster, less than 21 days ago",<3,254,x,,x,x
Male,All causes,2022,June,18-39,"Fourth dose or booster, at least 21 days ago",4,1031,508.3,u,107.5,1368.1
Male,All causes,2022,June,40-49,Unvaccinated,66,29268,235,,181.3,299.5
Male,All causes,2022,June,40-49,"First dose, less than 21 days ago",<3,34,x,,x,x
Male,All causes,2022,June,40-49,"First dose, at least 21 days ago",17,4624,366.1,u,211.6,588.6
Male,All causes,2022,June,40-49,"Second dose, less than 21 days ago",<3,96,x,,x,x
Male,All causes,2022,June,40-49,"Second dose, at least 21 days ago",84,42974,199.8,,159.1,247.7
Male,All causes,2022,June,40-49,"Third dose or booster, less than 21 days ago",<3,578,x,,x,x
Male,All causes,2022,June,40-49,"Third dose or booster, at least 21 days ago",238,177487,132.6,,115.7,149.5
Male,All causes,2022,June,40-49,"Fourth dose or booster, less than 21 days ago",<3,319,x,,x,x
Male,All causes,2022,June,40-49,"Fourth dose or booster, at least 21 days ago",10,1255,848.7,u,401.3,1570
Male,All causes,2022,June,50-59,Unvaccinated,106,18800,569.8,,461,678.6
Male,All causes,2022,June,50-59,"First dose, less than 21 days ago",<3,16,x,,x,x
Male,All causes,2022,June,50-59,"First dose, at least 21 days ago",37,2814,1345.5,,945.3,1857.3
Male,All causes,2022,June,50-59,"Second dose, less than 21 days ago",3,44,6650.6,u,1269.2,19683.6
Male,All causes,2022,June,50-59,"Second dose, at least 21 days ago",172,27258,646.8,,549.6,744
Male,All causes,2022,June,50-59,"Third dose or booster, less than 21 days ago",<3,323,x,,x,x
Male,All causes,2022,June,50-59,"Third dose or booster, at least 21 days ago",797,236298,332.2,,309.1,355.3
Male,All causes,2022,June,50-59,"Fourth dose or booster, less than 21 days ago",3,757,499.2,u,102.9,1458.9
Male,All causes,2022,June,50-59,"Fourth dose or booster, at least 21 days ago",55,2695,1919.2,,1437,2508.7
Male,All causes,2022,June,60-69,Unvaccinated,135,9387,1519.3,,1259,1779.5
Male,All causes,2022,June,60-69,"First dose, less than 21 days ago",<3,7,x,,x,x
Male,All causes,2022,June,60-69,"First dose, at least 21 days ago",34,1204,2959.4,,2026.8,4164.7
Male,All causes,2022,June,60-69,"Second dose, less than 21 days ago",<3,18,x,,x,x
Male,All causes,2022,June,60-69,"Second dose, at least 21 days ago",235,11667,2101.7,,1824.9,2378.5
Male,All causes,2022,June,60-69,"Third dose or booster, less than 21 days ago",<3,122,x,,x,x
Male,All causes,2022,June,60-69,"Third dose or booster, at least 21 days ago",1860,208555,900.4,,859.5,941.3
Male,All causes,2022,June,60-69,"Fourth dose or booster, less than 21 days ago",20,1311,1454.8,,881.3,2257
Male,All causes,2022,June,60-69,"Fourth dose or booster, at least 21 days ago",164,4244,3803.5,,3216.1,4390.9
Male,All causes,2022,June,70-79,Unvaccinated,156,4245,3744,,3152.5,4335.4
Male,All causes,2022,June,70-79,"First dose, less than 21 days ago",<3,3,x,,x,x
Male,All causes,2022,June,70-79,"First dose, at least 21 days ago",34,457,7688.5,,5304.3,10770.2
Male,All causes,2022,June,70-79,"Second dose, less than 21 days ago",<3,8,x,,x,x
Male,All causes,2022,June,70-79,"Second dose, at least 21 days ago",252,3888,6779.8,,5932.1,7627.5
Male,All causes,2022,June,70-79,"Third dose or booster, less than 21 days ago",13,68,18739,u,9741.1,32403.7
Male,All causes,2022,June,70-79,"Third dose or booster, at least 21 days ago",2977,104496,5052.1,,4830.8,5273.5
Male,All causes,2022,June,70-79,"Fourth dose or booster, less than 21 days ago",164,7240,2546.4,,1993.3,3099.5
Male,All causes,2022,June,70-79,"Fourth dose or booster, at least 21 days ago",1354,63535,3529.7,,3152.5,3906.8
Male,All causes,2022,June,80-89,Unvaccinated,121,1483,8321.6,,6837.3,9806
Male,All causes,2022,June,80-89,"First dose, less than 21 days ago",<3,2,x,,x,x
Male,All causes,2022,June,80-89,"First dose, at least 21 days ago",22,163,13524.5,,8473.9,20478.6
Male,All causes,2022,June,80-89,"Second dose, less than 21 days ago",<3,3,x,,x,x
Male,All causes,2022,June,80-89,"Second dose, at least 21 days ago",214,1360,15729.4,,13622,17836.9
Male,All causes,2022,June,80-89,"Third dose or booster, less than 21 days ago",10,48,21220.6,u,9998.9,39311.3
Male,All causes,2022,June,80-89,"Third dose or booster, at least 21 days ago",2590,13417,19219.7,,18479.3,19960
Male,All causes,2022,June,80-89,"Fourth dose or booster, less than 21 days ago",322,4176,7718,,6875,8561.1
Male,All causes,2022,June,80-89,"Fourth dose or booster, at least 21 days ago",2864,57606,5019.4,,4835.5,5203.3
Male,All causes,2022,June,90+,Unvaccinated,58,279,20804.2,,15796.5,26894.9
Male,All causes,2022,June,90+,"First dose, less than 21 days ago",<3,0,x,,x,x
Male,All causes,2022,June,90+,"First dose, at least 21 days ago",12,37,32543.8,u,16796.5,56851.4
Male,All causes,2022,June,90+,"Second dose, less than 21 days ago",<3,1,x,,x,x
Male,All causes,2022,June,90+,"Second dose, at least 21 days ago",103,264,38978.4,,31814.6,47273.2
Male,All causes,2022,June,90+,"Third dose or booster, less than 21 days ago",5,15,33012.5,u,10638.7,77039.8
Male,All causes,2022,June,90+,"Third dose or booster, at least 21 days ago",1084,2605,41617.8,,39176.8,44171.1
Male,All causes,2022,June,90+,"Fourth dose or booster, less than 21 days ago",178,872,20412.5,,17523.6,23641.6
Male,All causes,2022,June,90+,"Fourth dose or booster, at least 21 days ago",1529,8921,17139.2,,16290.8,18020.4
Male,All causes,2022,July,18-39,Unvaccinated,81,107597,78.9,,62.5,98.3
Male,All causes,2022,July,18-39,"First dose, less than 21 days ago",<3,180,x,,x,x
Male,All causes,2022,July,18-39,"First dose, at least 21 days ago",21,22393,116.8,,70.4,181.3
Male,All causes,2022,July,18-39,"Second dose, less than 21 days ago",<3,720,x,,x,x
Male,All causes,2022,July,18-39,"Second dose, at least 21 days ago",81,144897,61.2,,48.5,76.2
Male,All causes,2022,July,18-39,"Third dose or booster, less than 21 days ago",<3,2533,x,,x,x
Male,All causes,2022,July,18-39,"Third dose or booster, at least 21 days ago",128,270766,45.1,,37.2,53
Male,All causes,2022,July,18-39,"Fourth dose or booster, less than 21 days ago",<3,273,x,,x,x
Male,All causes,2022,July,18-39,"Fourth dose or booster, at least 21 days ago",11,1452,730.5,u,327,1366.4
Male,All causes,2022,July,40-49,Unvaccinated,67,30323,226.3,,174.9,287.9
Male,All causes,2022,July,40-49,"First dose, less than 21 days ago",<3,25,x,,x,x
Male,All causes,2022,July,40-49,"First dose, at least 21 days ago",23,4719,507.8,,320,764.6
Male,All causes,2022,July,40-49,"Second dose, less than 21 days ago",<3,87,x,,x,x
Male,All causes,2022,July,40-49,"Second dose, at least 21 days ago",68,43814,156.3,,121.1,198.4
Male,All causes,2022,July,40-49,"Third dose or booster, less than 21 days ago",<3,615,x,,x,x
Male,All causes,2022,July,40-49,"Third dose or booster, at least 21 days ago",243,183255,131.2,,114.7,147.8
Male,All causes,2022,July,40-49,"Fourth dose or booster, less than 21 days ago",<3,350,x,,x,x
Male,All causes,2022,July,40-49,"Fourth dose or booster, at least 21 days ago",26,1787,1379.4,,894.3,2030.2
Male,All causes,2022,July,50-59,Unvaccinated,109,19474,575.8,,467.4,684.2
Male,All causes,2022,July,50-59,"First dose, less than 21 days ago",<3,13,x,,x,x
Male,All causes,2022,July,50-59,"First dose, at least 21 days ago",34,2887,1187,,820.2,1661.1
Male,All causes,2022,July,50-59,"Second dose, less than 21 days ago",<3,39,x,,x,x
Male,All causes,2022,July,50-59,"Second dose, at least 21 days ago",186,27920,679.8,,581.6,778
Male,All causes,2022,July,50-59,"Third dose or booster, less than 21 days ago",<3,289,x,,x,x
Male,All causes,2022,July,50-59,"Third dose or booster, at least 21 days ago",840,243154,339.3,,316.3,362.3
Male,All causes,2022,July,50-59,"Fourth dose or booster, less than 21 days ago",10,766,1297.2,u,607.2,2409.7
Male,All causes,2022,July,50-59,"Fourth dose or booster, at least 21 days ago",89,3939,2162.9,,1728.3,2671.8
Male,All causes,2022,July,60-69,Unvaccinated,173,9753,1906.4,,1618.2,2194.6
Male,All causes,2022,July,60-69,"First dose, less than 21 days ago",<3,6,x,,x,x
Male,All causes,2022,July,60-69,"First dose, at least 21 days ago",40,1239,3470.9,,2455.7,4756.6
Male,All causes,2022,July,60-69,"Second dose, less than 21 days ago",<3,15,x,,x,x
Male,All causes,2022,July,60-69,"Second dose, at least 21 days ago",246,12023,2244,,1955.9,2532.1
Male,All causes,2022,July,60-69,"Third dose or booster, less than 21 days ago",<3,101,x,,x,x
Male,All causes,2022,July,60-69,"Third dose or booster, at least 21 days ago",1843,214045,869.2,,829.4,908.9
Male,All causes,2022,July,60-69,"Fourth dose or booster, less than 21 days ago",27,1303,1955.2,,1282.2,2853.2
Male,All causes,2022,July,60-69,"Fourth dose or booster, at least 21 days ago",265,6414,3980.3,,3496.2,4464.4
Male,All causes,2022,July,70-79,Unvaccinated,177,4394,4111.2,,3501.8,4720.6
Male,All causes,2022,July,70-79,"First dose, less than 21 days ago",<3,3,x,,x,x
Male,All causes,2022,July,70-79,"First dose, at least 21 days ago",36,469,7987.9,,5573.3,11085.9
Male,All causes,2022,July,70-79,"Second dose, less than 21 days ago",<3,5,x,,x,x
Male,All causes,2022,July,70-79,"Second dose, at least 21 days ago",271,3967,7076.3,,6222.3,7930.3
Male,All causes,2022,July,70-79,"Third dose or booster, less than 21 days ago",3,47,6125.5,u,1175,18114.7
Male,All causes,2022,July,70-79,"Third dose or booster, at least 21 days ago",2873,103140,5466,,5208.8,5723.3
Male,All causes,2022,July,70-79,"Fourth dose or booster, less than 21 days ago",98,3645,2646.6,,2067.4,3319.8
Male,All causes,2022,July,70-79,"Fourth dose or booster, at least 21 days ago",1952,74543,4247,,3890.2,4603.9
Male,All causes,2022,July,80-89,Unvaccinated,152,1533,10029.1,,8432.9,11625.3
Male,All causes,2022,July,80-89,"First dose, less than 21 days ago",<3,1,x,,x,x
Male,All causes,2022,July,80-89,"First dose, at least 21 days ago",30,166,18039.8,,12168.8,25756.3
Male,All causes,2022,July,80-89,"Second dose, less than 21 days ago",<3,2,x,,x,x
Male,All causes,2022,July,80-89,"Second dose, at least 21 days ago",220,1359,16194.1,,14054.1,18334
Male,All causes,2022,July,80-89,"Third dose or booster, less than 21 days ago",9,26,32602.9,u,14786.7,62091.3
Male,All causes,2022,July,80-89,"Third dose or booster, at least 21 days ago",2233,10997,20220.2,,19381.3,21059
Male,All causes,2022,July,80-89,"Fourth dose or booster, less than 21 days ago",145,1622,8931.4,,7477.6,10385.1
Male,All causes,2022,July,80-89,"Fourth dose or booster, at least 21 days ago",4016,65423,6192.1,,6000.5,6383.7
Male,All causes,2022,July,90+,Unvaccinated,85,287,29653.7,,23685.5,36667.8
Male,All causes,2022,July,90+,"First dose, less than 21 days ago",<3,0,x,,x,x
Male,All causes,2022,July,90+,"First dose, at least 21 days ago",12,38,31981,u,16506,55868.3
Male,All causes,2022,July,90+,"Second dose, less than 21 days ago",<3,1,x,,x,x
Male,All causes,2022,July,90+,"Second dose, at least 21 days ago",63,260,24212.9,,18604.8,30979.5
Male,All causes,2022,July,90+,"Third dose or booster, less than 21 days ago",3,8,36981.1,u,7432.6,108052.4
Male,All causes,2022,July,90+,"Third dose or booster, at least 21 days ago",897,2085,43012.6,,40243.4,45922.1
Male,All causes,2022,July,90+,"Fourth dose or booster, less than 21 days ago",74,338,21906.5,,17200.6,27502.1
Male,All causes,2022,July,90+,"Fourth dose or booster, at least 21 days ago",2010,10482,19176.2,,18346.9,20033.3
Male,All causes,2022,August,18-39,Unvaccinated,80,107635,76.3,,60.4,95.1
Male,All causes,2022,August,18-39,"First dose, less than 21 days ago",<3,141,x,,x,x
Male,All causes,2022,August,18-39,"First dose, at least 21 days ago",18,22132,88.9,u,50.5,143.6
Male,All causes,2022,August,18-39,"Second dose, less than 21 days ago",<3,477,x,,x,x
Male,All causes,2022,August,18-39,"Second dose, at least 21 days ago",53,143399,38.2,,28.5,50.1
Male,All causes,2022,August,18-39,"Third dose or booster, less than 21 days ago",<3,1833,x,,x,x
Male,All causes,2022,August,18-39,"Third dose or booster, at least 21 days ago",102,273215,35.3,,28.4,42.2
Male,All causes,2022,August,18-39,"Fourth dose or booster, less than 21 days ago",<3,121,x,,x,x
Male,All causes,2022,August,18-39,"Fourth dose or booster, at least 21 days ago",11,1808,556.6,u,258.9,1025.8
Male,All causes,2022,August,40-49,Unvaccinated,76,30413,259,,203.6,324.7
Male,All causes,2022,August,40-49,"First dose, less than 21 days ago",<3,19,x,,x,x
Male,All causes,2022,August,40-49,"First dose, at least 21 days ago",17,4686,387,u,224,621.8
Male,All causes,2022,August,40-49,"Second dose, less than 21 days ago",<3,56,x,,x,x
Male,All causes,2022,August,40-49,"Second dose, at least 21 days ago",81,43408,195,,154.6,242.6
Male,All causes,2022,August,40-49,"Third dose or booster, less than 21 days ago",<3,406,x,,x,x
Male,All causes,2022,August,40-49,"Third dose or booster, at least 21 days ago",230,183438,124.8,,108.7,141
Male,All causes,2022,August,40-49,"Fourth dose or booster, less than 21 days ago",<3,139,x,,x,x
Male,All causes,2022,August,40-49,"Fourth dose or booster, at least 21 days ago",20,2235,874.7,,529.1,1358.1
Male,All causes,2022,August,50-59,Unvaccinated,117,19532,618.6,,506.2,731
Male,All causes,2022,August,50-59,"First dose, less than 21 days ago",<3,12,x,,x,x
Male,All causes,2022,August,50-59,"First dose, at least 21 days ago",31,2877,1096.1,,743,1558.1
Male,All causes,2022,August,50-59,"Second dose, less than 21 days ago",<3,29,x,,x,x
Male,All causes,2022,August,50-59,"Second dose, at least 21 days ago",154,27762,572.4,,481.5,663.2
Male,All causes,2022,August,50-59,"Third dose or booster, less than 21 days ago",<3,210,x,,x,x
Male,All causes,2022,August,50-59,"Third dose or booster, at least 21 days ago",786,242761,318,,295.8,340.3
Male,All causes,2022,August,50-59,"Fourth dose or booster, less than 21 days ago",4,280,1485.1,u,379.4,3856.4
Male,All causes,2022,August,50-59,"Fourth dose or booster, at least 21 days ago",100,4903,1982.5,,1585.8,2379.2
Male,All causes,2022,August,60-69,Unvaccinated,146,9803,1582.5,,1321.8,1843.1
Male,All causes,2022,August,60-69,"First dose, less than 21 days ago",<3,4,x,,x,x
Male,All causes,2022,August,60-69,"First dose, at least 21 days ago",36,1237,3240.2,,2249.1,4511.9
Male,All causes,2022,August,60-69,"Second dose, less than 21 days ago",<3,9,x,,x,x
Male,All causes,2022,August,60-69,"Second dose, at least 21 days ago",203,12012,1827.2,,1568.8,2085.6
Male,All causes,2022,August,60-69,"Third dose or booster, less than 21 days ago",<3,73,x,,x,x
Male,All causes,2022,August,60-69,"Third dose or booster, at least 21 days ago",1788,213734,845.5,,806.3,884.8
Male,All causes,2022,August,60-69,"Fourth dose or booster, less than 21 days ago",12,438,2590.6,u,1329.1,4540
Male,All causes,2022,August,60-69,"Fourth dose or booster, at least 21 days ago",339,8042,4127.1,,3683.2,4571
Male,All causes,2022,August,70-79,Unvaccinated,168,4408,3926.5,,3329.4,4523.7
Male,All causes,2022,August,70-79,"First dose, less than 21 days ago",<3,2,x,,x,x
Male,All causes,2022,August,70-79,"First dose, at least 21 days ago",24,471,5206.8,,3319.2,7770.2
Male,All causes,2022,August,70-79,"Second dose, less than 21 days ago",<3,3,x,,x,x
Male,All causes,2022,August,70-79,"Second dose, at least 21 days ago",228,3946,5979.1,,5192.3,6766
Male,All causes,2022,August,70-79,"Third dose or booster, less than 21 days ago",<3,23,x,,x,x
Male,All causes,2022,August,70-79,"Third dose or booster, at least 21 days ago",2502,102471,4517.2,,4286.6,4747.8
Male,All causes,2022,August,70-79,"Fourth dose or booster, less than 21 days ago",25,980,2601.8,,1593.9,3962
Male,All causes,2022,August,70-79,"Fourth dose or booster, at least 21 days ago",2205,78082,4707.6,,4361.7,5053.5
Male,All causes,2022,August,80-89,Unvaccinated,120,1532,7924.4,,6504.9,9343.8
Male,All causes,2022,August,80-89,"First dose, less than 21 days ago",<3,1,x,,x,x
Male,All causes,2022,August,80-89,"First dose, at least 21 days ago",30,164,18046.4,,12172.5,25766.8
Male,All causes,2022,August,80-89,"Second dose, less than 21 days ago",<3,1,x,,x,x
Male,All causes,2022,August,80-89,"Second dose, at least 21 days ago",178,1342,13277.4,,11326.8,15228
Male,All causes,2022,August,80-89,"Third dose or booster, less than 21 days ago",<3,10,x,,x,x
Male,All causes,2022,August,80-89,"Third dose or booster, at least 21 days ago",1704,10178,16661.7,,15870.5,17453
Male,All causes,2022,August,80-89,"Fourth dose or booster, less than 21 days ago",23,394,5880.4,,3727.3,8823.9
Male,All causes,2022,August,80-89,"Fourth dose or booster, at least 21 days ago",4320,67752,6426,,6234.3,6617.7
Male,All causes,2022,August,90+,Unvaccinated,65,284,22862.4,,17643.8,29140.6
Male,All causes,2022,August,90+,"First dose, less than 21 days ago",<3,0,x,,x,x
Male,All causes,2022,August,90+,"First dose, at least 21 days ago",17,37,46372.3,u,26997.9,74251
Male,All causes,2022,August,90+,"Second dose, less than 21 days ago",<3,0,x,,x,x
Male,All causes,2022,August,90+,"Second dose, at least 21 days ago",75,257,29191.7,,22960.1,36592.6
Male,All causes,2022,August,90+,"Third dose or booster, less than 21 days ago",<3,2,x,,x,x
Male,All causes,2022,August,90+,"Third dose or booster, at least 21 days ago",673,1928,34910.2,,32322.1,37650.4
Male,All causes,2022,August,90+,"Fourth dose or booster, less than 21 days ago",8,76,10595,u,4562,20877.7
Male,All causes,2022,August,90+,"Fourth dose or booster, at least 21 days ago",2163,10970,19717.5,,18895.2,20566.3
Male,All causes,2022,September,18-39,Unvaccinated,42,104257,41.5,,29.8,56.2
Male,All causes,2022,September,18-39,"First dose, less than 21 days ago",<3,96,x,,x,x
Male,All causes,2022,September,18-39,"First dose, at least 21 days ago",16,21389,87.5,u,48.5,144.3
Male,All causes,2022,September,18-39,"Second dose, less than 21 days ago",<3,270,x,,x,x
Male,All causes,2022,September,18-39,"Second dose, at least 21 days ago",60,138411,45.3,,34.5,58.5
Male,All causes,2022,September,18-39,"Third dose or booster, less than 21 days ago",<3,712,x,,x,x
Male,All causes,2022,September,18-39,"Third dose or booster, at least 21 days ago",115,264954,41.5,,33.9,49.2
Male,All causes,2022,September,18-39,"Fourth dose or booster, less than 21 days ago",<3,901,x,,x,x
Male,All causes,2022,September,18-39,"Fourth dose or booster, at least 21 days ago",10,1890,533.5,u,230.8,1021.5
Male,All causes,2022,September,40-49,Unvaccinated,66,29528,231.4,,178.5,294.9
Male,All causes,2022,September,40-49,"First dose, less than 21 days ago",<3,14,x,,x,x
Male,All causes,2022,September,40-49,"First dose, at least 21 days ago",18,4528,419.6,u,247.1,665.6
Male,All causes,2022,September,40-49,"Second dose, less than 21 days ago",<3,35,x,,x,x
Male,All causes,2022,September,40-49,"Second dose, at least 21 days ago",82,42003,200.9,,159.5,249.7
Male,All causes,2022,September,40-49,"Third dose or booster, less than 21 days ago",<3,120,x,,x,x
Male,All causes,2022,September,40-49,"Third dose or booster, at least 21 days ago",225,176609,126.8,,110.2,143.3
Male,All causes,2022,September,40-49,"Fourth dose or booster, less than 21 days ago",<3,1006,x,,x,x
Male,All causes,2022,September,40-49,"Fourth dose or booster, at least 21 days ago",28,2321,1137,,750.7,1649.7
Male,All causes,2022,September,50-59,Unvaccinated,105,18956,562.7,,454.7,670.6
Male,All causes,2022,September,50-59,"First dose, less than 21 days ago",<3,7,x,,x,x
Male,All causes,2022,September,50-59,"First dose, at least 21 days ago",32,2781,1166.1,,795.8,1648.4
Male,All causes,2022,September,50-59,"Second dose, less than 21 days ago",<3,18,x,,x,x
Male,All causes,2022,September,50-59,"Second dose, at least 21 days ago",161,26874,621.9,,525.4,718.4
Male,All causes,2022,September,50-59,"Third dose or booster, less than 21 days ago",<3,78,x,,x,x
Male,All causes,2022,September,50-59,"Third dose or booster, at least 21 days ago",686,232323,291.8,,269.9,313.7
Male,All causes,2022,September,50-59,"Fourth dose or booster, less than 21 days ago",10,2496,396.2,u,186.8,733.9
Male,All causes,2022,September,50-59,"Fourth dose or booster, at least 21 days ago",105,5065,2000.6,,1609.8,2391.3
Male,All causes,2022,September,60-69,Unvaccinated,123,9540,1322.6,,1084.9,1560.3
Male,All causes,2022,September,60-69,"First dose, less than 21 days ago",<3,3,x,,x,x
Male,All causes,2022,September,60-69,"First dose, at least 21 days ago",24,1201,2121.2,,1340.8,3180.9
Male,All causes,2022,September,60-69,"Second dose, less than 21 days ago",<3,6,x,,x,x
Male,All causes,2022,September,60-69,"Second dose, at least 21 days ago",194,11671,1821.6,,1558.3,2084.8
Male,All causes,2022,September,60-69,"Third dose or booster, less than 21 days ago",<3,28,x,,x,x
Male,All causes,2022,September,60-69,"Third dose or booster, at least 21 days ago",1615,199156,823.4,,783.2,863.6
Male,All causes,2022,September,60-69,"Fourth dose or booster, less than 21 days ago",27,8012,310.7,,182.7,481.5
Male,All causes,2022,September,60-69,"Fourth dose or booster, at least 21 days ago",333,8272,3952.6,,3523.7,4381.5
Male,All causes,2022,September,70-79,Unvaccinated,141,4281,3306.7,,2757.8,3855.6
Male,All causes,2022,September,70-79,"First dose, less than 21 days ago",<3,1,x,,x,x
Male,All causes,2022,September,70-79,"First dose, at least 21 days ago",36,456,7905,,5516.2,10970.1
Male,All causes,2022,September,70-79,"Second dose, less than 21 days ago",<3,2,x,,x,x
Male,All causes,2022,September,70-79,"Second dose, at least 21 days ago",200,3824,5439.6,,4675.4,6203.8
Male,All causes,2022,September,70-79,"Third dose or booster, less than 21 days ago",<3,8,x,,x,x
Male,All causes,2022,September,70-79,"Third dose or booster, at least 21 days ago",2240,91095,4284.1,,4057.5,4510.7
Male,All causes,2022,September,70-79,"Fourth dose or booster, less than 21 days ago",79,9042,1648.1,,1216.3,2158.6
Male,All causes,2022,September,70-79,"Fourth dose or booster, at least 21 days ago",2346,75692,4736,,4395.7,5076.3
Male,All causes,2022,September,80-89,Unvaccinated,109,1486,7421.7,,6026.8,8816.6
Male,All causes,2022,September,80-89,"First dose, less than 21 days ago",<3,1,x,,x,x
Male,All causes,2022,September,80-89,"First dose, at least 21 days ago",21,159,13171.6,,8151.6,20136.9
Male,All causes,2022,September,80-89,"Second dose, less than 21 days ago",<3,0,x,,x,x
Male,All causes,2022,September,80-89,"Second dose, at least 21 days ago",195,1293,15090.4,,12972.3,17208.4
Male,All causes,2022,September,80-89,"Third dose or booster, less than 21 days ago",<3,2,x,,x,x
Male,All causes,2022,September,80-89,"Third dose or booster, at least 21 days ago",1465,9005,16207.5,,15377.5,17037.6
Male,All causes,2022,September,80-89,"Fourth dose or booster, less than 21 days ago",55,734,7415,,5585.5,9652.2
Male,All causes,2022,September,80-89,"Fourth dose or booster, at least 21 days ago",4444,66344,6747.2,,6548.8,6945.7
Male,All causes,2022,September,90+,Unvaccinated,52,275,18913.4,,14124.3,24803
Male,All causes,2022,September,90+,"First dose, less than 21 days ago",<3,0,x,,x,x
Male,All causes,2022,September,90+,"First dose, at least 21 days ago",12,35,34365.7,u,17736.8,60034.1
Male,All causes,2022,September,90+,"Second dose, less than 21 days ago",<3,0,x,,x,x
Male,All causes,2022,September,90+,"Second dose, at least 21 days ago",83,247,33614,,26772.4,41670.2
Male,All causes,2022,September,90+,"Third dose or booster, less than 21 days ago",<3,1,x,,x,x
Male,All causes,2022,September,90+,"Third dose or booster, at least 21 days ago",580,1704,34030.6,,31317,36916.4
Male,All causes,2022,September,90+,"Fourth dose or booster, less than 21 days ago",35,140,25050.4,,17445.9,34840.3
Male,All causes,2022,September,90+,"Fourth dose or booster, at least 21 days ago",2251,10779,20882.4,,20028.6,21763.3
Male,All causes,2022,October,18-39,Unvaccinated,75,107914,73.4,,57.6,92.2
Male,All causes,2022,October,18-39,"First dose, less than 21 days ago",<3,76,x,,x,x
Male,All causes,2022,October,18-39,"First dose, at least 21 days ago",13,22170,82.6,u,42.5,143.4
Male,All causes,2022,October,18-39,"Second dose, less than 21 days ago",<3,195,x,,x,x
Male,All causes,2022,October,18-39,"Second dose, at least 21 days ago",61,143669,47.1,,36,60.7
Male,All causes,2022,October,18-39,"Third dose or booster, less than 21 days ago",<3,54,x,,x,x
Male,All causes,2022,October,18-39,"Third dose or booster, at least 21 days ago",108,264491,39.8,,32.2,47.4
Male,All causes,2022,October,18-39,"Fourth dose or booster, less than 21 days ago",7,7390,77,u,30.2,159.9
Male,All causes,2022,October,18-39,"Fourth dose or booster, at least 21 days ago",16,4615,306.2,u,166,510.4
Male,All causes,2022,October,40-49,Unvaccinated,49,30614,163.6,,120.6,216.7
Male,All causes,2022,October,40-49,"First dose, less than 21 days ago",<3,11,x,,x,x
Male,All causes,2022,October,40-49,"First dose, at least 21 days ago",17,4670,388.3,u,224.7,623.8
Male,All causes,2022,October,40-49,"Second dose, less than 21 days ago",<3,32,x,,x,x
Male,All causes,2022,October,40-49,"Second dose, at least 21 days ago",73,43599,175.1,,137,220.5
Male,All causes,2022,October,40-49,"Third dose or booster, less than 21 days ago",<3,12,x,,x,x
Male,All causes,2022,October,40-49,"Third dose or booster, at least 21 days ago",216,171040,125.4,,108.7,142.2
Male,All causes,2022,October,40-49,"Fourth dose or booster, less than 21 days ago",16,9153,172.7,u,97.4,282.3
Male,All causes,2022,October,40-49,"Fourth dose or booster, at least 21 days ago",34,5575,590.4,,406.5,828.2
Male,All causes,2022,October,50-59,Unvaccinated,123,19661,636.5,,523.7,749.3
Male,All causes,2022,October,50-59,"First dose, less than 21 days ago",<3,5,x,,x,x
Male,All causes,2022,October,50-59,"First dose, at least 21 days ago",33,2868,1183,,812.7,1663.6
Male,All causes,2022,October,50-59,"Second dose, less than 21 days ago",<3,17,x,,x,x
Male,All causes,2022,October,50-59,"Second dose, at least 21 days ago",155,27891,575,,484.1,666
Male,All causes,2022,October,50-59,"Third dose or booster, less than 21 days ago",<3,8,x,,x,x
Male,All causes,2022,October,50-59,"Third dose or booster, at least 21 days ago",703,201503,344.6,,319.1,370.1
Male,All causes,2022,October,50-59,"Fourth dose or booster, less than 21 days ago",62,32748,187.3,,142.6,241.3
Male,All causes,2022,October,50-59,"Fourth dose or booster, at least 21 days ago",151,13346,1102.7,,923.4,1281.9
Male,All causes,2022,October,60-69,Unvaccinated,139,9913,1513.7,,1258.3,1769.1
Male,All causes,2022,October,60-69,"First dose, less than 21 days ago",<3,4,x,,x,x
Male,All causes,2022,October,60-69,"First dose, at least 21 days ago",30,1246,2482.3,,1653.9,3571
Male,All causes,2022,October,60-69,"Second dose, less than 21 days ago",<3,6,x,,x,x
Male,All causes,2022,October,60-69,"Second dose, at least 21 days ago",217,12147,1980.2,,1709.9,2250.5
Male,All causes,2022,October,60-69,"Third dose or booster, less than 21 days ago",<3,4,x,,x,x
Male,All causes,2022,October,60-69,"Third dose or booster, at least 21 days ago",1514,131737,1276.2,,1209.9,1342.6
Male,All causes,2022,October,60-69,"Fourth dose or booster, less than 21 days ago",196,58825,323.6,,277.1,370.2
Male,All causes,2022,October,60-69,"Fourth dose or booster, at least 21 days ago",556,32365,1767.7,,1606.1,1929.3
Male,All causes,2022,October,70-79,Unvaccinated,165,4434,3829.7,,3242.3,4417.1
Male,All causes,2022,October,70-79,"First dose, less than 21 days ago",<3,1,x,,x,x
Male,All causes,2022,October,70-79,"First dose, at least 21 days ago",31,471,6590.8,,4460.3,9378.5
Male,All causes,2022,October,70-79,"Second dose, less than 21 days ago",<3,2,x,,x,x
Male,All causes,2022,October,70-79,"Second dose, at least 21 days ago",222,3966,5839.4,,5060.9,6617.9
Male,All causes,2022,October,70-79,"Third dose or booster, less than 21 days ago",<3,2,x,,x,x
Male,All causes,2022,October,70-79,"Third dose or booster, at least 21 days ago",1924,42948,5798.2,,5493.5,6103
Male,All causes,2022,October,70-79,"Fourth dose or booster, less than 21 days ago",308,38030,1457.7,,1225.5,1689.9
Male,All causes,2022,October,70-79,"Fourth dose or booster, at least 21 days ago",2875,100811,2654.8,,2539.8,2769.8
Male,All causes,2022,October,80-89,Unvaccinated,144,1539,9556.9,,7994,11119.9
Male,All causes,2022,October,80-89,"First dose, less than 21 days ago",<3,1,x,,x,x
Male,All causes,2022,October,80-89,"First dose, at least 21 days ago",27,163,16497.2,,10871.7,24002.7
Male,All causes,2022,October,80-89,"Second dose, less than 21 days ago",<3,1,x,,x,x
Male,All causes,2022,October,80-89,"Second dose, at least 21 days ago",206,1330,15482.6,,13368.3,17596.9
Male,All causes,2022,October,80-89,"Third dose or booster, less than 21 days ago",<3,1,x,,x,x
Male,All causes,2022,October,80-89,"Third dose or booster, at least 21 days ago",1355,6376,21216,,20086.3,22345.7
Male,All causes,2022,October,80-89,"Fourth dose or booster, less than 21 days ago",173,2086,8243.5,,7014.6,9472.4
Male,All causes,2022,October,80-89,"Fourth dose or booster, at least 21 days ago",5462,70401,7817.8,,7610.4,8025.2
Male,All causes,2022,October,90+,Unvaccinated,68,284,23963.5,,18607.7,30380.1
Male,All causes,2022,October,90+,"First dose, less than 21 days ago",<3,0,x,,x,x
Male,All causes,2022,October,90+,"First dose, at least 21 days ago",23,35,65528.5,,41525.8,98329.8
Male,All causes,2022,October,90+,"Second dose, less than 21 days ago",<3,0,x,,x,x
Male,All causes,2022,October,90+,"Second dose, at least 21 days ago",85,252,33711.5,,26926.6,41685.4
Male,All causes,2022,October,90+,"Third dose or booster, less than 21 days ago",<3,0,x,,x,x
Male,All causes,2022,October,90+,"Third dose or booster, at least 21 days ago",567,1195,47449,,43623.1,51520.4
Male,All causes,2022,October,90+,"Fourth dose or booster, less than 21 days ago",91,401,22675,,18255.9,27840.3
Male,All causes,2022,October,90+,"Fourth dose or booster, at least 21 days ago",2780,11468,24240.5,,23347.7,25158.7
Male,All causes,2022,November,18-39,Unvaccinated,54,104629,55,,41.2,71.9
Male,All causes,2022,November,18-39,"First dose, less than 21 days ago",<3,57,x,,x,x
Male,All causes,2022,November,18-39,"First dose, at least 21 days ago",16,21589,86.4,u,46.6,144.3
Male,All causes,2022,November,18-39,"Second dose, less than 21 days ago",<3,131,x,,x,x
Male,All causes,2022,November,18-39,"Second dose, at least 21 days ago",54,139654,41.9,,31.4,54.8
Male,All causes,2022,November,18-39,"Third dose or booster, less than 21 days ago",<3,16,x,,x,x
Male,All causes,2022,November,18-39,"Third dose or booster, at least 21 days ago",79,246336,31.1,,24.6,38.8
Male,All causes,2022,November,18-39,"Fourth dose or booster, less than 21 days ago",<3,5385,x,,x,x
Male,All causes,2022,November,18-39,"Fourth dose or booster, at least 21 days ago",34,15021,207.7,,139.2,296.3
Male,All causes,2022,November,40-49,Unvaccinated,66,29731,231.9,,178.9,295.6
Male,All causes,2022,November,40-49,"First dose, less than 21 days ago",<3,8,x,,x,x
Male,All causes,2022,November,40-49,"First dose, at least 21 days ago",9,4520,200.3,u,90.4,382.2
Male,All causes,2022,November,40-49,"Second dose, less than 21 days ago",<3,21,x,,x,x
Male,All causes,2022,November,40-49,"Second dose, at least 21 days ago",88,42366,218.2,,174.8,269.2
Male,All causes,2022,November,40-49,"Third dose or booster, less than 21 days ago",<3,4,x,,x,x
Male,All causes,2022,November,40-49,"Third dose or booster, at least 21 days ago",167,155111,107.5,,91.2,123.8
Male,All causes,2022,November,40-49,"Fourth dose or booster, less than 21 days ago",15,6113,238.5,u,131.5,396.3
Male,All causes,2022,November,40-49,"Fourth dose or booster, at least 21 days ago",59,18241,316.9,,240,410.2
Male,All causes,2022,November,50-59,Unvaccinated,101,19094,534,,429.6,638.5
Male,All causes,2022,November,50-59,"First dose, less than 21 days ago",<3,5,x,,x,x
Male,All causes,2022,November,50-59,"First dose, at least 21 days ago",28,2773,1029.7,,682.7,1490.4
Male,All causes,2022,November,50-59,"Second dose, less than 21 days ago",<3,12,x,,x,x
Male,All causes,2022,November,50-59,"Second dose, at least 21 days ago",170,27122,650.5,,552.3,748.8
Male,All causes,2022,November,50-59,"Third dose or booster, less than 21 days ago",<3,4,x,,x,x
Male,All causes,2022,November,50-59,"Third dose or booster, at least 21 days ago",532,122881,435.8,,398.8,472.8
Male,All causes,2022,November,50-59,"Fourth dose or booster, less than 21 days ago",62,48656,127.5,,97.5,163.8
Male,All causes,2022,November,50-59,"Fourth dose or booster, at least 21 days ago",296,67704,428.5,,378.6,478.3
Male,All causes,2022,November,60-69,Unvaccinated,127,9637,1375,,1132,1618
Male,All causes,2022,November,60-69,"First dose, less than 21 days ago",<3,3,x,,x,x
Male,All causes,2022,November,60-69,"First dose, at least 21 days ago",37,1213,3064.5,,2134.3,4253.9
Male,All causes,2022,November,60-69,"Second dose, less than 21 days ago",<3,6,x,,x,x
Male,All causes,2022,November,60-69,"Second dose, at least 21 days ago",200,11845,1783.2,,1528.9,2037.5
Male,All causes,2022,November,60-69,"Third dose or booster, less than 21 days ago",<3,2,x,,x,x
Male,All causes,2022,November,60-69,"Third dose or booster, at least 21 days ago",1013,63516,1836.8,,1719.3,1954.3
Male,All causes,2022,November,60-69,"Fourth dose or booster, less than 21 days ago",129,38365,402,,329.7,474.3
Male,All causes,2022,November,60-69,"Fourth dose or booster, at least 21 days ago",1000,114145,849.5,,795.7,903.3
Male,All causes,2022,November,70-79,Unvaccinated,154,4307,3700.6,,3113.3,4287.9
Male,All causes,2022,November,70-79,"First dose, less than 21 days ago",<3,2,x,,x,x
Male,All causes,2022,November,70-79,"First dose, at least 21 days ago",30,455,6910.5,,4645.5,9887.3
Male,All causes,2022,November,70-79,"Second dose, less than 21 days ago",<3,3,x,,x,x
Male,All causes,2022,November,70-79,"Second dose, at least 21 days ago",218,3859,5950.5,,5150.4,6750.6
Male,All causes,2022,November,70-79,"Third dose or booster, less than 21 days ago",<3,0,x,,x,x
Male,All causes,2022,November,70-79,"Third dose or booster, at least 21 days ago",1336,19495,7592.4,,7158.1,8026.6
Male,All causes,2022,November,70-79,"Fourth dose or booster, less than 21 days ago",178,11353,2311.4,,1869.5,2753.3
Male,All causes,2022,November,70-79,"Fourth dose or booster, at least 21 days ago",3435,145135,2256,,2179.7,2332.3
Male,All causes,2022,November,80-89,Unvaccinated,143,1486,9746.6,,8147.1,11346
Male,All causes,2022,November,80-89,"First dose, less than 21 days ago",<3,1,x,,x,x
Male,All causes,2022,November,80-89,"First dose, at least 21 days ago",36,156,23029.2,,16129.4,31882.1
Male,All causes,2022,November,80-89,"Second dose, less than 21 days ago",<3,1,x,,x,x
Male,All causes,2022,November,80-89,"Second dose, at least 21 days ago",175,1284,13629.8,,11610.3,15649.2
Male,All causes,2022,November,80-89,"Third dose or booster, less than 21 days ago",<3,1,x,,x,x
Male,All causes,2022,November,80-89,"Third dose or booster, at least 21 days ago",933,4403,21219.4,,19857.8,22581.1
Male,All causes,2022,November,80-89,"Fourth dose or booster, less than 21 days ago",88,972,9006.4,,7221.8,11098.1
Male,All causes,2022,November,80-89,"Fourth dose or booster, at least 21 days ago",5544,71164,7845.5,,7638.9,8052.1
Male,All causes,2022,November,90+,Unvaccinated,52,273,19078.1,,14247.3,25019
Male,All causes,2022,November,90+,"First dose, less than 21 days ago",<3,0,x,,x,x
Male,All causes,2022,November,90+,"First dose, at least 21 days ago",16,33,48381.5,u,27636.1,78573.5
Male,All causes,2022,November,90+,"Second dose, less than 21 days ago",<3,0,x,,x,x
Male,All causes,2022,November,90+,"Second dose, at least 21 days ago",78,242,32206.8,,25457.1,40196.2
Male,All causes,2022,November,90+,"Third dose or booster, less than 21 days ago",<3,0,x,,x,x
Male,All causes,2022,November,90+,"Third dose or booster, at least 21 days ago",384,792,48464.1,,43737.2,53562.5
Male,All causes,2022,November,90+,"Fourth dose or booster, less than 21 days ago",35,199,17578,,12241.8,24447.6
Male,All causes,2022,November,90+,"Fourth dose or booster, at least 21 days ago",2695,11667,23099.4,,22235.4,23988.3
Male,All causes,2022,December,18-39,Unvaccinated,53,108349,53,,39.6,69.6
Male,All causes,2022,December,18-39,"First dose, less than 21 days ago",<3,40,x,,x,x
Male,All causes,2022,December,18-39,"First dose, at least 21 days ago",9,22445,62,u,28,118.3
Male,All causes,2022,December,18-39,"Second dose, less than 21 days ago",<3,107,x,,x,x
Male,All causes,2022,December,18-39,"Second dose, at least 21 days ago",57,144869,41.9,,31.6,54.5
Male,All causes,2022,December,18-39,"Third dose or booster, less than 21 days ago",<3,8,x,,x,x
Male,All causes,2022,December,18-39,"Third dose or booster, at least 21 days ago",101,249910,39,,31.3,46.7
Male,All causes,2022,December,18-39,"Fourth dose or booster, less than 21 days ago",3,2287,113.6,u,22.4,334.3
Male,All causes,2022,December,18-39,"Fourth dose or booster, at least 21 days ago",54,22620,256.2,,188.2,339.6
Male,All causes,2022,December,40-49,Unvaccinated,66,30829,222.9,,171.9,284.1
Male,All causes,2022,December,40-49,"First dose, less than 21 days ago",<3,5,x,,x,x
Male,All causes,2022,December,40-49,"First dose, at least 21 days ago",17,4678,388.2,u,224.6,623.8
Male,All causes,2022,December,40-49,"Second dose, less than 21 days ago",<3,16,x,,x,x
Male,All causes,2022,December,40-49,"Second dose, at least 21 days ago",80,43956,190.9,,151.2,237.9
Male,All causes,2022,December,40-49,"Third dose or booster, less than 21 days ago",<3,2,x,,x,x
Male,All causes,2022,December,40-49,"Third dose or booster, at least 21 days ago",174,155924,111.6,,95,128.1
Male,All causes,2022,December,40-49,"Fourth dose or booster, less than 21 days ago",6,2440,223.9,u,80.6,490.2
Male,All causes,2022,December,40-49,"Fourth dose or booster, at least 21 days ago",100,26713,357.7,,286.5,428.9
Male,All causes,2022,December,50-59,Unvaccinated,163,19788,835.4,,706.8,964
Male,All causes,2022,December,50-59,"First dose, less than 21 days ago",<3,3,x,,x,x
Male,All causes,2022,December,50-59,"First dose, at least 21 days ago",28,2872,994.4,,659.2,1439.2
Male,All causes,2022,December,50-59,"Second dose, less than 21 days ago",<3,8,x,,x,x
Male,All causes,2022,December,50-59,"Second dose, at least 21 days ago",197,28144,717.4,,616.7,818
Male,All causes,2022,December,50-59,"Third dose or booster, less than 21 days ago",<3,2,x,,x,x
Male,All causes,2022,December,50-59,"Third dose or booster, at least 21 days ago",522,100354,524.7,,479.6,569.7
Male,All causes,2022,December,50-59,"Fourth dose or booster, less than 21 days ago",21,13935,151,,93.5,230.9
Male,All causes,2022,December,50-59,"Fourth dose or booster, at least 21 days ago",524,132588,374.7,,342.2,407.2
Male,All causes,2022,December,60-69,Unvaccinated,197,10011,2003.3,,1718.9,2287.7
Male,All causes,2022,December,60-69,"First dose, less than 21 days ago",<3,2,x,,x,x
Male,All causes,2022,December,60-69,"First dose, at least 21 days ago",49,1258,4158.2,,3049.9,5530
Male,All causes,2022,December,60-69,"Second dose, less than 21 days ago",<3,4,x,,x,x
Male,All causes,2022,December,60-69,"Second dose, at least 21 days ago",267,12337,2349.9,,2060.3,2639.5
Male,All causes,2022,December,60-69,"Third dose or booster, less than 21 days ago",<3,1,x,,x,x
Male,All causes,2022,December,60-69,"Third dose or booster, at least 21 days ago",987,50368,2181.2,,2040.3,2322.1
Male,All causes,2022,December,60-69,"Fourth dose or booster, less than 21 days ago",61,7598,970.4,,729.5,1261.8
Male,All causes,2022,December,60-69,"Fourth dose or booster, at least 21 days ago",1642,165510,979.6,,932.2,1027.1
Male,All causes,2022,December,70-79,Unvaccinated,230,4464,5268.3,,4584,5952.7
Male,All causes,2022,December,70-79,"First dose, less than 21 days ago",<3,1,x,,x,x
Male,All causes,2022,December,70-79,"First dose, at least 21 days ago",49,471,10861.1,,8013.8,14385.4
Male,All causes,2022,December,70-79,"Second dose, less than 21 days ago",<3,2,x,,x,x
Male,All causes,2022,December,70-79,"Second dose, at least 21 days ago",274,4001,7175.3,,6315,8035.5
Male,All causes,2022,December,70-79,"Third dose or booster, less than 21 days ago",<3,0,x,,x,x
Male,All causes,2022,December,70-79,"Third dose or booster, at least 21 days ago",1209,16076,8082.1,,7607.5,8556.7
Male,All causes,2022,December,70-79,"Fourth dose or booster, less than 21 days ago",68,1960,4952.5,,3644.7,6519.4
Male,All causes,2022,December,70-79,"Fourth dose or booster, at least 21 days ago",5120,163801,3044.8,,2961,3128.5
Male,All causes,2022,December,80-89,Unvaccinated,195,1532,12845.8,,11040.7,14650.8
Male,All causes,2022,December,80-89,"First dose, less than 21 days ago",<3,0,x,,x,x
Male,All causes,2022,December,80-89,"First dose, at least 21 days ago",39,160,24388.7,,17342.7,33340.2
Male,All causes,2022,December,80-89,"Second dose, less than 21 days ago",<3,1,x,,x,x
Male,All causes,2022,December,80-89,"Second dose, at least 21 days ago",238,1323,17993,,15707,20279
Male,All causes,2022,December,80-89,"Third dose or booster, less than 21 days ago",<3,0,x,,x,x
Male,All causes,2022,December,80-89,"Third dose or booster, at least 21 days ago",941,4023,23496.9,,21995.3,24998.5
Male,All causes,2022,December,80-89,"Fourth dose or booster, less than 21 days ago",46,257,17511.1,,12811.1,23369.1
Male,All causes,2022,December,80-89,"Fourth dose or booster, at least 21 days ago",7851,74940,10552.9,,10319.4,10786.4
Male,All causes,2022,December,90+,Unvaccinated,85,280,30357.1,,24247.4,37537.6
Male,All causes,2022,December,90+,"First dose, less than 21 days ago",<3,0,x,,x,x
Male,All causes,2022,December,90+,"First dose, at least 21 days ago",14,33,41920.8,u,22899.1,70340.7
Male,All causes,2022,December,90+,"Second dose, less than 21 days ago",<3,0,x,,x,x
Male,All causes,2022,December,90+,"Second dose, at least 21 days ago",107,247,43286.6,,35473.5,52308
Male,All causes,2022,December,90+,"Third dose or booster, less than 21 days ago",<3,0,x,,x,x
Male,All causes,2022,December,90+,"Third dose or booster, at least 21 days ago",364,685,53158.3,,47836.7,58909.9
Male,All causes,2022,December,90+,"Fourth dose or booster, less than 21 days ago",19,64,29845.8,u,17960.7,46610.6
Male,All causes,2022,December,90+,"Fourth dose or booster, at least 21 days ago",4105,12295,33387.9,,32374.3,34425.3
Male,All causes,2023,January,18-39,Unvaccinated,39,108582,39.8,,28.2,54.6
Male,All causes,2023,January,18-39,"First dose, less than 21 days ago",<3,45,x,,x,x
Male,All causes,2023,January,18-39,"First dose, at least 21 days ago",13,22588,80.1,u,41.8,138.1
Male,All causes,2023,January,18-39,"Second dose, less than 21 days ago",<3,90,x,,x,x
Male,All causes,2023,January,18-39,"Second dose, at least 21 days ago",47,145388,35.6,,26,47.5
Male,All causes,2023,January,18-39,"Third dose or booster, less than 21 days ago",<3,6,x,,x,x
Male,All causes,2023,January,18-39,"Third dose or booster, at least 21 days ago",66,247885,25.7,,19.8,32.7
Male,All causes,2023,January,18-39,"Fourth dose or booster, less than 21 days ago",<3,718,x,,x,x
Male,All causes,2023,January,18-39,"Fourth dose or booster, at least 21 days ago",46,25342,155.7,,112.7,209.3
Male,All causes,2023,January,40-49,Unvaccinated,44,30938,143.2,,103.7,192.7
Male,All causes,2023,January,40-49,"First dose, less than 21 days ago",<3,7,x,,x,x
Male,All causes,2023,January,40-49,"First dose, at least 21 days ago",21,4685,495.6,,305.4,759.5
Male,All causes,2023,January,40-49,"Second dose, less than 21 days ago",<3,12,x,,x,x
Male,All causes,2023,January,40-49,"Second dose, at least 21 days ago",70,44105,164.1,,127.6,207.6
Male,All causes,2023,January,40-49,"Third dose or booster, less than 21 days ago",<3,1,x,,x,x
Male,All causes,2023,January,40-49,"Third dose or booster, at least 21 days ago",143,154509,92.6,,77.4,107.7
Male,All causes,2023,January,40-49,"Fourth dose or booster, less than 21 days ago",<3,736,x,,x,x
Male,All causes,2023,January,40-49,"Fourth dose or booster, at least 21 days ago",102,29438,340.2,,273.2,407.2
Male,All causes,2023,January,50-59,Unvaccinated,144,19842,751,,628,874
Male,All causes,2023,January,50-59,"First dose, less than 21 days ago",<3,4,x,,x,x
Male,All causes,2023,January,50-59,"First dose, at least 21 days ago",37,2877,1333.4,,937.2,1840
Male,All causes,2023,January,50-59,"Second dose, less than 21 days ago",<3,7,x,,x,x
Male,All causes,2023,January,50-59,"Second dose, at least 21 days ago",175,28275,639.6,,544.4,734.8
Male,All causes,2023,January,50-59,"Third dose or booster, less than 21 days ago",<3,1,x,,x,x
Male,All causes,2023,January,50-59,"Third dose or booster, at least 21 days ago",412,95133,436.8,,394.6,479
Male,All causes,2023,January,50-59,"Fourth dose or booster, less than 21 days ago",7,3078,240.2,u,96.1,495.9
Male,All causes,2023,January,50-59,"Fourth dose or booster, at least 21 days ago",549,148246,355.6,,325.5,385.7
Male,All causes,2023,January,60-69,Unvaccinated,160,10068,1675.4,,1411.6,1939.1
Male,All causes,2023,January,60-69,"First dose, less than 21 days ago",<3,1,x,,x,x
Male,All causes,2023,January,60-69,"First dose, at least 21 days ago",39,1262,3263.1,,2297.1,4490.3
Male,All causes,2023,January,60-69,"Second dose, less than 21 days ago",<3,3,x,,x,x
Male,All causes,2023,January,60-69,"Second dose, at least 21 days ago",210,12436,1826.4,,1572.5,2080.3
Male,All causes,2023,January,60-69,"Third dose or booster, less than 21 days ago",<3,0,x,,x,x
Male,All causes,2023,January,60-69,"Third dose or booster, at least 21 days ago",795,48051,1847.5,,1714.8,1980.1
Male,All causes,2023,January,60-69,"Fourth dose or booster, less than 21 days ago",11,1345,1045,u,496.5,1909.3
Male,All causes,2023,January,60-69,"Fourth dose or booster, at least 21 days ago",1677,174347,953,,907.4,998.7
Male,All causes,2023,January,70-79,Unvaccinated,207,4470,4724.3,,4077.4,5371.1
Male,All causes,2023,January,70-79,"First dose, less than 21 days ago",<3,1,x,,x,x
Male,All causes,2023,January,70-79,"First dose, at least 21 days ago",34,469,7464.9,,5152.2,10454
Male,All causes,2023,January,70-79,"Second dose, less than 21 days ago",<3,1,x,,x,x
Male,All causes,2023,January,70-79,"Second dose, at least 21 days ago",243,4018,6292.6,,5491.5,7093.7
Male,All causes,2023,January,70-79,"Third dose or booster, less than 21 days ago",<3,0,x,,x,x
Male,All causes,2023,January,70-79,"Third dose or booster, at least 21 days ago",966,15504,6719.3,,6279.9,7158.6
Male,All causes,2023,January,70-79,"Fourth dose or booster, less than 21 days ago",13,328,5866.8,u,2815.1,10501.2
Male,All causes,2023,January,70-79,"Fourth dose or booster, at least 21 days ago",4657,165931,2741.9,,2662.9,2821
Male,All causes,2023,January,80-89,Unvaccinated,188,1527,12435.1,,10655.2,14215
Male,All causes,2023,January,80-89,"First dose, less than 21 days ago",<3,0,x,,x,x
Male,All causes,2023,January,80-89,"First dose, at least 21 days ago",37,159,23313.8,,16414.5,32135.7
Male,All causes,2023,January,80-89,"Second dose, less than 21 days ago",<3,0,x,,x,x
Male,All causes,2023,January,80-89,"Second dose, at least 21 days ago",227,1316,17260.9,,15015.5,19506.4
Male,All causes,2023,January,80-89,"Third dose or booster, less than 21 days ago",<3,0,x,,x,x
Male,All causes,2023,January,80-89,"Third dose or booster, at least 21 days ago",748,3885,19383.4,,17993.9,20772.9
Male,All causes,2023,January,80-89,"Fourth dose or booster, less than 21 days ago",13,52,24482.8,u,13012.4,41902.3
Male,All causes,2023,January,80-89,"Fourth dose or booster, at least 21 days ago",7291,75298,9754.3,,9530.3,9978.2
Male,All causes,2023,January,90+,Unvaccinated,83,278,29846,,23771.3,36999.1
Male,All causes,2023,January,90+,"First dose, less than 21 days ago",<3,0,x,,x,x
Male,All causes,2023,January,90+,"First dose, at least 21 days ago",10,33,30452.7,u,14578.9,56007.5
Male,All causes,2023,January,90+,"Second dose, less than 21 days ago",<3,0,x,,x,x
Male,All causes,2023,January,90+,"Second dose, at least 21 days ago",84,244,34406.9,,27443.3,42598.8
Male,All causes,2023,January,90+,"Third dose or booster, less than 21 days ago",<3,0,x,,x,x
Male,All causes,2023,January,90+,"Third dose or booster, at least 21 days ago",274,647,42336.5,,37471.3,47658
Male,All causes,2023,January,90+,"Fourth dose or booster, less than 21 days ago",<3,13,x,,x,x
Male,All causes,2023,January,90+,"Fourth dose or booster, at least 21 days ago",3756,12300,30537.4,,29568.5,31529.9
Male,All causes,2023,February,18-39,Unvaccinated,23,98270,24.2,,15.2,36.4
Male,All causes,2023,February,18-39,"First dose, less than 21 days ago",<3,39,x,,x,x
Male,All causes,2023,February,18-39,"First dose, at least 21 days ago",5,20547,25.1,u,5.7,63.6
Male,All causes,2023,February,18-39,"Second dose, less than 21 days ago",<3,73,x,,x,x
Male,All causes,2023,February,18-39,"Second dose, at least 21 days ago",40,131696,32.5,,23.1,44.4
Male,All causes,2023,February,18-39,"Third dose or booster, less than 21 days ago",<3,6,x,,x,x
Male,All causes,2023,February,18-39,"Third dose or booster, at least 21 days ago",41,222535,17.7,,12.7,24.1
Male,All causes,2023,February,18-39,"Fourth dose or booster, less than 21 days ago",<3,437,x,,x,x
Male,All causes,2023,February,18-39,"Fourth dose or booster, at least 21 days ago",43,23617,176.8,,124.8,242.2
Male,All causes,2023,February,40-49,Unvaccinated,40,28050,148.6,,105.8,202.8
Male,All causes,2023,February,40-49,"First dose, less than 21 days ago",<3,6,x,,x,x
Male,All causes,2023,February,40-49,"First dose, at least 21 days ago",12,4242,289.8,u,148.1,508.7
Male,All causes,2023,February,40-49,"Second dose, less than 21 days ago",<3,12,x,,x,x
Male,All causes,2023,February,40-49,"Second dose, at least 21 days ago",56,39990,149.2,,112.5,194
Male,All causes,2023,February,40-49,"Third dose or booster, less than 21 days ago",<3,1,x,,x,x
Male,All causes,2023,February,40-49,"Third dose or booster, at least 21 days ago",109,138642,78.7,,63.9,93.4
Male,All causes,2023,February,40-49,"Fourth dose or booster, less than 21 days ago",<3,542,x,,x,x
Male,All causes,2023,February,40-49,"Fourth dose or booster, at least 21 days ago",76,27226,286.1,,224.5,359.1
Male,All causes,2023,February,50-59,Unvaccinated,94,17983,533.3,,430.7,653
Male,All causes,2023,February,50-59,"First dose, less than 21 days ago",<3,3,x,,x,x
Male,All causes,2023,February,50-59,"First dose, at least 21 days ago",18,2607,714.7,u,422.3,1131.3
Male,All causes,2023,February,50-59,"Second dose, less than 21 days ago",<3,5,x,,x,x
Male,All causes,2023,February,50-59,"Second dose, at least 21 days ago",114,25667,453.4,,369.8,537
Male,All causes,2023,February,50-59,"Third dose or booster, less than 21 days ago",<3,0,x,,x,x
Male,All causes,2023,February,50-59,"Third dose or booster, at least 21 days ago",332,84666,395.5,,352.9,438.1
Male,All causes,2023,February,50-59,"Fourth dose or booster, less than 21 days ago",6,1077,603.9,u,220.6,1316.2
Male,All causes,2023,February,50-59,"Fourth dose or booster, at least 21 days ago",458,136452,324.9,,294.8,355
Male,All causes,2023,February,60-69,Unvaccinated,130,9153,1501.3,,1239.1,1763.5
Male,All causes,2023,February,60-69,"First dose, less than 21 days ago",<3,2,x,,x,x
Male,All causes,2023,February,60-69,"First dose, at least 21 days ago",29,1149,2705.3,,1789.9,3901.7
Male,All causes,2023,February,60-69,"Second dose, less than 21 days ago",<3,2,x,,x,x
Male,All causes,2023,February,60-69,"Second dose, at least 21 days ago",181,11329,1727.1,,1468.6,1985.6
Male,All causes,2023,February,60-69,"Third dose or booster, less than 21 days ago",<3,1,x,,x,x
Male,All causes,2023,February,60-69,"Third dose or booster, at least 21 days ago",591,42879,1526.6,,1399.5,1653.7
Male,All causes,2023,February,60-69,"Fourth dose or booster, less than 21 days ago",6,521,1153.7,u,387.7,2577.4
Male,All causes,2023,February,60-69,"Fourth dose or booster, at least 21 days ago",1428,159030,889.8,,843.6,936
Male,All causes,2023,February,70-79,Unvaccinated,171,4049,4310.1,,3660.9,4959.3
Male,All causes,2023,February,70-79,"First dose, less than 21 days ago",<3,0,x,,x,x
Male,All causes,2023,February,70-79,"First dose, at least 21 days ago",31,425,7481.6,,5064.9,10643.6
Male,All causes,2023,February,70-79,"Second dose, less than 21 days ago",<3,1,x,,x,x
Male,All causes,2023,February,70-79,"Second dose, at least 21 days ago",181,3657,5131.8,,4374.9,5888.7
Male,All causes,2023,February,70-79,"Third dose or booster, less than 21 days ago",<3,0,x,,x,x
Male,All causes,2023,February,70-79,"Third dose or booster, at least 21 days ago",701,13832,5509.3,,5087.8,5930.9
Male,All causes,2023,February,70-79,"Fourth dose or booster, less than 21 days ago",3,156,2188,u,227.8,6935.5
Male,All causes,2023,February,70-79,"Fourth dose or booster, at least 21 days ago",3900,150239,2531.3,,2451.5,2611
Male,All causes,2023,February,80-89,Unvaccinated,139,1380,10163.4,,8471.6,11855.2
Male,All causes,2023,February,80-89,"First dose, less than 21 days ago",<3,0,x,,x,x
Male,All causes,2023,February,80-89,"First dose, at least 21 days ago",19,142,13345.2,u,8034.2,20841
Male,All causes,2023,February,80-89,"Second dose, less than 21 days ago",<3,0,x,,x,x
Male,All causes,2023,February,80-89,"Second dose, at least 21 days ago",186,1184,15701.8,,13445.2,17958.4
Male,All causes,2023,February,80-89,"Third dose or booster, less than 21 days ago",<3,0,x,,x,x
Male,All causes,2023,February,80-89,"Third dose or booster, at least 21 days ago",521,3459,15169,,13865.9,16472
Male,All causes,2023,February,80-89,"Fourth dose or booster, less than 21 days ago",5,29,17334,u,5628,40452.5
Male,All causes,2023,February,80-89,"Fourth dose or booster, at least 21 days ago",5767,68317,8503.3,,8283.7,8722.8
Male,All causes,2023,February,90+,Unvaccinated,59,251,23539,,17917.9,30364.3
Male,All causes,2023,February,90+,"First dose, less than 21 days ago",<3,0,x,,x,x
Male,All causes,2023,February,90+,"First dose, at least 21 days ago",10,30,33521.5,u,16048,61651.5
Male,All causes,2023,February,90+,"Second dose, less than 21 days ago",<3,0,x,,x,x
Male,All causes,2023,February,90+,"Second dose, at least 21 days ago",43,222,19331.6,,13988.9,26040.3
Male,All causes,2023,February,90+,"Third dose or booster, less than 21 days ago",<3,0,x,,x,x
Male,All causes,2023,February,90+,"Third dose or booster, at least 21 days ago",211,572,36882.1,,32072.9,42208.9
Male,All causes,2023,February,90+,"Fourth dose or booster, less than 21 days ago",4,6,63743.4,u,17148.9,163197.2
Male,All causes,2023,February,90+,"Fourth dose or booster, at least 21 days ago",2825,11135,25370,,24443,26323.2
Male,All causes,2023,March,18-39,Unvaccinated,33,109001,33.1,,22.7,46.6
Male,All causes,2023,March,18-39,"First dose, less than 21 days ago",<3,35,x,,x,x
Male,All causes,2023,March,18-39,"First dose, at least 21 days ago",12,22911,66.8,u,34.1,117.4
Male,All causes,2023,March,18-39,"Second dose, less than 21 days ago",<3,61,x,,x,x
Male,All causes,2023,March,18-39,"Second dose, at least 21 days ago",41,146231,31.7,,22.7,43.1
Male,All causes,2023,March,18-39,"Third dose or booster, less than 21 days ago",<3,2,x,,x,x
Male,All causes,2023,March,18-39,"Third dose or booster, at least 21 days ago",53,245564,20.7,,15.5,27.2
Male,All causes,2023,March,18-39,"Fourth dose or booster, less than 21 days ago",<3,20,x,,x,x
Male,All causes,2023,March,18-39,"Fourth dose or booster, at least 21 days ago",42,26591,164.5,,115.1,226.7
Male,All causes,2023,March,40-49,Unvaccinated,33,31159,107.6,,73.7,151.6
Male,All causes,2023,March,40-49,"First dose, less than 21 days ago",<3,4,x,,x,x
Male,All causes,2023,March,40-49,"First dose, at least 21 days ago",14,4708,311.3,u,168.6,524.7
Male,All causes,2023,March,40-49,"Second dose, less than 21 days ago",<3,9,x,,x,x
Male,All causes,2023,March,40-49,"Second dose, at least 21 days ago",60,44412,143,,108.9,184.3
Male,All causes,2023,March,40-49,"Third dose or booster, less than 21 days ago",<3,0,x,,x,x
Male,All causes,2023,March,40-49,"Third dose or booster, at least 21 days ago",121,153195,79,,65,93.1
Male,All causes,2023,March,40-49,"Fourth dose or booster, less than 21 days ago",<3,25,x,,x,x
Male,All causes,2023,March,40-49,"Fourth dose or booster, at least 21 days ago",104,30618,332.6,,267.8,397.4
Male,All causes,2023,March,50-59,Unvaccinated,101,19974,515,,414.3,615.8
Male,All causes,2023,March,50-59,"First dose, less than 21 days ago",<3,2,x,,x,x
Male,All causes,2023,March,50-59,"First dose, at least 21 days ago",26,2893,943.4,,615.1,1383.9
Male,All causes,2023,March,50-59,"Second dose, less than 21 days ago",<3,4,x,,x,x
Male,All causes,2023,March,50-59,"Second dose, at least 21 days ago",149,28531,538,,451.3,624.8
Male,All causes,2023,March,50-59,"Third dose or booster, less than 21 days ago",<3,0,x,,x,x
Male,All causes,2023,March,50-59,"Third dose or booster, at least 21 days ago",321,94124,344,,306.3,381.6
Male,All causes,2023,March,50-59,"Fourth dose or booster, less than 21 days ago",<3,38,x,,x,x
Male,All causes,2023,March,50-59,"Fourth dose or booster, at least 21 days ago",526,151387,332.6,,303.9,361.3
Male,All causes,2023,March,60-69,Unvaccinated,123,10185,1268.4,,1040.6,1496.2
Male,All causes,2023,March,60-69,"First dose, less than 21 days ago",<3,1,x,,x,x
Male,All causes,2023,March,60-69,"First dose, at least 21 days ago",42,1280,3448.8,,2461.5,4692.2
Male,All causes,2023,March,60-69,"Second dose, less than 21 days ago",<3,2,x,,x,x
Male,All causes,2023,March,60-69,"Second dose, at least 21 days ago",202,12646,1762.9,,1513.5,2012.3
Male,All causes,2023,March,60-69,"Third dose or booster, less than 21 days ago",<3,0,x,,x,x
Male,All causes,2023,March,60-69,"Third dose or booster, at least 21 days ago",598,47715,1378.4,,1264.3,1492.5
Male,All causes,2023,March,60-69,"Fourth dose or booster, less than 21 days ago",<3,19,x,,x,x
Male,All causes,2023,March,60-69,"Fourth dose or booster, at least 21 days ago",1591,176685,893.2,,849.3,937.1
Male,All causes,2023,March,70-79,Unvaccinated,147,4503,3336.6,,2794.8,3878.5
Male,All causes,2023,March,70-79,"First dose, less than 21 days ago",<3,0,x,,x,x
Male,All causes,2023,March,70-79,"First dose, at least 21 days ago",28,470,6168,,4084.5,8933.1
Male,All causes,2023,March,70-79,"Second dose, less than 21 days ago",<3,1,x,,x,x
Male,All causes,2023,March,70-79,"Second dose, at least 21 days ago",217,4066,5426.9,,4695.7,6158.1
Male,All causes,2023,March,70-79,"Third dose or booster, less than 21 days ago",<3,0,x,,x,x
Male,All causes,2023,March,70-79,"Third dose or booster, at least 21 days ago",763,15364,5311.6,,4922.5,5700.7
Male,All causes,2023,March,70-79,"Fourth dose or booster, less than 21 days ago",<3,6,x,,x,x
Male,All causes,2023,March,70-79,"Fourth dose or booster, at least 21 days ago",4222,166544,2465.4,,2390.8,2540.1
Male,All causes,2023,March,80-89,Unvaccinated,150,1528,9912.1,,8323.7,11500.5
Male,All causes,2023,March,80-89,"First dose, less than 21 days ago",<3,0,x,,x,x
Male,All causes,2023,March,80-89,"First dose, at least 21 days ago",31,157,19615.7,,13327.3,27843.8
Male,All causes,2023,March,80-89,"Second dose, less than 21 days ago",<3,0,x,,x,x
Male,All causes,2023,March,80-89,"Second dose, at least 21 days ago",185,1309,14144.4,,12106.2,16182.7
Male,All causes,2023,March,80-89,"Third dose or booster, less than 21 days ago",<3,0,x,,x,x
Male,All causes,2023,March,80-89,"Third dose or booster, at least 21 days ago",601,3810,15932.9,,14658.5,17207.3
Male,All causes,2023,March,80-89,"Fourth dose or booster, less than 21 days ago",<3,2,x,,x,x
Male,All causes,2023,March,80-89,"Fourth dose or booster, at least 21 days ago",6527,75879,8660.6,,8450.5,8870.8
Male,All causes,2023,March,90+,Unvaccinated,69,277,24918.4,,19387.1,31536.4
Male,All causes,2023,March,90+,"First dose, less than 21 days ago",<3,0,x,,x,x
Male,All causes,2023,March,90+,"First dose, at least 21 days ago",13,33,39437.3,u,20978.1,67443.5
Male,All causes,2023,March,90+,"Second dose, less than 21 days ago",<3,0,x,,x,x
Male,All causes,2023,March,90+,"Second dose, at least 21 days ago",83,246,33707.8,,26847.1,41786.5
Male,All causes,2023,March,90+,"Third dose or booster, less than 21 days ago",<3,0,x,,x,x
Male,All causes,2023,March,90+,"Third dose or booster, at least 21 days ago",207,626,33044.9,,28696.1,37866.5
Male,All causes,2023,March,90+,"Fourth dose or booster, less than 21 days ago",<3,0,x,,x,x
Male,All causes,2023,March,90+,"Fourth dose or booster, at least 21 days ago",3190,12347,25835.8,,24946.9,26748.3
Male,All causes,2023,April,18-39,Unvaccinated,23,105703,24.9,,15.7,37.5
Male,All causes,2023,April,18-39,"First dose, less than 21 days ago",<3,11,x,,x,x
Male,All causes,2023,April,18-39,"First dose, at least 21 days ago",8,22372,50.5,u,21.1,100.7
Male,All causes,2023,April,18-39,"Second dose, less than 21 days ago",<3,25,x,,x,x
Male,All causes,2023,April,18-39,"Second dose, at least 21 days ago",33,141914,23.9,,16.4,33.8
Male,All causes,2023,April,18-39,"Third dose or booster, less than 21 days ago",<3,1,x,,x,x
Male,All causes,2023,April,18-39,"Third dose or booster, at least 21 days ago",43,236843,17.4,,12.6,23.6
Male,All causes,2023,April,18-39,"Fourth dose or booster, less than 21 days ago",<3,0,x,,x,x
Male,All causes,2023,April,18-39,"Fourth dose or booster, at least 21 days ago",30,25613,113.9,,74.4,165.8
Male,All causes,2023,April,40-49,Unvaccinated,53,30273,181.1,,135.2,237.4
Male,All causes,2023,April,40-49,"First dose, less than 21 days ago",<3,2,x,,x,x
Male,All causes,2023,April,40-49,"First dose, at least 21 days ago",14,4578,334.6,u,181.6,563.3
Male,All causes,2023,April,40-49,"Second dose, less than 21 days ago",<3,3,x,,x,x
Male,All causes,2023,April,40-49,"Second dose, at least 21 days ago",53,43131,125.8,,94,164.8
Male,All causes,2023,April,40-49,"Third dose or booster, less than 21 days ago",<3,0,x,,x,x
Male,All causes,2023,April,40-49,"Third dose or booster, at least 21 days ago",131,148041,88.6,,73.4,103.8
Male,All causes,2023,April,40-49,"Fourth dose or booster, less than 21 days ago",<3,0,x,,x,x
Male,All causes,2023,April,40-49,"Fourth dose or booster, at least 21 days ago",71,29376,239.8,,186.5,303.3
Male,All causes,2023,April,50-59,Unvaccinated,102,19391,544,,438.2,649.9
Male,All causes,2023,April,50-59,"First dose, less than 21 days ago",<3,1,x,,x,x
Male,All causes,2023,April,50-59,"First dose, at least 21 days ago",33,2807,1180.5,,810.9,1660
Male,All causes,2023,April,50-59,"Second dose, less than 21 days ago",<3,2,x,,x,x
Male,All causes,2023,April,50-59,"Second dose, at least 21 days ago",120,27732,446.6,,366.3,526.9
Male,All causes,2023,April,50-59,"Third dose or booster, less than 21 days ago",<3,0,x,,x,x
Male,All causes,2023,April,50-59,"Third dose or booster, at least 21 days ago",296,91791,328.9,,291.4,366.4
Male,All causes,2023,April,50-59,"Fourth dose or booster, less than 21 days ago",<3,0,x,,x,x
Male,All causes,2023,April,50-59,"Fourth dose or booster, at least 21 days ago",443,145342,294.9,,267.1,322.7
Male,All causes,2023,April,60-69,Unvaccinated,133,9932,1413,,1169.1,1657
Male,All causes,2023,April,60-69,"First dose, less than 21 days ago",<3,0,x,,x,x
Male,All causes,2023,April,60-69,"First dose, at least 21 days ago",28,1251,2377,,1560.1,3461
Male,All causes,2023,April,60-69,"Second dose, less than 21 days ago",<3,1,x,,x,x
Male,All causes,2023,April,60-69,"Second dose, at least 21 days ago",195,12357,1727.6,,1478.8,1976.4
Male,All causes,2023,April,60-69,"Third dose or booster, less than 21 days ago",<3,0,x,,x,x
Male,All causes,2023,April,60-69,"Third dose or booster, at least 21 days ago",518,46594,1216.5,,1108.3,1324.7
Male,All causes,2023,April,60-69,"Fourth dose or booster, less than 21 days ago",<3,0,x,,x,x
Male,All causes,2023,April,60-69,"Fourth dose or booster, at least 21 days ago",1458,170968,845.9,,802.5,889.3
Male,All causes,2023,April,70-79,Unvaccinated,151,4377,3506.9,,2945.1,4068.8
Male,All causes,2023,April,70-79,"First dose, less than 21 days ago",<3,0,x,,x,x
Male,All causes,2023,April,70-79,"First dose, at least 21 days ago",26,457,5793.5,,3771,8507
Male,All causes,2023,April,70-79,"Second dose, less than 21 days ago",<3,0,x,,x,x
Male,All causes,2023,April,70-79,"Second dose, at least 21 days ago",198,3958,5287,,4541.7,6032.3
Male,All causes,2023,April,70-79,"Third dose or booster, less than 21 days ago",<3,0,x,,x,x
Male,All causes,2023,April,70-79,"Third dose or booster, at least 21 days ago",631,14977,4564.4,,4197.4,4931.4
Male,All causes,2023,April,70-79,"Fourth dose or booster, less than 21 days ago",<3,0,x,,x,x
Male,All causes,2023,April,70-79,"Fourth dose or booster, at least 21 days ago",3904,161251,2357.7,,2283.4,2431.9
Male,All causes,2023,April,80-89,Unvaccinated,140,1480,9588.1,,7998,11178.2
Male,All causes,2023,April,80-89,"First dose, less than 21 days ago",<3,0,x,,x,x
Male,All causes,2023,April,80-89,"First dose, at least 21 days ago",23,150,15208.3,,9640.5,22820.3
Male,All causes,2023,April,80-89,"Second dose, less than 21 days ago",<3,0,x,,x,x
Male,All causes,2023,April,80-89,"Second dose, at least 21 days ago",160,1265,12655.4,,10694.4,14616.4
Male,All causes,2023,April,80-89,"Third dose or booster, less than 21 days ago",<3,0,x,,x,x
Male,All causes,2023,April,80-89,"Third dose or booster, at least 21 days ago",461,3689,12593.9,,11443.7,13744.1
Male,All causes,2023,April,80-89,"Fourth dose or booster, less than 21 days ago",<3,0,x,,x,x
Male,All causes,2023,April,80-89,"Fourth dose or booster, at least 21 days ago",5691,73738,7770.1,,7568.1,7972
Male,All causes,2023,April,90+,Unvaccinated,54,267,20217.2,,15186.7,26379.7
Male,All causes,2023,April,90+,"First dose, less than 21 days ago",<3,0,x,,x,x
Male,All causes,2023,April,90+,"First dose, at least 21 days ago",12,31,38437.3,u,19838.2,67146.8
Male,All causes,2023,April,90+,"Second dose, less than 21 days ago",<3,0,x,,x,x
Male,All causes,2023,April,90+,"Second dose, at least 21 days ago",67,238,28205.9,,21858.1,35821.2
Male,All causes,2023,April,90+,"Third dose or booster, less than 21 days ago",<3,0,x,,x,x
Male,All causes,2023,April,90+,"Third dose or booster, at least 21 days ago",191,603,31681.7,,27347.5,36507.6
Male,All causes,2023,April,90+,"Fourth dose or booster, less than 21 days ago",<3,0,x,,x,x
Male,All causes,2023,April,90+,"Fourth dose or booster, at least 21 days ago",2826,11999,23551.7,,22691.3,24436.4
Male,All causes,2023,May,18-39,Unvaccinated,25,109499,24.5,,15.7,36.4
Male,All causes,2023,May,18-39,"First dose, less than 21 days ago",<3,0,x,,x,x
Male,All causes,2023,May,18-39,"First dose, at least 21 days ago",6,23335,40.3,u,14.6,88.1
Male,All causes,2023,May,18-39,"Second dose, less than 21 days ago",<3,1,x,,x,x
Male,All causes,2023,May,18-39,"Second dose, at least 21 days ago",36,147015,27.1,,18.9,37.7
Male,All causes,2023,May,18-39,"Third dose or booster, less than 21 days ago",<3,0,x,,x,x
Male,All causes,2023,May,18-39,"Third dose or booster, at least 21 days ago",42,243916,16.6,,11.9,22.5
Male,All causes,2023,May,18-39,"Fourth dose or booster, less than 21 days ago",<3,0,x,,x,x
Male,All causes,2023,May,18-39,"Fourth dose or booster, at least 21 days ago",28,26323,94.4,,60.7,139.1
Male,All causes,2023,May,40-49,Unvaccinated,36,31395,119.8,,83.6,166.3
Male,All causes,2023,May,40-49,"First dose, less than 21 days ago",<3,0,x,,x,x
Male,All causes,2023,May,40-49,"First dose, at least 21 days ago",9,4748,204.5,u,92.4,390.1
Male,All causes,2023,May,40-49,"Second dose, less than 21 days ago",<3,0,x,,x,x
Male,All causes,2023,May,40-49,"Second dose, at least 21 days ago",53,44721,123,,91.9,161.2
Male,All causes,2023,May,40-49,"Third dose or booster, less than 21 days ago",<3,0,x,,x,x
Male,All causes,2023,May,40-49,"Third dose or booster, at least 21 days ago",91,152834,59.6,,48,73.2
Male,All causes,2023,May,40-49,"Fourth dose or booster, less than 21 days ago",<3,0,x,,x,x
Male,All causes,2023,May,40-49,"Fourth dose or booster, at least 21 days ago",67,30140,207.9,,160.6,264.6
Male,All causes,2023,May,50-59,Unvaccinated,96,20108,490.8,,397.3,599.6
Male,All causes,2023,May,50-59,"First dose, less than 21 days ago",<3,0,x,,x,x
Male,All causes,2023,May,50-59,"First dose, at least 21 days ago",17,2910,608.5,u,353.5,975.8
Male,All causes,2023,May,50-59,"Second dose, less than 21 days ago",<3,0,x,,x,x
Male,All causes,2023,May,50-59,"Second dose, at least 21 days ago",112,28764,398.8,,324.6,473
Male,All causes,2023,May,50-59,"Third dose or booster, less than 21 days ago",<3,0,x,,x,x
Male,All causes,2023,May,50-59,"Third dose or booster, at least 21 days ago",280,95529,296.5,,261.7,331.2
Male,All causes,2023,May,50-59,"Fourth dose or booster, less than 21 days ago",<3,0,x,,x,x
Male,All causes,2023,May,50-59,"Fourth dose or booster, at least 21 days ago",449,149002,288.6,,261.6,315.6
Male,All causes,2023,May,60-69,Unvaccinated,110,10331,1135.9,,920.3,1351.5
Male,All causes,2023,May,60-69,"First dose, less than 21 days ago",<3,0,x,,x,x
Male,All causes,2023,May,60-69,"First dose, at least 21 days ago",22,1303,1828.9,,1130.4,2790.7
Male,All causes,2023,May,60-69,"Second dose, less than 21 days ago",<3,0,x,,x,x
Male,All causes,2023,May,60-69,"Second dose, at least 21 days ago",185,12874,1535.8,,1308.4,1763.3
Male,All causes,2023,May,60-69,"Third dose or booster, less than 21 days ago",<3,0,x,,x,x
Male,All causes,2023,May,60-69,"Third dose or booster, at least 21 days ago",495,48533,1113.6,,1012.4,1214.9
Male,All causes,2023,May,60-69,"Fourth dose or booster, less than 21 days ago",<3,0,x,,x,x
Male,All causes,2023,May,60-69,"Fourth dose or booster, at least 21 days ago",1400,176600,786.7,,745.5,827.9
Male,All causes,2023,May,70-79,Unvaccinated,141,4541,3150.8,,2628.4,3673.2
Male,All causes,2023,May,70-79,"First dose, less than 21 days ago",<3,0,x,,x,x
Male,All causes,2023,May,70-79,"First dose, at least 21 days ago",31,474,6772.9,,4588.9,9630.5
Male,All causes,2023,May,70-79,"Second dose, less than 21 days ago",<3,0,x,,x,x
Male,All causes,2023,May,70-79,"Second dose, at least 21 days ago",172,4114,4349.8,,3691.4,5008.1
Male,All causes,2023,May,70-79,"Third dose or booster, less than 21 days ago",<3,0,x,,x,x
Male,All causes,2023,May,70-79,"Third dose or booster, at least 21 days ago",525,15594,3551.2,,3238.3,3864.2
Male,All causes,2023,May,70-79,"Fourth dose or booster, less than 21 days ago",<3,0,x,,x,x
Male,All causes,2023,May,70-79,"Fourth dose or booster, at least 21 days ago",3886,166674,2272.4,,2200.7,2344.2
Male,All causes,2023,May,80-89,Unvaccinated,101,1536,6626.3,,5332.6,7920
Male,All causes,2023,May,80-89,"First dose, less than 21 days ago",<3,0,x,,x,x
Male,All causes,2023,May,80-89,"First dose, at least 21 days ago",21,154,13567.3,,8398.2,20739.3
Male,All causes,2023,May,80-89,"Second dose, less than 21 days ago",<3,0,x,,x,x
Male,All causes,2023,May,80-89,"Second dose, at least 21 days ago",171,1307,13088.8,,11127,15050.7
Male,All causes,2023,May,80-89,"Third dose or booster, less than 21 days ago",<3,0,x,,x,x
Male,All causes,2023,May,80-89,"Third dose or booster, at least 21 days ago",427,3814,11294.6,,10222.7,12366.4
Male,All causes,2023,May,80-89,"Fourth dose or booster, less than 21 days ago",<3,0,x,,x,x
Male,All causes,2023,May,80-89,"Fourth dose or booster, at least 21 days ago",5456,76512,7172.4,,6982,7362.8
Male,All causes,2023,May,90+,Unvaccinated,45,275,16352.8,,11926.7,21882
Male,All causes,2023,May,90+,"First dose, less than 21 days ago",<3,0,x,,x,x
Male,All causes,2023,May,90+,"First dose, at least 21 days ago",4,32,12380.3,u,3330.7,31696.3
Male,All causes,2023,May,90+,"Second dose, less than 21 days ago",<3,0,x,,x,x
Male,All causes,2023,May,90+,"Second dose, at least 21 days ago",65,245,26541.1,,20482.7,33829.4
Male,All causes,2023,May,90+,"Third dose or booster, less than 21 days ago",<3,0,x,,x,x
Male,All causes,2023,May,90+,"Third dose or booster, at least 21 days ago",177,621,28490.8,,24447.7,33011.4
Male,All causes,2023,May,90+,"Fourth dose or booster, less than 21 days ago",<3,0,x,,x,x
Male,All causes,2023,May,90+,"Fourth dose or booster, at least 21 days ago",2631,12473,21092.9,,20294.5,21914.6
Male,Deaths involving COVID-19,2021,April,18-39,Unvaccinated,6,431103,1.5,u,0.5,3.2
Male,Deaths involving COVID-19,2021,April,18-39,"First dose, less than 21 days ago",<3,17744,x,,x,x
Male,Deaths involving COVID-19,2021,April,18-39,"First dose, at least 21 days ago",<3,64047,x,,x,x
Male,Deaths involving COVID-19,2021,April,18-39,"Second dose, less than 21 days ago",<3,12026,x,,x,x
Male,Deaths involving COVID-19,2021,April,18-39,"Second dose, at least 21 days ago",<3,8158,x,,x,x
Male,Deaths involving COVID-19,2021,April,18-39,"Third dose or booster, less than 21 days ago",<3,0,x,,x,x
Male,Deaths involving COVID-19,2021,April,18-39,"Third dose or booster, at least 21 days ago",<3,0,x,,x,x
Male,Deaths involving COVID-19,2021,April,18-39,"Fourth dose or booster, less than 21 days ago",<3,0,x,,x,x
Male,Deaths involving COVID-19,2021,April,18-39,"Fourth dose or booster, at least 21 days ago",<3,0,x,,x,x
Male,Deaths involving COVID-19,2021,April,40-49,Unvaccinated,8,143211,5.7,u,2.4,11.4
Male,Deaths involving COVID-19,2021,April,40-49,"First dose, less than 21 days ago",<3,37620,x,,x,x
Male,Deaths involving COVID-19,2021,April,40-49,"First dose, at least 21 days ago",4,63615,6.5,u,1.7,16.8
Male,Deaths involving COVID-19,2021,April,40-49,"Second dose, less than 21 days ago",<3,8810,x,,x,x
Male,Deaths involving COVID-19,2021,April,40-49,"Second dose, at least 21 days ago",<3,5829,x,,x,x
Male,Deaths involving COVID-19,2021,April,40-49,"Third dose or booster, less than 21 days ago",<3,0,x,,x,x
Male,Deaths involving COVID-19,2021,April,40-49,"Third dose or booster, at least 21 days ago",<3,0,x,,x,x
Male,Deaths involving COVID-19,2021,April,40-49,"Fourth dose or booster, less than 21 days ago",<3,0,x,,x,x
Male,Deaths involving COVID-19,2021,April,40-49,"Fourth dose or booster, at least 21 days ago",<3,0,x,,x,x
Male,Deaths involving COVID-19,2021,April,50-59,Unvaccinated,21,29031,77.3,,47.7,118.3
Male,Deaths involving COVID-19,2021,April,50-59,"First dose, less than 21 days ago",<3,51970,x,,x,x
Male,Deaths involving COVID-19,2021,April,50-59,"First dose, at least 21 days ago",13,187263,6.7,u,3.6,11.5
Male,Deaths involving COVID-19,2021,April,50-59,"Second dose, less than 21 days ago",<3,13925,x,,x,x
Male,Deaths involving COVID-19,2021,April,50-59,"Second dose, at least 21 days ago",<3,7259,x,,x,x
Male,Deaths involving COVID-19,2021,April,50-59,"Third dose or booster, less than 21 days ago",<3,0,x,,x,x
Male,Deaths involving COVID-19,2021,April,50-59,"Third dose or booster, at least 21 days ago",<3,0,x,,x,x
Male,Deaths involving COVID-19,2021,April,50-59,"Fourth dose or booster, less than 21 days ago",<3,0,x,,x,x
Male,Deaths involving COVID-19,2021,April,50-59,"Fourth dose or booster, at least 21 days ago",<3,0,x,,x,x
Male,Deaths involving COVID-19,2021,April,60-69,Unvaccinated,32,12269,266.4,,180.7,378.1
Male,Deaths involving COVID-19,2021,April,60-69,"First dose, less than 21 days ago",<3,7301,x,,x,x
Male,Deaths involving COVID-19,2021,April,60-69,"First dose, at least 21 days ago",28,181009,15.7,,10.4,22.7
Male,Deaths involving COVID-19,2021,April,60-69,"Second dose, less than 21 days ago",<3,23434,x,,x,x
Male,Deaths involving COVID-19,2021,April,60-69,"Second dose, at least 21 days ago",<3,6251,x,,x,x
Male,Deaths involving COVID-19,2021,April,60-69,"Third dose or booster, less than 21 days ago",<3,0,x,,x,x
Male,Deaths involving COVID-19,2021,April,60-69,"Third dose or booster, at least 21 days ago",<3,0,x,,x,x
Male,Deaths involving COVID-19,2021,April,60-69,"Fourth dose or booster, less than 21 days ago",<3,0,x,,x,x
Male,Deaths involving COVID-19,2021,April,60-69,"Fourth dose or booster, at least 21 days ago",<3,0,x,,x,x
Male,Deaths involving COVID-19,2021,April,70-79,Unvaccinated,22,5145,438.6,,273,666.6
Male,Deaths involving COVID-19,2021,April,70-79,"First dose, less than 21 days ago",<3,538,x,,x,x
Male,Deaths involving COVID-19,2021,April,70-79,"First dose, at least 21 days ago",60,88814,77.6,,58.5,100.8
Male,Deaths involving COVID-19,2021,April,70-79,"Second dose, less than 21 days ago",5,70877,6.9,u,2.2,16.2
Male,Deaths involving COVID-19,2021,April,70-79,"Second dose, at least 21 days ago",5,14757,29.3,u,7.9,71.4
Male,Deaths involving COVID-19,2021,April,70-79,"Third dose or booster, less than 21 days ago",<3,0,x,,x,x
Male,Deaths involving COVID-19,2021,April,70-79,"Third dose or booster, at least 21 days ago",<3,0,x,,x,x
Male,Deaths involving COVID-19,2021,April,70-79,"Fourth dose or booster, less than 21 days ago",<3,0,x,,x,x
Male,Deaths involving COVID-19,2021,April,70-79,"Fourth dose or booster, at least 21 days ago",<3,0,x,,x,x
Male,Deaths involving COVID-19,2021,April,80-89,Unvaccinated,23,1922,1214.2,,769.5,1822.3
Male,Deaths involving COVID-19,2021,April,80-89,"First dose, less than 21 days ago",5,175,2860.8,u,928.4,6677.3
Male,Deaths involving COVID-19,2021,April,80-89,"First dose, at least 21 days ago",77,11674,664.2,,524.1,830.3
Male,Deaths involving COVID-19,2021,April,80-89,"Second dose, less than 21 days ago",15,29908,51,u,28.5,84.2
Male,Deaths involving COVID-19,2021,April,80-89,"Second dose, at least 21 days ago",19,32780,58.1,u,35,90.7
Male,Deaths involving COVID-19,2021,April,80-89,"Third dose or booster, less than 21 days ago",<3,0,x,,x,x
Male,Deaths involving COVID-19,2021,April,80-89,"Third dose or booster, at least 21 days ago",<3,0,x,,x,x
Male,Deaths involving COVID-19,2021,April,80-89,"Fourth dose or booster, less than 21 days ago",<3,0,x,,x,x
Male,Deaths involving COVID-19,2021,April,80-89,"Fourth dose or booster, at least 21 days ago",<3,0,x,,x,x
Male,Deaths involving COVID-19,2021,April,90+,Unvaccinated,5,372,1344.4,u,433.2,3137.4
Male,Deaths involving COVID-19,2021,April,90+,"First dose, less than 21 days ago",<3,37,x,,x,x
Male,Deaths involving COVID-19,2021,April,90+,"First dose, at least 21 days ago",31,2246,1380.2,,937.6,1959.1
Male,Deaths involving COVID-19,2021,April,90+,"Second dose, less than 21 days ago",6,4463,134.4,u,49.1,292.6
Male,Deaths involving COVID-19,2021,April,90+,"Second dose, at least 21 days ago",8,5118,156.3,u,67.3,308
Male,Deaths involving COVID-19,2021,April,90+,"Third dose or booster, less than 21 days ago",<3,0,x,,x,x
Male,Deaths involving COVID-19,2021,April,90+,"Third dose or booster, at least 21 days ago",<3,0,x,,x,x
Male,Deaths involving COVID-19,2021,April,90+,"Fourth dose or booster, less than 21 days ago",<3,0,x,,x,x
Male,Deaths involving COVID-19,2021,April,90+,"Fourth dose or booster, at least 21 days ago",<3,0,x,,x,x
Male,Deaths involving COVID-19,2021,May,18-39,Unvaccinated,<3,405756,x,,x,x
Male,Deaths involving COVID-19,2021,May,18-39,"First dose, less than 21 days ago",<3,36143,x,,x,x
Male,Deaths involving COVID-19,2021,May,18-39,"First dose, at least 21 days ago",<3,57118,x,,x,x
Male,Deaths involving COVID-19,2021,May,18-39,"Second dose, less than 21 days ago",<3,23734,x,,x,x
Male,Deaths involving COVID-19,2021,May,18-39,"Second dose, at least 21 days ago",<3,27964,x,,x,x
Male,Deaths involving COVID-19,2021,May,18-39,"Third dose or booster, less than 21 days ago",<3,0,x,,x,x
Male,Deaths involving COVID-19,2021,May,18-39,"Third dose or booster, at least 21 days ago",<3,0,x,,x,x
Male,Deaths involving COVID-19,2021,May,18-39,"Fourth dose or booster, less than 21 days ago",<3,0,x,,x,x
Male,Deaths involving COVID-19,2021,May,18-39,"Fourth dose or booster, at least 21 days ago",<3,0,x,,x,x
Male,Deaths involving COVID-19,2021,May,40-49,Unvaccinated,4,66436,6.4,u,1.6,16.7
Male,Deaths involving COVID-19,2021,May,40-49,"First dose, less than 21 days ago",<3,57491,x,,x,x
Male,Deaths involving COVID-19,2021,May,40-49,"First dose, at least 21 days ago",<3,98619,x,,x,x
Male,Deaths involving COVID-19,2021,May,40-49,"Second dose, less than 21 days ago",<3,23694,x,,x,x
Male,Deaths involving COVID-19,2021,May,40-49,"Second dose, at least 21 days ago",<3,21244,x,,x,x
Male,Deaths involving COVID-19,2021,May,40-49,"Third dose or booster, less than 21 days ago",<3,0,x,,x,x
Male,Deaths involving COVID-19,2021,May,40-49,"Third dose or booster, at least 21 days ago",<3,0,x,,x,x
Male,Deaths involving COVID-19,2021,May,40-49,"Fourth dose or booster, less than 21 days ago",<3,0,x,,x,x
Male,Deaths involving COVID-19,2021,May,40-49,"Fourth dose or booster, at least 21 days ago",<3,0,x,,x,x
Male,Deaths involving COVID-19,2021,May,50-59,Unvaccinated,10,25991,41.6,u,19.9,76.5
Male,Deaths involving COVID-19,2021,May,50-59,"First dose, less than 21 days ago",<3,2731,x,,x,x
Male,Deaths involving COVID-19,2021,May,50-59,"First dose, at least 21 days ago",6,177961,3.4,u,1.2,7.3
Male,Deaths involving COVID-19,2021,May,50-59,"Second dose, less than 21 days ago",<3,58541,x,,x,x
Male,Deaths involving COVID-19,2021,May,50-59,"Second dose, at least 21 days ago",<3,34003,x,,x,x
Male,Deaths involving COVID-19,2021,May,50-59,"Third dose or booster, less than 21 days ago",<3,0,x,,x,x
Male,Deaths involving COVID-19,2021,May,50-59,"Third dose or booster, at least 21 days ago",<3,0,x,,x,x
Male,Deaths involving COVID-19,2021,May,50-59,"Fourth dose or booster, less than 21 days ago",<3,0,x,,x,x
Male,Deaths involving COVID-19,2021,May,50-59,"Fourth dose or booster, at least 21 days ago",<3,0,x,,x,x
Male,Deaths involving COVID-19,2021,May,60-69,Unvaccinated,14,11531,143.4,u,78,241.2
Male,Deaths involving COVID-19,2021,May,60-69,"First dose, less than 21 days ago",<3,739,x,,x,x
Male,Deaths involving COVID-19,2021,May,60-69,"First dose, at least 21 days ago",18,78141,35.8,u,20.1,58.1
Male,Deaths involving COVID-19,2021,May,60-69,"Second dose, less than 21 days ago",<3,89321,x,,x,x
Male,Deaths involving COVID-19,2021,May,60-69,"Second dose, at least 21 days ago",<3,58648,x,,x,x
Male,Deaths involving COVID-19,2021,May,60-69,"Third dose or booster, less than 21 days ago",<3,0,x,,x,x
Male,Deaths involving COVID-19,2021,May,60-69,"Third dose or booster, at least 21 days ago",<3,0,x,,x,x
Male,Deaths involving COVID-19,2021,May,60-69,"Fourth dose or booster, less than 21 days ago",<3,0,x,,x,x
Male,Deaths involving COVID-19,2021,May,60-69,"Fourth dose or booster, at least 21 days ago",<3,0,x,,x,x
Male,Deaths involving COVID-19,2021,May,70-79,Unvaccinated,8,4998,166.5,u,70.8,329.9
Male,Deaths involving COVID-19,2021,May,70-79,"First dose, less than 21 days ago",<3,210,x,,x,x
Male,Deaths involving COVID-19,2021,May,70-79,"First dose, at least 21 days ago",11,5767,222.1,u,106.3,404.6
Male,Deaths involving COVID-19,2021,May,70-79,"Second dose, less than 21 days ago",5,45204,14.9,u,4.2,36.1
Male,Deaths involving COVID-19,2021,May,70-79,"Second dose, at least 21 days ago",5,130532,3.8,u,1.2,8.8
Male,Deaths involving COVID-19,2021,May,70-79,"Third dose or booster, less than 21 days ago",<3,0,x,,x,x
Male,Deaths involving COVID-19,2021,May,70-79,"Third dose or booster, at least 21 days ago",<3,1,x,,x,x
Male,Deaths involving COVID-19,2021,May,70-79,"Fourth dose or booster, less than 21 days ago",<3,0,x,,x,x
Male,Deaths involving COVID-19,2021,May,70-79,"Fourth dose or booster, at least 21 days ago",<3,0,x,,x,x
Male,Deaths involving COVID-19,2021,May,80-89,Unvaccinated,10,1866,530.1,u,254.1,975
Male,Deaths involving COVID-19,2021,May,80-89,"First dose, less than 21 days ago",<3,68,x,,x,x
Male,Deaths involving COVID-19,2021,May,80-89,"First dose, at least 21 days ago",21,1595,1329.1,,821.8,2032.9
Male,Deaths involving COVID-19,2021,May,80-89,"Second dose, less than 21 days ago",4,3928,106,u,28.9,271.5
Male,Deaths involving COVID-19,2021,May,80-89,"Second dose, at least 21 days ago",18,71748,25.9,u,15.3,40.9
Male,Deaths involving COVID-19,2021,May,80-89,"Third dose or booster, less than 21 days ago",<3,0,x,,x,x
Male,Deaths involving COVID-19,2021,May,80-89,"Third dose or booster, at least 21 days ago",<3,0,x,,x,x
Male,Deaths involving COVID-19,2021,May,80-89,"Fourth dose or booster, less than 21 days ago",<3,0,x,,x,x
Male,Deaths involving COVID-19,2021,May,80-89,"Fourth dose or booster, at least 21 days ago",<3,0,x,,x,x
Male,Deaths involving COVID-19,2021,May,90+,Unvaccinated,<3,360,x,,x,x
Male,Deaths involving COVID-19,2021,May,90+,"First dose, less than 21 days ago",<3,14,x,,x,x
Male,Deaths involving COVID-19,2021,May,90+,"First dose, at least 21 days ago",<3,391,x,,x,x
Male,Deaths involving COVID-19,2021,May,90+,"Second dose, less than 21 days ago",<3,843,x,,x,x
Male,Deaths involving COVID-19,2021,May,90+,"Second dose, at least 21 days ago",8,11138,71.8,u,30.9,141.5
Male,Deaths involving COVID-19,2021,May,90+,"Third dose or booster, less than 21 days ago",<3,0,x,,x,x
Male,Deaths involving COVID-19,2021,May,90+,"Third dose or booster, at least 21 days ago",<3,0,x,,x,x
Male,Deaths involving COVID-19,2021,May,90+,"Fourth dose or booster, less than 21 days ago",<3,0,x,,x,x
Male,Deaths involving COVID-19,2021,May,90+,"Fourth dose or booster, at least 21 days ago",<3,0,x,,x,x
Male,Deaths involving COVID-19,2021,June,18-39,Unvaccinated,6,259835,3.1,u,1,6.9
Male,Deaths involving COVID-19,2021,June,18-39,"First dose, less than 21 days ago",<3,99789,x,,x,x
Male,Deaths involving COVID-19,2021,June,18-39,"First dose, at least 21 days ago",<3,82386,x,,x,x
Male,Deaths involving COVID-19,2021,June,18-39,"Second dose, less than 21 days ago",<3,28186,x,,x,x
Male,Deaths involving COVID-19,2021,June,18-39,"Second dose, at least 21 days ago",<3,62676,x,,x,x
Male,Deaths involving COVID-19,2021,June,18-39,"Third dose or booster, less than 21 days ago",<3,2,x,,x,x
Male,Deaths involving COVID-19,2021,June,18-39,"Third dose or booster, at least 21 days ago",<3,1,x,,x,x
Male,Deaths involving COVID-19,2021,June,18-39,"Fourth dose or booster, less than 21 days ago",<3,0,x,,x,x
Male,Deaths involving COVID-19,2021,June,18-39,"Fourth dose or booster, at least 21 days ago",<3,0,x,,x,x
Male,Deaths involving COVID-19,2021,June,40-49,Unvaccinated,9,40066,23.9,u,10.8,45.6
Male,Deaths involving COVID-19,2021,June,40-49,"First dose, less than 21 days ago",<3,10370,x,,x,x
Male,Deaths involving COVID-19,2021,June,40-49,"First dose, at least 21 days ago",<3,109079,x,,x,x
Male,Deaths involving COVID-19,2021,June,40-49,"Second dose, less than 21 days ago",<3,41245,x,,x,x
Male,Deaths involving COVID-19,2021,June,40-49,"Second dose, at least 21 days ago",<3,57855,x,,x,x
Male,Deaths involving COVID-19,2021,June,40-49,"Third dose or booster, less than 21 days ago",<3,2,x,,x,x
Male,Deaths involving COVID-19,2021,June,40-49,"Third dose or booster, at least 21 days ago",<3,1,x,,x,x
Male,Deaths involving COVID-19,2021,June,40-49,"Fourth dose or booster, less than 21 days ago",<3,0,x,,x,x
Male,Deaths involving COVID-19,2021,June,40-49,"Fourth dose or booster, at least 21 days ago",<3,0,x,,x,x
Male,Deaths involving COVID-19,2021,June,50-59,Unvaccinated,9,22702,41.5,u,18.9,78.9
Male,Deaths involving COVID-19,2021,June,50-59,"First dose, less than 21 days ago",<3,1633,x,,x,x
Male,Deaths involving COVID-19,2021,June,50-59,"First dose, at least 21 days ago",<3,34928,x,,x,x
Male,Deaths involving COVID-19,2021,June,50-59,"Second dose, less than 21 days ago",<3,96716,x,,x,x
Male,Deaths involving COVID-19,2021,June,50-59,"Second dose, at least 21 days ago",4,133847,2.8,u,0.8,7.3
Male,Deaths involving COVID-19,2021,June,50-59,"Third dose or booster, less than 21 days ago",<3,3,x,,x,x
Male,Deaths involving COVID-19,2021,June,50-59,"Third dose or booster, at least 21 days ago",<3,1,x,,x,x
Male,Deaths involving COVID-19,2021,June,50-59,"Fourth dose or booster, less than 21 days ago",<3,0,x,,x,x
Male,Deaths involving COVID-19,2021,June,50-59,"Fourth dose or booster, at least 21 days ago",<3,0,x,,x,x
Male,Deaths involving COVID-19,2021,June,60-69,Unvaccinated,14,10421,132.7,u,71.6,224.2
Male,Deaths involving COVID-19,2021,June,60-69,"First dose, less than 21 days ago",<3,503,x,,x,x
Male,Deaths involving COVID-19,2021,June,60-69,"First dose, at least 21 days ago",6,7706,69.5,u,21.2,159.2
Male,Deaths involving COVID-19,2021,June,60-69,"Second dose, less than 21 days ago",<3,35753,x,,x,x
Male,Deaths involving COVID-19,2021,June,60-69,"Second dose, at least 21 days ago",14,176761,8.1,u,4.4,13.6
Male,Deaths involving COVID-19,2021,June,60-69,"Third dose or booster, less than 21 days ago",<3,3,x,,x,x
Male,Deaths involving COVID-19,2021,June,60-69,"Third dose or booster, at least 21 days ago",<3,1,x,,x,x
Male,Deaths involving COVID-19,2021,June,60-69,"Fourth dose or booster, less than 21 days ago",<3,0,x,,x,x
Male,Deaths involving COVID-19,2021,June,60-69,"Fourth dose or booster, at least 21 days ago",<3,0,x,,x,x
Male,Deaths involving COVID-19,2021,June,70-79,Unvaccinated,5,4632,115.6,u,36.7,271.2
Male,Deaths involving COVID-19,2021,June,70-79,"First dose, less than 21 days ago",<3,143,x,,x,x
Male,Deaths involving COVID-19,2021,June,70-79,"First dose, at least 21 days ago",5,1578,300.6,u,96.1,704.6
Male,Deaths involving COVID-19,2021,June,70-79,"Second dose, less than 21 days ago",<3,1743,x,,x,x
Male,Deaths involving COVID-19,2021,June,70-79,"Second dose, at least 21 days ago",30,173088,17.7,,12,25.3
Male,Deaths involving COVID-19,2021,June,70-79,"Third dose or booster, less than 21 days ago",<3,7,x,,x,x
Male,Deaths involving COVID-19,2021,June,70-79,"Third dose or booster, at least 21 days ago",<3,1,x,,x,x
Male,Deaths involving COVID-19,2021,June,70-79,"Fourth dose or booster, less than 21 days ago",<3,0,x,,x,x
Male,Deaths involving COVID-19,2021,June,70-79,"Fourth dose or booster, at least 21 days ago",<3,0,x,,x,x
Male,Deaths involving COVID-19,2021,June,80-89,Unvaccinated,6,1730,357.6,u,131.2,778.4
Male,Deaths involving COVID-19,2021,June,80-89,"First dose, less than 21 days ago",<3,46,x,,x,x
Male,Deaths involving COVID-19,2021,June,80-89,"First dose, at least 21 days ago",11,645,1666.8,u,828.8,2987.4
Male,Deaths involving COVID-19,2021,June,80-89,"Second dose, less than 21 days ago",<3,485,x,,x,x
Male,Deaths involving COVID-19,2021,June,80-89,"Second dose, at least 21 days ago",39,73887,53.1,,37.7,72.5
Male,Deaths involving COVID-19,2021,June,80-89,"Third dose or booster, less than 21 days ago",<3,4,x,,x,x
Male,Deaths involving COVID-19,2021,June,80-89,"Third dose or booster, at least 21 days ago",<3,1,x,,x,x
Male,Deaths involving COVID-19,2021,June,80-89,"Fourth dose or booster, less than 21 days ago",<3,0,x,,x,x
Male,Deaths involving COVID-19,2021,June,80-89,"Fourth dose or booster, at least 21 days ago",<3,0,x,,x,x
Male,Deaths involving COVID-19,2021,June,90+,Unvaccinated,<3,337,x,,x,x
Male,Deaths involving COVID-19,2021,June,90+,"First dose, less than 21 days ago",<3,7,x,,x,x
Male,Deaths involving COVID-19,2021,June,90+,"First dose, at least 21 days ago",3,160,1870.3,u,375.9,5464.8
Male,Deaths involving COVID-19,2021,June,90+,"Second dose, less than 21 days ago",<3,108,x,,x,x
Male,Deaths involving COVID-19,2021,June,90+,"Second dose, at least 21 days ago",17,11853,143.4,u,83.5,229.6
Male,Deaths involving COVID-19,2021,June,90+,"Third dose or booster, less than 21 days ago",<3,0,x,,x,x
Male,Deaths involving COVID-19,2021,June,90+,"Third dose or booster, at least 21 days ago",<3,0,x,,x,x
Male,Deaths involving COVID-19,2021,June,90+,"Fourth dose or booster, less than 21 days ago",<3,0,x,,x,x
Male,Deaths involving COVID-19,2021,June,90+,"Fourth dose or booster, at least 21 days ago",<3,0,x,,x,x
Male,Deaths involving COVID-19,2021,July,18-39,Unvaccinated,24,162107,17.5,,11.1,26.3
Male,Deaths involving COVID-19,2021,July,18-39,"First dose, less than 21 days ago",<3,61590,x,,x,x
Male,Deaths involving COVID-19,2021,July,18-39,"First dose, at least 21 days ago",<3,180301,x,,x,x
Male,Deaths involving COVID-19,2021,July,18-39,"Second dose, less than 21 days ago",<3,40799,x,,x,x
Male,Deaths involving COVID-19,2021,July,18-39,"Second dose, at least 21 days ago",5,105844,4.7,u,1.4,11.1
Male,Deaths involving COVID-19,2021,July,18-39,"Third dose or booster, less than 21 days ago",<3,2,x,,x,x
Male,Deaths involving COVID-19,2021,July,18-39,"Third dose or booster, at least 21 days ago",<3,4,x,,x,x
Male,Deaths involving COVID-19,2021,July,18-39,"Fourth dose or booster, less than 21 days ago",<3,0,x,,x,x
Male,Deaths involving COVID-19,2021,July,18-39,"Fourth dose or booster, at least 21 days ago",<3,0,x,,x,x
Male,Deaths involving COVID-19,2021,July,40-49,Unvaccinated,29,36591,80.9,,54,116.1
Male,Deaths involving COVID-19,2021,July,40-49,"First dose, less than 21 days ago",<3,2973,x,,x,x
Male,Deaths involving COVID-19,2021,July,40-49,"First dose, at least 21 days ago",5,44530,12.6,u,3.9,29.8
Male,Deaths involving COVID-19,2021,July,40-49,"Second dose, less than 21 days ago",<3,55777,x,,x,x
Male,Deaths involving COVID-19,2021,July,40-49,"Second dose, at least 21 days ago",14,127224,11.1,u,6,18.7
Male,Deaths involving COVID-19,2021,July,40-49,"Third dose or booster, less than 21 days ago",<3,2,x,,x,x
Male,Deaths involving COVID-19,2021,July,40-49,"Third dose or booster, at least 21 days ago",<3,5,x,,x,x
Male,Deaths involving COVID-19,2021,July,40-49,"Fourth dose or booster, less than 21 days ago",<3,0,x,,x,x
Male,Deaths involving COVID-19,2021,July,40-49,"Fourth dose or booster, at least 21 days ago",<3,0,x,,x,x
Male,Deaths involving COVID-19,2021,July,50-59,Unvaccinated,45,21945,205.4,,149.6,275.2
Male,Deaths involving COVID-19,2021,July,50-59,"First dose, less than 21 days ago",<3,1043,x,,x,x
Male,Deaths involving COVID-19,2021,July,50-59,"First dose, at least 21 days ago",6,8228,85.3,u,30.9,186.5
Male,Deaths involving COVID-19,2021,July,50-59,"Second dose, less than 21 days ago",<3,10554,x,,x,x
Male,Deaths involving COVID-19,2021,July,50-59,"Second dose, at least 21 days ago",24,257801,9.3,,6,13.9
Male,Deaths involving COVID-19,2021,July,50-59,"Third dose or booster, less than 21 days ago",<3,3,x,,x,x
Male,Deaths involving COVID-19,2021,July,50-59,"Third dose or booster, at least 21 days ago",<3,6,x,,x,x
Male,Deaths involving COVID-19,2021,July,50-59,"Fourth dose or booster, less than 21 days ago",<3,0,x,,x,x
Male,Deaths involving COVID-19,2021,July,50-59,"Fourth dose or booster, at least 21 days ago",<3,0,x,,x,x
Male,Deaths involving COVID-19,2021,July,60-69,Unvaccinated,42,10316,423.5,,303.4,574.8
Male,Deaths involving COVID-19,2021,July,60-69,"First dose, less than 21 days ago",<3,327,x,,x,x
Male,Deaths involving COVID-19,2021,July,60-69,"First dose, at least 21 days ago",9,2929,373.9,u,167.8,715
Male,Deaths involving COVID-19,2021,July,60-69,"Second dose, less than 21 days ago",<3,2177,x,,x,x
Male,Deaths involving COVID-19,2021,July,60-69,"Second dose, at least 21 days ago",68,223489,30.7,,23.8,38.9
Male,Deaths involving COVID-19,2021,July,60-69,"Third dose or booster, less than 21 days ago",<3,3,x,,x,x
Male,Deaths involving COVID-19,2021,July,60-69,"Third dose or booster, at least 21 days ago",<3,6,x,,x,x
Male,Deaths involving COVID-19,2021,July,60-69,"Fourth dose or booster, less than 21 days ago",<3,0,x,,x,x
Male,Deaths involving COVID-19,2021,July,60-69,"Fourth dose or booster, at least 21 days ago",<3,0,x,,x,x
Male,Deaths involving COVID-19,2021,July,70-79,Unvaccinated,38,4653,874.9,,616.7,1204.1
Male,Deaths involving COVID-19,2021,July,70-79,"First dose, less than 21 days ago",<3,100,x,,x,x
Male,Deaths involving COVID-19,2021,July,70-79,"First dose, at least 21 days ago",6,1038,595.2,u,215.5,1301.1
Male,Deaths involving COVID-19,2021,July,70-79,"Second dose, less than 21 days ago",<3,426,x,,x,x
Male,Deaths involving COVID-19,2021,July,70-79,"Second dose, at least 21 days ago",133,181468,74.7,,62,87.4
Male,Deaths involving COVID-19,2021,July,70-79,"Third dose or booster, less than 21 days ago",<3,9,x,,x,x
Male,Deaths involving COVID-19,2021,July,70-79,"Third dose or booster, at least 21 days ago",<3,15,x,,x,x
Male,Deaths involving COVID-19,2021,July,70-79,"Fourth dose or booster, less than 21 days ago",<3,0,x,,x,x
Male,Deaths involving COVID-19,2021,July,70-79,"Fourth dose or booster, at least 21 days ago",<3,0,x,,x,x
Male,Deaths involving COVID-19,2021,July,80-89,Unvaccinated,36,1735,2095.9,,1467.6,2901.9
Male,Deaths involving COVID-19,2021,July,80-89,"First dose, less than 21 days ago",<3,29,x,,x,x
Male,Deaths involving COVID-19,2021,July,80-89,"First dose, at least 21 days ago",4,443,931.1,u,251.8,2388.3
Male,Deaths involving COVID-19,2021,July,80-89,"Second dose, less than 21 days ago",<3,148,x,,x,x
Male,Deaths involving COVID-19,2021,July,80-89,"Second dose, at least 21 days ago",181,77083,237.1,,202.5,271.7
Male,Deaths involving COVID-19,2021,July,80-89,"Third dose or booster, less than 21 days ago",<3,2,x,,x,x
Male,Deaths involving COVID-19,2021,July,80-89,"Third dose or booster, at least 21 days ago",<3,7,x,,x,x
Male,Deaths involving COVID-19,2021,July,80-89,"Fourth dose or booster, less than 21 days ago",<3,0,x,,x,x
Male,Deaths involving COVID-19,2021,July,80-89,"Fourth dose or booster, at least 21 days ago",<3,0,x,,x,x
Male,Deaths involving COVID-19,2021,July,90+,Unvaccinated,6,338,1773,u,647.4,3859.2
Male,Deaths involving COVID-19,2021,July,90+,"First dose, less than 21 days ago",<3,5,x,,x,x
Male,Deaths involving COVID-19,2021,July,90+,"First dose, at least 21 days ago",<3,111,x,,x,x
Male,Deaths involving COVID-19,2021,July,90+,"Second dose, less than 21 days ago",<3,32,x,,x,x
Male,Deaths involving COVID-19,2021,July,90+,"Second dose, at least 21 days ago",76,12501,607.9,,479,760.9
Male,Deaths involving COVID-19,2021,July,90+,"Third dose or booster, less than 21 days ago",<3,0,x,,x,x
Male,Deaths involving COVID-19,2021,July,90+,"Third dose or booster, at least 21 days ago",<3,0,x,,x,x
Male,Deaths involving COVID-19,2021,July,90+,"Fourth dose or booster, less than 21 days ago",<3,0,x,,x,x
Male,Deaths involving COVID-19,2021,July,90+,"Fourth dose or booster, at least 21 days ago",<3,0,x,,x,x
Male,Deaths involving COVID-19,2021,August,18-39,Unvaccinated,25,139677,20.5,,13.1,30.4
Male,Deaths involving COVID-19,2021,August,18-39,"First dose, less than 21 days ago",<3,12383,x,,x,x
Male,Deaths involving COVID-19,2021,August,18-39,"First dose, at least 21 days ago",3,138683,3.4,u,0.5,10.3
Male,Deaths involving COVID-19,2021,August,18-39,"Second dose, less than 21 days ago",<3,83324,x,,x,x
Male,Deaths involving COVID-19,2021,August,18-39,"Second dose, at least 21 days ago",9,176769,4.2,u,1.8,8.1
Male,Deaths involving COVID-19,2021,August,18-39,"Third dose or booster, less than 21 days ago",<3,3,x,,x,x
Male,Deaths involving COVID-19,2021,August,18-39,"Third dose or booster, at least 21 days ago",<3,7,x,,x,x
Male,Deaths involving COVID-19,2021,August,18-39,"Fourth dose or booster, less than 21 days ago",<3,0,x,,x,x
Male,Deaths involving COVID-19,2021,August,18-39,"Fourth dose or booster, at least 21 days ago",<3,0,x,,x,x
Male,Deaths involving COVID-19,2021,August,40-49,Unvaccinated,35,34493,106.5,,73.9,148.3
Male,Deaths involving COVID-19,2021,August,40-49,"First dose, less than 21 days ago",<3,1344,x,,x,x
Male,Deaths involving COVID-19,2021,August,40-49,"First dose, at least 21 days ago",6,14236,43.9,u,15.6,96.6
Male,Deaths involving COVID-19,2021,August,40-49,"Second dose, less than 21 days ago",<3,17201,x,,x,x
Male,Deaths involving COVID-19,2021,August,40-49,"Second dose, at least 21 days ago",13,199733,6.4,u,3.4,11
Male,Deaths involving COVID-19,2021,August,40-49,"Third dose or booster, less than 21 days ago",<3,2,x,,x,x
Male,Deaths involving COVID-19,2021,August,40-49,"Third dose or booster, at least 21 days ago",<3,7,x,,x,x
Male,Deaths involving COVID-19,2021,August,40-49,"Fourth dose or booster, less than 21 days ago",<3,0,x,,x,x
Male,Deaths involving COVID-19,2021,August,40-49,"Fourth dose or booster, at least 21 days ago",<3,0,x,,x,x
Male,Deaths involving COVID-19,2021,August,50-59,Unvaccinated,82,21126,395.2,,314,490.9
Male,Deaths involving COVID-19,2021,August,50-59,"First dose, less than 21 days ago",<3,557,x,,x,x
Male,Deaths involving COVID-19,2021,August,50-59,"First dose, at least 21 days ago",8,5705,149,u,63.6,294.9
Male,Deaths involving COVID-19,2021,August,50-59,"Second dose, less than 21 days ago",<3,2355,x,,x,x
Male,Deaths involving COVID-19,2021,August,50-59,"Second dose, at least 21 days ago",50,269901,18,,13.3,23.7
Male,Deaths involving COVID-19,2021,August,50-59,"Third dose or booster, less than 21 days ago",<3,3,x,,x,x
Male,Deaths involving COVID-19,2021,August,50-59,"Third dose or booster, at least 21 days ago",<3,10,x,,x,x
Male,Deaths involving COVID-19,2021,August,50-59,"Fourth dose or booster, less than 21 days ago",<3,0,x,,x,x
Male,Deaths involving COVID-19,2021,August,50-59,"Fourth dose or booster, at least 21 days ago",<3,0,x,,x,x
Male,Deaths involving COVID-19,2021,August,60-69,Unvaccinated,86,10055,903.8,,720.3,1119.3
Male,Deaths involving COVID-19,2021,August,60-69,"First dose, less than 21 days ago",<3,193,x,,x,x
Male,Deaths involving COVID-19,2021,August,60-69,"First dose, at least 21 days ago",13,2216,591.7,u,307.7,1023.1
Male,Deaths involving COVID-19,2021,August,60-69,"Second dose, less than 21 days ago",<3,709,x,,x,x
Male,Deaths involving COVID-19,2021,August,60-69,"Second dose, at least 21 days ago",135,226455,60,,49.9,70.1
Male,Deaths involving COVID-19,2021,August,60-69,"Third dose or booster, less than 21 days ago",<3,4,x,,x,x
Male,Deaths involving COVID-19,2021,August,60-69,"Third dose or booster, at least 21 days ago",<3,10,x,,x,x
Male,Deaths involving COVID-19,2021,August,60-69,"Fourth dose or booster, less than 21 days ago",<3,0,x,,x,x
Male,Deaths involving COVID-19,2021,August,60-69,"Fourth dose or booster, at least 21 days ago",<3,0,x,,x,x
Male,Deaths involving COVID-19,2021,August,70-79,Unvaccinated,81,4574,1827.9,,1447.7,2276.5
Male,Deaths involving COVID-19,2021,August,70-79,"First dose, less than 21 days ago",<3,57,x,,x,x
Male,Deaths involving COVID-19,2021,August,70-79,"First dose, at least 21 days ago",13,849,1588.2,u,840.6,2723.7
Male,Deaths involving COVID-19,2021,August,70-79,"Second dose, less than 21 days ago",<3,196,x,,x,x
Male,Deaths involving COVID-19,2021,August,70-79,"Second dose, at least 21 days ago",273,182408,151.2,,133.3,169.2
Male,Deaths involving COVID-19,2021,August,70-79,"Third dose or booster, less than 21 days ago",<3,4,x,,x,x
Male,Deaths involving COVID-19,2021,August,70-79,"Third dose or booster, at least 21 days ago",<3,25,x,,x,x
Male,Deaths involving COVID-19,2021,August,70-79,"Fourth dose or booster, less than 21 days ago",<3,0,x,,x,x
Male,Deaths involving COVID-19,2021,August,70-79,"Fourth dose or booster, at least 21 days ago",<3,0,x,,x,x
Male,Deaths involving COVID-19,2021,August,80-89,Unvaccinated,55,1695,3259.2,,2454.9,4242.8
Male,Deaths involving COVID-19,2021,August,80-89,"First dose, less than 21 days ago",<3,18,x,,x,x
Male,Deaths involving COVID-19,2021,August,80-89,"First dose, at least 21 days ago",9,357,2662.4,u,1215.3,5057.6
Male,Deaths involving COVID-19,2021,August,80-89,"Second dose, less than 21 days ago",<3,68,x,,x,x
Male,Deaths involving COVID-19,2021,August,80-89,"Second dose, at least 21 days ago",362,77393,470.7,,422.2,519.3
Male,Deaths involving COVID-19,2021,August,80-89,"Third dose or booster, less than 21 days ago",<3,1,x,,x,x
Male,Deaths involving COVID-19,2021,August,80-89,"Third dose or booster, at least 21 days ago",<3,10,x,,x,x
Male,Deaths involving COVID-19,2021,August,80-89,"Fourth dose or booster, less than 21 days ago",<3,0,x,,x,x
Male,Deaths involving COVID-19,2021,August,80-89,"Fourth dose or booster, at least 21 days ago",<3,0,x,,x,x
Male,Deaths involving COVID-19,2021,August,90+,Unvaccinated,15,332,4523.5,u,2529.9,7461.3
Male,Deaths involving COVID-19,2021,August,90+,"First dose, less than 21 days ago",<3,3,x,,x,x
Male,Deaths involving COVID-19,2021,August,90+,"First dose, at least 21 days ago",5,91,5513.7,u,1776.9,12867.1
Male,Deaths involving COVID-19,2021,August,90+,"Second dose, less than 21 days ago",<3,14,x,,x,x
Male,Deaths involving COVID-19,2021,August,90+,"Second dose, at least 21 days ago",151,12632,1195.4,,1012.3,1402
Male,Deaths involving COVID-19,2021,August,90+,"Third dose or booster, less than 21 days ago",<3,0,x,,x,x
Male,Deaths involving COVID-19,2021,August,90+,"Third dose or booster, at least 21 days ago",<3,1,x,,x,x
Male,Deaths involving COVID-19,2021,August,90+,"Fourth dose or booster, less than 21 days ago",<3,0,x,,x,x
Male,Deaths involving COVID-19,2021,August,90+,"Fourth dose or booster, at least 21 days ago",<3,0,x,,x,x
Male,Deaths involving COVID-19,2021,September,18-39,Unvaccinated,17,126640,15.2,u,8.7,24.4
Male,Deaths involving COVID-19,2021,September,18-39,"First dose, less than 21 days ago",<3,5828,x,,x,x
Male,Deaths involving COVID-19,2021,September,18-39,"First dose, at least 21 days ago",<3,58757,x,,x,x
Male,Deaths involving COVID-19,2021,September,18-39,"Second dose, less than 21 days ago",<3,55573,x,,x,x
Male,Deaths involving COVID-19,2021,September,18-39,"Second dose, at least 21 days ago",4,286258,1.4,u,0.3,3.6
Male,Deaths involving COVID-19,2021,September,18-39,"Third dose or booster, less than 21 days ago",<3,270,x,,x,x
Male,Deaths involving COVID-19,2021,September,18-39,"Third dose or booster, at least 21 days ago",<3,12,x,,x,x
Male,Deaths involving COVID-19,2021,September,18-39,"Fourth dose or booster, less than 21 days ago",<3,0,x,,x,x
Male,Deaths involving COVID-19,2021,September,18-39,"Fourth dose or booster, at least 21 days ago",<3,0,x,,x,x
Male,Deaths involving COVID-19,2021,September,40-49,Unvaccinated,39,32307,127,,90.1,173.9
Male,Deaths involving COVID-19,2021,September,40-49,"First dose, less than 21 days ago",<3,778,x,,x,x
Male,Deaths involving COVID-19,2021,September,40-49,"First dose, at least 21 days ago",5,9108,61.7,u,19.8,144.7
Male,Deaths involving COVID-19,2021,September,40-49,"Second dose, less than 21 days ago",<3,3620,x,,x,x
Male,Deaths involving COVID-19,2021,September,40-49,"Second dose, at least 21 days ago",11,212213,5.1,u,2.5,9.1
Male,Deaths involving COVID-19,2021,September,40-49,"Third dose or booster, less than 21 days ago",<3,293,x,,x,x
Male,Deaths involving COVID-19,2021,September,40-49,"Third dose or booster, at least 21 days ago",<3,10,x,,x,x
Male,Deaths involving COVID-19,2021,September,40-49,"Fourth dose or booster, less than 21 days ago",<3,0,x,,x,x
Male,Deaths involving COVID-19,2021,September,40-49,"Fourth dose or booster, at least 21 days ago",<3,0,x,,x,x
Male,Deaths involving COVID-19,2021,September,50-59,Unvaccinated,61,20014,319.1,,243.9,410.2
Male,Deaths involving COVID-19,2021,September,50-59,"First dose, less than 21 days ago",<3,323,x,,x,x
Male,Deaths involving COVID-19,2021,September,50-59,"First dose, at least 21 days ago",6,4546,129,u,46.7,282.1
Male,Deaths involving COVID-19,2021,September,50-59,"Second dose, less than 21 days ago",<3,1094,x,,x,x
Male,Deaths involving COVID-19,2021,September,50-59,"Second dose, at least 21 days ago",60,263376,22.4,,17.1,28.9
Male,Deaths involving COVID-19,2021,September,50-59,"Third dose or booster, less than 21 days ago",<3,555,x,,x,x
Male,Deaths involving COVID-19,2021,September,50-59,"Third dose or booster, at least 21 days ago",<3,15,x,,x,x
Male,Deaths involving COVID-19,2021,September,50-59,"Fourth dose or booster, less than 21 days ago",<3,0,x,,x,x
Male,Deaths involving COVID-19,2021,September,50-59,"Fourth dose or booster, at least 21 days ago",<3,0,x,,x,x
Male,Deaths involving COVID-19,2021,September,60-69,Unvaccinated,66,9601,726.1,,559.1,926.6
Male,Deaths involving COVID-19,2021,September,60-69,"First dose, less than 21 days ago",<3,110,x,,x,x
Male,Deaths involving COVID-19,2021,September,60-69,"First dose, at least 21 days ago",6,1840,373.9,u,132.5,822.5
Male,Deaths involving COVID-19,2021,September,60-69,"Second dose, less than 21 days ago",<3,357,x,,x,x
Male,Deaths involving COVID-19,2021,September,60-69,"Second dose, at least 21 days ago",168,219915,77.2,,65.5,88.9
Male,Deaths involving COVID-19,2021,September,60-69,"Third dose or booster, less than 21 days ago",<3,518,x,,x,x
Male,Deaths involving COVID-19,2021,September,60-69,"Third dose or booster, at least 21 days ago",<3,16,x,,x,x
Male,Deaths involving COVID-19,2021,September,60-69,"Fourth dose or booster, less than 21 days ago",<3,0,x,,x,x
Male,Deaths involving COVID-19,2021,September,60-69,"Fourth dose or booster, at least 21 days ago",<3,0,x,,x,x
Male,Deaths involving COVID-19,2021,September,70-79,Unvaccinated,62,4380,1434,,1096,1842.5
Male,Deaths involving COVID-19,2021,September,70-79,"First dose, less than 21 days ago",<3,35,x,,x,x
Male,Deaths involving COVID-19,2021,September,70-79,"First dose, at least 21 days ago",9,723,1194.4,u,542.6,2273.2
Male,Deaths involving COVID-19,2021,September,70-79,"Second dose, less than 21 days ago",<3,110,x,,x,x
Male,Deaths involving COVID-19,2021,September,70-79,"Second dose, at least 21 days ago",401,176220,229.7,,207.2,252.2
Male,Deaths involving COVID-19,2021,September,70-79,"Third dose or booster, less than 21 days ago",<3,810,x,,x,x
Male,Deaths involving COVID-19,2021,September,70-79,"Third dose or booster, at least 21 days ago",<3,30,x,,x,x
Male,Deaths involving COVID-19,2021,September,70-79,"Fourth dose or booster, less than 21 days ago",<3,0,x,,x,x
Male,Deaths involving COVID-19,2021,September,70-79,"Fourth dose or booster, at least 21 days ago",<3,0,x,,x,x
Male,Deaths involving COVID-19,2021,September,80-89,Unvaccinated,60,1619,3731,,2846.6,4803.3
Male,Deaths involving COVID-19,2021,September,80-89,"First dose, less than 21 days ago",<3,10,x,,x,x
Male,Deaths involving COVID-19,2021,September,80-89,"First dose, at least 21 days ago",7,306,2216.3,u,883.8,4579.2
Male,Deaths involving COVID-19,2021,September,80-89,"Second dose, less than 21 days ago",<3,33,x,,x,x
Male,Deaths involving COVID-19,2021,September,80-89,"Second dose, at least 21 days ago",500,73195,686.7,,626.5,746.9
Male,Deaths involving COVID-19,2021,September,80-89,"Third dose or booster, less than 21 days ago",<3,1920,x,,x,x
Male,Deaths involving COVID-19,2021,September,80-89,"Third dose or booster, at least 21 days ago",<3,11,x,,x,x
Male,Deaths involving COVID-19,2021,September,80-89,"Fourth dose or booster, less than 21 days ago",<3,0,x,,x,x
Male,Deaths involving COVID-19,2021,September,80-89,"Fourth dose or booster, at least 21 days ago",<3,0,x,,x,x
Male,Deaths involving COVID-19,2021,September,90+,Unvaccinated,13,317,4100.5,u,2181.2,7012.5
Male,Deaths involving COVID-19,2021,September,90+,"First dose, less than 21 days ago",<3,2,x,,x,x
Male,Deaths involving COVID-19,2021,September,90+,"First dose, at least 21 days ago",5,79,6295,u,2028.6,14690.5
Male,Deaths involving COVID-19,2021,September,90+,"Second dose, less than 21 days ago",<3,6,x,,x,x
Male,Deaths involving COVID-19,2021,September,90+,"Second dose, at least 21 days ago",164,12070,1358.7,,1158.7,1583.3
Male,Deaths involving COVID-19,2021,September,90+,"Third dose or booster, less than 21 days ago",<3,242,x,,x,x
Male,Deaths involving COVID-19,2021,September,90+,"Third dose or booster, at least 21 days ago",<3,1,x,,x,x
Male,Deaths involving COVID-19,2021,September,90+,"Fourth dose or booster, less than 21 days ago",<3,0,x,,x,x
Male,Deaths involving COVID-19,2021,September,90+,"Fourth dose or booster, at least 21 days ago",<3,0,x,,x,x
Male,Deaths involving COVID-19,2021,October,18-39,Unvaccinated,17,125734,15.9,u,9.2,25.5
Male,Deaths involving COVID-19,2021,October,18-39,"First dose, less than 21 days ago",<3,3646,x,,x,x
Male,Deaths involving COVID-19,2021,October,18-39,"First dose, at least 21 days ago",<3,40918,x,,x,x
Male,Deaths involving COVID-19,2021,October,18-39,"Second dose, less than 21 days ago",<3,15521,x,,x,x
Male,Deaths involving COVID-19,2021,October,18-39,"Second dose, at least 21 days ago",5,359398,1.4,u,0.4,3.2
Male,Deaths involving COVID-19,2021,October,18-39,"Third dose or booster, less than 21 days ago",<3,4848,x,,x,x
Male,Deaths involving COVID-19,2021,October,18-39,"Third dose or booster, at least 21 days ago",<3,1237,x,,x,x
Male,Deaths involving COVID-19,2021,October,18-39,"Fourth dose or booster, less than 21 days ago",<3,1,x,,x,x
Male,Deaths involving COVID-19,2021,October,18-39,"Fourth dose or booster, at least 21 days ago",<3,0,x,,x,x
Male,Deaths involving COVID-19,2021,October,40-49,Unvaccinated,29,32545,93.3,,62.2,133.8
Male,Deaths involving COVID-19,2021,October,40-49,"First dose, less than 21 days ago",<3,642,x,,x,x
Male,Deaths involving COVID-19,2021,October,40-49,"First dose, at least 21 days ago",<3,7815,x,,x,x
Male,Deaths involving COVID-19,2021,October,40-49,"Second dose, less than 21 days ago",<3,1712,x,,x,x
Male,Deaths involving COVID-19,2021,October,40-49,"Second dose, at least 21 days ago",18,218268,8.2,u,4.9,13
Male,Deaths involving COVID-19,2021,October,40-49,"Third dose or booster, less than 21 days ago",<3,4557,x,,x,x
Male,Deaths involving COVID-19,2021,October,40-49,"Third dose or booster, at least 21 days ago",<3,1260,x,,x,x
Male,Deaths involving COVID-19,2021,October,40-49,"Fourth dose or booster, less than 21 days ago",<3,2,x,,x,x
Male,Deaths involving COVID-19,2021,October,40-49,"Fourth dose or booster, at least 21 days ago",<3,0,x,,x,x
Male,Deaths involving COVID-19,2021,October,50-59,Unvaccinated,51,20359,251.9,,187.3,331.5
Male,Deaths involving COVID-19,2021,October,50-59,"First dose, less than 21 days ago",<3,274,x,,x,x
Male,Deaths involving COVID-19,2021,October,50-59,"First dose, at least 21 days ago",<3,4166,x,,x,x
Male,Deaths involving COVID-19,2021,October,50-59,"Second dose, less than 21 days ago",<3,655,x,,x,x
Male,Deaths involving COVID-19,2021,October,50-59,"Second dose, at least 21 days ago",60,262493,22.2,,17,28.6
Male,Deaths involving COVID-19,2021,October,50-59,"Third dose or booster, less than 21 days ago",<3,9172,x,,x,x
Male,Deaths involving COVID-19,2021,October,50-59,"Third dose or booster, at least 21 days ago",<3,2440,x,,x,x
Male,Deaths involving COVID-19,2021,October,50-59,"Fourth dose or booster, less than 21 days ago",<3,3,x,,x,x
Male,Deaths involving COVID-19,2021,October,50-59,"Fourth dose or booster, at least 21 days ago",<3,1,x,,x,x
Male,Deaths involving COVID-19,2021,October,60-69,Unvaccinated,73,9828,785.5,,613.2,990.6
Male,Deaths involving COVID-19,2021,October,60-69,"First dose, less than 21 days ago",<3,94,x,,x,x
Male,Deaths involving COVID-19,2021,October,60-69,"First dose, at least 21 days ago",8,1716,553.1,u,233.9,1098.3
Male,Deaths involving COVID-19,2021,October,60-69,"Second dose, less than 21 days ago",<3,233,x,,x,x
Male,Deaths involving COVID-19,2021,October,60-69,"Second dose, at least 21 days ago",179,213557,84.8,,72.4,97.2
Male,Deaths involving COVID-19,2021,October,60-69,"Third dose or booster, less than 21 days ago",5,12699,41.9,u,13.2,98.5
Male,Deaths involving COVID-19,2021,October,60-69,"Third dose or booster, at least 21 days ago",<3,2441,x,,x,x
Male,Deaths involving COVID-19,2021,October,60-69,"Fourth dose or booster, less than 21 days ago",<3,3,x,,x,x
Male,Deaths involving COVID-19,2021,October,60-69,"Fourth dose or booster, at least 21 days ago",<3,1,x,,x,x
Male,Deaths involving COVID-19,2021,October,70-79,Unvaccinated,54,4490,1233.6,,923.6,1613.4
Male,Deaths involving COVID-19,2021,October,70-79,"First dose, less than 21 days ago",<3,32,x,,x,x
Male,Deaths involving COVID-19,2021,October,70-79,"First dose, at least 21 days ago",6,671,882.8,u,319.9,1929
Male,Deaths involving COVID-19,2021,October,70-79,"Second dose, less than 21 days ago",<3,80,x,,x,x
Male,Deaths involving COVID-19,2021,October,70-79,"Second dose, at least 21 days ago",396,140193,294.3,,265.1,323.5
Male,Deaths involving COVID-19,2021,October,70-79,"Third dose or booster, less than 21 days ago",19,37752,48.8,u,28.7,77
Male,Deaths involving COVID-19,2021,October,70-79,"Third dose or booster, at least 21 days ago",3,5346,54.4,u,8.2,166.2
Male,Deaths involving COVID-19,2021,October,70-79,"Fourth dose or booster, less than 21 days ago",<3,5,x,,x,x
Male,Deaths involving COVID-19,2021,October,70-79,"Fourth dose or booster, at least 21 days ago",<3,1,x,,x,x
Male,Deaths involving COVID-19,2021,October,80-89,Unvaccinated,55,1649,3349.6,,2522.8,4360.6
Male,Deaths involving COVID-19,2021,October,80-89,"First dose, less than 21 days ago",<3,13,x,,x,x
Male,Deaths involving COVID-19,2021,October,80-89,"First dose, at least 21 days ago",10,278,3612.3,u,1725,6654.8
Male,Deaths involving COVID-19,2021,October,80-89,"Second dose, less than 21 days ago",<3,32,x,,x,x
Male,Deaths involving COVID-19,2021,October,80-89,"Second dose, at least 21 days ago",438,37885,1159.7,,1051.1,1268.4
Male,Deaths involving COVID-19,2021,October,80-89,"Third dose or booster, less than 21 days ago",47,30401,155.8,,114.5,207.2
Male,Deaths involving COVID-19,2021,October,80-89,"Third dose or booster, at least 21 days ago",11,9519,115,u,57.4,205.8
Male,Deaths involving COVID-19,2021,October,80-89,"Fourth dose or booster, less than 21 days ago",<3,4,x,,x,x
Male,Deaths involving COVID-19,2021,October,80-89,"Fourth dose or booster, at least 21 days ago",<3,1,x,,x,x
Male,Deaths involving COVID-19,2021,October,90+,Unvaccinated,11,322,3415.8,u,1702.8,6112.2
Male,Deaths involving COVID-19,2021,October,90+,"First dose, less than 21 days ago",<3,3,x,,x,x
Male,Deaths involving COVID-19,2021,October,90+,"First dose, at least 21 days ago",6,72,8383.4,u,3061.2,18247.7
Male,Deaths involving COVID-19,2021,October,90+,"Second dose, less than 21 days ago",<3,7,x,,x,x
Male,Deaths involving COVID-19,2021,October,90+,"Second dose, at least 21 days ago",206,7104,2899.7,,2517.2,3323.9
Male,Deaths involving COVID-19,2021,October,90+,"Third dose or booster, less than 21 days ago",20,4386,456,,278.4,704.3
Male,Deaths involving COVID-19,2021,October,90+,"Third dose or booster, at least 21 days ago",6,1294,463.5,u,169.3,1009
Male,Deaths involving COVID-19,2021,October,90+,"Fourth dose or booster, less than 21 days ago",<3,1,x,,x,x
Male,Deaths involving COVID-19,2021,October,90+,"Fourth dose or booster, at least 21 days ago",<3,0,x,,x,x
Male,Deaths involving COVID-19,2021,November,18-39,Unvaccinated,15,117934,14.7,u,8.2,24.3
Male,Deaths involving COVID-19,2021,November,18-39,"First dose, less than 21 days ago",<3,2783,x,,x,x
Male,Deaths involving COVID-19,2021,November,18-39,"First dose, at least 21 days ago",<3,33538,x,,x,x
Male,Deaths involving COVID-19,2021,November,18-39,"Second dose, less than 21 days ago",<3,7481,x,,x,x
Male,Deaths involving COVID-19,2021,November,18-39,"Second dose, at least 21 days ago",5,354439,1.3,u,0.4,3.1
Male,Deaths involving COVID-19,2021,November,18-39,"Third dose or booster, less than 21 days ago",<3,8748,x,,x,x
Male,Deaths involving COVID-19,2021,November,18-39,"Third dose or booster, at least 21 days ago",<3,8704,x,,x,x
Male,Deaths involving COVID-19,2021,November,18-39,"Fourth dose or booster, less than 21 days ago",<3,3,x,,x,x
Male,Deaths involving COVID-19,2021,November,18-39,"Fourth dose or booster, at least 21 days ago",<3,2,x,,x,x
Male,Deaths involving COVID-19,2021,November,40-49,Unvaccinated,38,30864,132.5,,93.6,182.2
Male,Deaths involving COVID-19,2021,November,40-49,"First dose, less than 21 days ago",<3,499,x,,x,x
Male,Deaths involving COVID-19,2021,November,40-49,"First dose, at least 21 days ago",<3,6794,x,,x,x
Male,Deaths involving COVID-19,2021,November,40-49,"Second dose, less than 21 days ago",<3,1129,x,,x,x
Male,Deaths involving COVID-19,2021,November,40-49,"Second dose, at least 21 days ago",27,199720,13.5,,8.9,19.7
Male,Deaths involving COVID-19,2021,November,40-49,"Third dose or booster, less than 21 days ago",<3,10701,x,,x,x
Male,Deaths involving COVID-19,2021,November,40-49,"Third dose or booster, at least 21 days ago",<3,8309,x,,x,x
Male,Deaths involving COVID-19,2021,November,40-49,"Fourth dose or booster, less than 21 days ago",<3,3,x,,x,x
Male,Deaths involving COVID-19,2021,November,40-49,"Fourth dose or booster, at least 21 days ago",<3,3,x,,x,x
Male,Deaths involving COVID-19,2021,November,50-59,Unvaccinated,78,19441,407.9,,322.2,509.5
Male,Deaths involving COVID-19,2021,November,50-59,"First dose, less than 21 days ago",<3,230,x,,x,x
Male,Deaths involving COVID-19,2021,November,50-59,"First dose, at least 21 days ago",4,3726,109.6,u,29.2,281.8
Male,Deaths involving COVID-19,2021,November,50-59,"Second dose, less than 21 days ago",<3,486,x,,x,x
Male,Deaths involving COVID-19,2021,November,50-59,"Second dose, at least 21 days ago",82,215242,38,,30.2,47.1
Male,Deaths involving COVID-19,2021,November,50-59,"Third dose or booster, less than 21 days ago",<3,33263,x,,x,x
Male,Deaths involving COVID-19,2021,November,50-59,"Third dose or booster, at least 21 days ago",8,17477,43.2,u,18.4,85.5
Male,Deaths involving COVID-19,2021,November,50-59,"Fourth dose or booster, less than 21 days ago",<3,6,x,,x,x
Male,Deaths involving COVID-19,2021,November,50-59,"Fourth dose or booster, at least 21 days ago",<3,6,x,,x,x
Male,Deaths involving COVID-19,2021,November,60-69,Unvaccinated,88,9432,982.2,,784.9,1213.6
Male,Deaths involving COVID-19,2021,November,60-69,"First dose, less than 21 days ago",<3,87,x,,x,x
Male,Deaths involving COVID-19,2021,November,60-69,"First dose, at least 21 days ago",9,1542,636.2,u,282.8,1221.2
Male,Deaths involving COVID-19,2021,November,60-69,"Second dose, less than 21 days ago",<3,173,x,,x,x
Male,Deaths involving COVID-19,2021,November,60-69,"Second dose, at least 21 days ago",201,133446,166.3,,142.8,189.7
Male,Deaths involving COVID-19,2021,November,60-69,"Third dose or booster, less than 21 days ago",9,61427,14.1,u,6.3,27.2
Male,Deaths involving COVID-19,2021,November,60-69,"Third dose or booster, at least 21 days ago",20,27182,66.2,,39.8,103.1
Male,Deaths involving COVID-19,2021,November,60-69,"Fourth dose or booster, less than 21 days ago",<3,9,x,,x,x
Male,Deaths involving COVID-19,2021,November,60-69,"Fourth dose or booster, at least 21 days ago",<3,6,x,,x,x
Male,Deaths involving COVID-19,2021,November,70-79,Unvaccinated,82,4306,1958.2,,1553.5,2435.2
Male,Deaths involving COVID-19,2021,November,70-79,"First dose, less than 21 days ago",<3,30,x,,x,x
Male,Deaths involving COVID-19,2021,November,70-79,"First dose, at least 21 days ago",7,597,1275.3,u,508.1,2635.9
Male,Deaths involving COVID-19,2021,November,70-79,"Second dose, less than 21 days ago",<3,63,x,,x,x
Male,Deaths involving COVID-19,2021,November,70-79,"Second dose, at least 21 days ago",404,41256,1091.5,,982.5,1200.5
Male,Deaths involving COVID-19,2021,November,70-79,"Third dose or booster, less than 21 days ago",35,64712,57.8,,40.1,80.6
Male,Deaths involving COVID-19,2021,November,70-79,"Third dose or booster, at least 21 days ago",64,71587,85.4,,65.4,109.5
Male,Deaths involving COVID-19,2021,November,70-79,"Fourth dose or booster, less than 21 days ago",<3,8,x,,x,x
Male,Deaths involving COVID-19,2021,November,70-79,"Fourth dose or booster, at least 21 days ago",<3,9,x,,x,x
Male,Deaths involving COVID-19,2021,November,80-89,Unvaccinated,52,1570,3308.2,,2470.3,4338.8
Male,Deaths involving COVID-19,2021,November,80-89,"First dose, less than 21 days ago",<3,12,x,,x,x
Male,Deaths involving COVID-19,2021,November,80-89,"First dose, at least 21 days ago",14,241,5665.4,u,3090.9,9515.3
Male,Deaths involving COVID-19,2021,November,80-89,"Second dose, less than 21 days ago",<3,27,x,,x,x
Male,Deaths involving COVID-19,2021,November,80-89,"Second dose, at least 21 days ago",333,10884,3021.6,,2696.7,3346.5
Male,Deaths involving COVID-19,2021,November,80-89,"Third dose or booster, less than 21 days ago",24,14104,172.6,,110.5,257
Male,Deaths involving COVID-19,2021,November,80-89,"Third dose or booster, at least 21 days ago",101,50433,201.5,,162.2,240.8
Male,Deaths involving COVID-19,2021,November,80-89,"Fourth dose or booster, less than 21 days ago",<3,4,x,,x,x
Male,Deaths involving COVID-19,2021,November,80-89,"Fourth dose or booster, at least 21 days ago",<3,7,x,,x,x
Male,Deaths involving COVID-19,2021,November,90+,Unvaccinated,19,305,6227.3,u,3747.5,9725.2
Male,Deaths involving COVID-19,2021,November,90+,"First dose, less than 21 days ago",<3,2,x,,x,x
Male,Deaths involving COVID-19,2021,November,90+,"First dose, at least 21 days ago",<3,60,x,,x,x
Male,Deaths involving COVID-19,2021,November,90+,"Second dose, less than 21 days ago",<3,6,x,,x,x
Male,Deaths involving COVID-19,2021,November,90+,"Second dose, at least 21 days ago",155,2655,5839,,4955.9,6834
Male,Deaths involving COVID-19,2021,November,90+,"Third dose or booster, less than 21 days ago",17,2388,711.9,u,414.5,1139.9
Male,Deaths involving COVID-19,2021,November,90+,"Third dose or booster, at least 21 days ago",25,7365,339.4,,219.6,501.1
Male,Deaths involving COVID-19,2021,November,90+,"Fourth dose or booster, less than 21 days ago",<3,0,x,,x,x
Male,Deaths involving COVID-19,2021,November,90+,"Fourth dose or booster, at least 21 days ago",<3,1,x,,x,x
Male,Deaths involving COVID-19,2021,December,18-39,Unvaccinated,31,117537,28.6,,19.3,40.7
Male,Deaths involving COVID-19,2021,December,18-39,"First dose, less than 21 days ago",<3,3438,x,,x,x
Male,Deaths involving COVID-19,2021,December,18-39,"First dose, at least 21 days ago",<3,28851,x,,x,x
Male,Deaths involving COVID-19,2021,December,18-39,"Second dose, less than 21 days ago",<3,7585,x,,x,x
Male,Deaths involving COVID-19,2021,December,18-39,"Second dose, at least 21 days ago",7,298917,2.3,u,0.9,4.8
Male,Deaths involving COVID-19,2021,December,18-39,"Third dose or booster, less than 21 days ago",<3,70981,x,,x,x
Male,Deaths involving COVID-19,2021,December,18-39,"Third dose or booster, at least 21 days ago",<3,24173,x,,x,x
Male,Deaths involving COVID-19,2021,December,18-39,"Fourth dose or booster, less than 21 days ago",<3,20,x,,x,x
Male,Deaths involving COVID-19,2021,December,18-39,"Fourth dose or booster, at least 21 days ago",<3,7,x,,x,x
Male,Deaths involving COVID-19,2021,December,40-49,Unvaccinated,53,31198,174.7,,130.5,228.9
Male,Deaths involving COVID-19,2021,December,40-49,"First dose, less than 21 days ago",<3,576,x,,x,x
Male,Deaths involving COVID-19,2021,December,40-49,"First dose, at least 21 days ago",<3,6082,x,,x,x
Male,Deaths involving COVID-19,2021,December,40-49,"Second dose, less than 21 days ago",<3,1238,x,,x,x
Male,Deaths involving COVID-19,2021,December,40-49,"Second dose, at least 21 days ago",24,128475,18.9,,12.1,28.1
Male,Deaths involving COVID-19,2021,December,40-49,"Third dose or booster, less than 21 days ago",<3,68485,x,,x,x
Male,Deaths involving COVID-19,2021,December,40-49,"Third dose or booster, at least 21 days ago",3,30408,9.6,u,1.9,28.2
Male,Deaths involving COVID-19,2021,December,40-49,"Fourth dose or booster, less than 21 days ago",<3,20,x,,x,x
Male,Deaths involving COVID-19,2021,December,40-49,"Fourth dose or booster, at least 21 days ago",<3,8,x,,x,x
Male,Deaths involving COVID-19,2021,December,50-59,Unvaccinated,66,19779,345.4,,266.9,439.7
Male,Deaths involving COVID-19,2021,December,50-59,"First dose, less than 21 days ago",<3,270,x,,x,x
Male,Deaths involving COVID-19,2021,December,50-59,"First dose, at least 21 days ago",5,3478,143,u,45.7,335.1
Male,Deaths involving COVID-19,2021,December,50-59,"Second dose, less than 21 days ago",<3,534,x,,x,x
Male,Deaths involving COVID-19,2021,December,50-59,"Second dose, at least 21 days ago",59,91142,66.5,,50.6,85.8
Male,Deaths involving COVID-19,2021,December,50-59,"Third dose or booster, less than 21 days ago",4,99001,3.8,u,1,9.7
Male,Deaths involving COVID-19,2021,December,50-59,"Third dose or booster, at least 21 days ago",13,85254,13.9,u,7.3,23.8
Male,Deaths involving COVID-19,2021,December,50-59,"Fourth dose or booster, less than 21 days ago",<3,27,x,,x,x
Male,Deaths involving COVID-19,2021,December,50-59,"Fourth dose or booster, at least 21 days ago",<3,18,x,,x,x
Male,Deaths involving COVID-19,2021,December,60-69,Unvaccinated,91,9650,979,,785.3,1205.5
Male,Deaths involving COVID-19,2021,December,60-69,"First dose, less than 21 days ago",<3,101,x,,x,x
Male,Deaths involving COVID-19,2021,December,60-69,"First dose, at least 21 days ago",8,1467,547.2,u,228.1,1092
Male,Deaths involving COVID-19,2021,December,60-69,"Second dose, less than 21 days ago",<3,192,x,,x,x
Male,Deaths involving COVID-19,2021,December,60-69,"Second dose, at least 21 days ago",118,37096,367.9,,298.2,437.7
Male,Deaths involving COVID-19,2021,December,60-69,"Third dose or booster, less than 21 days ago",12,63763,23.2,u,11.8,40.8
Male,Deaths involving COVID-19,2021,December,60-69,"Third dose or booster, at least 21 days ago",56,129169,43.4,,32.6,56.5
Male,Deaths involving COVID-19,2021,December,60-69,"Fourth dose or booster, less than 21 days ago",<3,19,x,,x,x
Male,Deaths involving COVID-19,2021,December,60-69,"Fourth dose or booster, at least 21 days ago",<3,22,x,,x,x
Male,Deaths involving COVID-19,2021,December,70-79,Unvaccinated,93,4403,2206.5,,1777.1,2707.6
Male,Deaths involving COVID-19,2021,December,70-79,"First dose, less than 21 days ago",<3,34,x,,x,x
Male,Deaths involving COVID-19,2021,December,70-79,"First dose, at least 21 days ago",9,563,1576.7,u,713.8,3005
Male,Deaths involving COVID-19,2021,December,70-79,"Second dose, less than 21 days ago",<3,69,x,,x,x
Male,Deaths involving COVID-19,2021,December,70-79,"Second dose, at least 21 days ago",155,10256,1561.5,,1313.2,1809.7
Male,Deaths involving COVID-19,2021,December,70-79,"Third dose or booster, less than 21 days ago",16,15812,114.1,u,63.9,187.2
Male,Deaths involving COVID-19,2021,December,70-79,"Third dose or booster, at least 21 days ago",114,157548,72,,58.8,85.3
Male,Deaths involving COVID-19,2021,December,70-79,"Fourth dose or booster, less than 21 days ago",<3,10,x,,x,x
Male,Deaths involving COVID-19,2021,December,70-79,"Fourth dose or booster, at least 21 days ago",<3,21,x,,x,x
Male,Deaths involving COVID-19,2021,December,80-89,Unvaccinated,88,1592,5550.5,,4451.1,6839.1
Male,Deaths involving COVID-19,2021,December,80-89,"First dose, less than 21 days ago",<3,14,x,,x,x
Male,Deaths involving COVID-19,2021,December,80-89,"First dose, at least 21 days ago",17,222,7536.6,u,4380.9,12080.4
Male,Deaths involving COVID-19,2021,December,80-89,"Second dose, less than 21 days ago",<3,29,x,,x,x
Male,Deaths involving COVID-19,2021,December,80-89,"Second dose, at least 21 days ago",225,4093,5411.7,,4702.5,6120.9
Male,Deaths involving COVID-19,2021,December,80-89,"Third dose or booster, less than 21 days ago",20,3881,505,,308.2,780.3
Male,Deaths involving COVID-19,2021,December,80-89,"Third dose or booster, at least 21 days ago",177,70057,254.8,,217.2,292.3
Male,Deaths involving COVID-19,2021,December,80-89,"Fourth dose or booster, less than 21 days ago",<3,4,x,,x,x
Male,Deaths involving COVID-19,2021,December,80-89,"Fourth dose or booster, at least 21 days ago",<3,12,x,,x,x
Male,Deaths involving COVID-19,2021,December,90+,Unvaccinated,27,307,8784.3,,5787.5,12781.3
Male,Deaths involving COVID-19,2021,December,90+,"First dose, less than 21 days ago",<3,3,x,,x,x
Male,Deaths involving COVID-19,2021,December,90+,"First dose, at least 21 days ago",4,54,7449.9,u,2004.2,19073.4
Male,Deaths involving COVID-19,2021,December,90+,"Second dose, less than 21 days ago",<3,7,x,,x,x
Male,Deaths involving COVID-19,2021,December,90+,"Second dose, at least 21 days ago",86,1023,8409,,6725.9,10385.2
Male,Deaths involving COVID-19,2021,December,90+,"Third dose or booster, less than 21 days ago",12,989,1213,u,626.1,2119.1
Male,Deaths involving COVID-19,2021,December,90+,"Third dose or booster, at least 21 days ago",80,10805,740.4,,587,921.5
Male,Deaths involving COVID-19,2021,December,90+,"Fourth dose or booster, less than 21 days ago",<3,1,x,,x,x
Male,Deaths involving COVID-19,2021,December,90+,"Fourth dose or booster, at least 21 days ago",<3,2,x,,x,x
Male,Deaths involving COVID-19,2022,January,18-39,Unvaccinated,15,112636,14.2,u,7.9,23.5
Male,Deaths involving COVID-19,2022,January,18-39,"First dose, less than 21 days ago",<3,3455,x,,x,x
Male,Deaths involving COVID-19,2022,January,18-39,"First dose, at least 21 days ago",<3,25808,x,,x,x
Male,Deaths involving COVID-19,2022,January,18-39,"Second dose, less than 21 days ago",<3,5347,x,,x,x
Male,Deaths involving COVID-19,2022,January,18-39,"Second dose, at least 21 days ago",6,178478,3.6,u,1.3,7.9
Male,Deaths involving COVID-19,2022,January,18-39,"Third dose or booster, less than 21 days ago",<3,74793,x,,x,x
Male,Deaths involving COVID-19,2022,January,18-39,"Third dose or booster, at least 21 days ago",4,150959,2.8,u,0.7,7.4
Male,Deaths involving COVID-19,2022,January,18-39,"Fourth dose or booster, less than 21 days ago",<3,27,x,,x,x
Male,Deaths involving COVID-19,2022,January,18-39,"Fourth dose or booster, at least 21 days ago",<3,44,x,,x,x
Male,Deaths involving COVID-19,2022,January,40-49,Unvaccinated,20,30497,69.2,,42.1,107.1
Male,Deaths involving COVID-19,2022,January,40-49,"First dose, less than 21 days ago",<3,529,x,,x,x
Male,Deaths involving COVID-19,2022,January,40-49,"First dose, at least 21 days ago",3,5480,64.2,u,13.2,187.6
Male,Deaths involving COVID-19,2022,January,40-49,"Second dose, less than 21 days ago",<3,939,x,,x,x
Male,Deaths involving COVID-19,2022,January,40-49,"Second dose, at least 21 days ago",10,56102,18.4,u,8.8,33.8
Male,Deaths involving COVID-19,2022,January,40-49,"Third dose or booster, less than 21 days ago",<3,35959,x,,x,x
Male,Deaths involving COVID-19,2022,January,40-49,"Third dose or booster, at least 21 days ago",12,136788,8.6,u,4.4,15
Male,Deaths involving COVID-19,2022,January,40-49,"Fourth dose or booster, less than 21 days ago",<3,18,x,,x,x
Male,Deaths involving COVID-19,2022,January,40-49,"Fourth dose or booster, at least 21 days ago",<3,40,x,,x,x
Male,Deaths involving COVID-19,2022,January,50-59,Unvaccinated,59,19458,304.8,,231.8,393.5
Male,Deaths involving COVID-19,2022,January,50-59,"First dose, less than 21 days ago",<3,248,x,,x,x
Male,Deaths involving COVID-19,2022,January,50-59,"First dose, at least 21 days ago",7,3220,224.6,u,89.5,464.1
Male,Deaths involving COVID-19,2022,January,50-59,"Second dose, less than 21 days ago",<3,434,x,,x,x
Male,Deaths involving COVID-19,2022,January,50-59,"Second dose, at least 21 days ago",41,35147,121.6,,87.1,165.2
Male,Deaths involving COVID-19,2022,January,50-59,"Third dose or booster, less than 21 days ago",3,23121,12.8,u,2.6,37.4
Male,Deaths involving COVID-19,2022,January,50-59,"Third dose or booster, at least 21 days ago",31,217641,13.8,,9.3,19.6
Male,Deaths involving COVID-19,2022,January,50-59,"Fourth dose or booster, less than 21 days ago",<3,18,x,,x,x
Male,Deaths involving COVID-19,2022,January,50-59,"Fourth dose or booster, at least 21 days ago",<3,59,x,,x,x
Male,Deaths involving COVID-19,2022,January,60-69,Unvaccinated,104,9561,1143,,920,1366
Male,Deaths involving COVID-19,2022,January,60-69,"First dose, less than 21 days ago",<3,89,x,,x,x
Male,Deaths involving COVID-19,2022,January,60-69,"First dose, at least 21 days ago",10,1372,809.1,u,378.8,1502.7
Male,Deaths involving COVID-19,2022,January,60-69,"Second dose, less than 21 days ago",<3,162,x,,x,x
Male,Deaths involving COVID-19,2022,January,60-69,"Second dose, at least 21 days ago",101,14699,772.8,,618.2,927.5
Male,Deaths involving COVID-19,2022,January,60-69,"Third dose or booster, less than 21 days ago",6,8725,100.1,u,35.3,220.7
Male,Deaths involving COVID-19,2022,January,60-69,"Third dose or booster, at least 21 days ago",125,207218,60.4,,49.8,71
Male,Deaths involving COVID-19,2022,January,60-69,"Fourth dose or booster, less than 21 days ago",<3,13,x,,x,x
Male,Deaths involving COVID-19,2022,January,60-69,"Fourth dose or booster, at least 21 days ago",<3,50,x,,x,x
Male,Deaths involving COVID-19,2022,January,70-79,Unvaccinated,110,4356,2589.3,,2101.2,3077.5
Male,Deaths involving COVID-19,2022,January,70-79,"First dose, less than 21 days ago",<3,28,x,,x,x
Male,Deaths involving COVID-19,2022,January,70-79,"First dose, at least 21 days ago",17,528,3299,u,1909.6,5299.7
Male,Deaths involving COVID-19,2022,January,70-79,"Second dose, less than 21 days ago",<3,54,x,,x,x
Male,Deaths involving COVID-19,2022,January,70-79,"Second dose, at least 21 days ago",147,5379,2841.4,,2379,3303.8
Male,Deaths involving COVID-19,2022,January,70-79,"Third dose or booster, less than 21 days ago",14,2098,722.6,u,392.1,1216.9
Male,Deaths involving COVID-19,2022,January,70-79,"Third dose or booster, at least 21 days ago",366,176380,207.8,,186.5,229.1
Male,Deaths involving COVID-19,2022,January,70-79,"Fourth dose or booster, less than 21 days ago",<3,9,x,,x,x
Male,Deaths involving COVID-19,2022,January,70-79,"Fourth dose or booster, at least 21 days ago",<3,37,x,,x,x
Male,Deaths involving COVID-19,2022,January,80-89,Unvaccinated,94,1567,6052.1,,4889.8,7407.3
Male,Deaths involving COVID-19,2022,January,80-89,"First dose, less than 21 days ago",3,9,25601.6,u,5279.6,74818.7
Male,Deaths involving COVID-19,2022,January,80-89,"First dose, at least 21 days ago",19,201,9136.2,u,5495.3,14274.8
Male,Deaths involving COVID-19,2022,January,80-89,"Second dose, less than 21 days ago",<3,21,x,,x,x
Male,Deaths involving COVID-19,2022,January,80-89,"Second dose, at least 21 days ago",236,2261,10283.7,,8969.8,11597.7
Male,Deaths involving COVID-19,2022,January,80-89,"Third dose or booster, less than 21 days ago",14,807,1687.3,u,919.3,2835.7
Male,Deaths involving COVID-19,2022,January,80-89,"Third dose or booster, at least 21 days ago",640,75058,860.3,,793.7,927
Male,Deaths involving COVID-19,2022,January,80-89,"Fourth dose or booster, less than 21 days ago",<3,3,x,,x,x
Male,Deaths involving COVID-19,2022,January,80-89,"Fourth dose or booster, at least 21 days ago",<3,18,x,,x,x
Male,Deaths involving COVID-19,2022,January,90+,Unvaccinated,40,300,13343.9,,9531.9,18171.2
Male,Deaths involving COVID-19,2022,January,90+,"First dose, less than 21 days ago",<3,2,x,,x,x
Male,Deaths involving COVID-19,2022,January,90+,"First dose, at least 21 days ago",9,48,18816.5,u,8586.2,35722
Male,Deaths involving COVID-19,2022,January,90+,"Second dose, less than 21 days ago",<3,5,x,,x,x
Male,Deaths involving COVID-19,2022,January,90+,"Second dose, at least 21 days ago",125,505,24747.4,,20599.1,29485.7
Male,Deaths involving COVID-19,2022,January,90+,"Third dose or booster, less than 21 days ago",18,220,8186.8,u,4849.5,12939.4
Male,Deaths involving COVID-19,2022,January,90+,"Third dose or booster, at least 21 days ago",316,12092,2613.4,,2333.1,2918
Male,Deaths involving COVID-19,2022,January,90+,"Fourth dose or booster, less than 21 days ago",<3,0,x,,x,x
Male,Deaths involving COVID-19,2022,January,90+,"Fourth dose or booster, at least 21 days ago",<3,3,x,,x,x
Male,Deaths involving COVID-19,2022,February,18-39,Unvaccinated,5,99355,6.5,u,2.1,15.1
Male,Deaths involving COVID-19,2022,February,18-39,"First dose, less than 21 days ago",<3,1595,x,,x,x
Male,Deaths involving COVID-19,2022,February,18-39,"First dose, at least 21 days ago",<3,23575,x,,x,x
Male,Deaths involving COVID-19,2022,February,18-39,"Second dose, less than 21 days ago",<3,2786,x,,x,x
Male,Deaths involving COVID-19,2022,February,18-39,"Second dose, at least 21 days ago",<3,145432,x,,x,x
Male,Deaths involving COVID-19,2022,February,18-39,"Third dose or booster, less than 21 days ago",<3,11793,x,,x,x
Male,Deaths involving COVID-19,2022,February,18-39,"Third dose or booster, at least 21 days ago",<3,213465,x,,x,x
Male,Deaths involving COVID-19,2022,February,18-39,"Fourth dose or booster, less than 21 days ago",<3,13,x,,x,x
Male,Deaths involving COVID-19,2022,February,18-39,"Fourth dose or booster, at least 21 days ago",<3,70,x,,x,x
Male,Deaths involving COVID-19,2022,February,40-49,Unvaccinated,6,27270,24.3,u,8.8,52.9
Male,Deaths involving COVID-19,2022,February,40-49,"First dose, less than 21 days ago",<3,222,x,,x,x
Male,Deaths involving COVID-19,2022,February,40-49,"First dose, at least 21 days ago",<3,4870,x,,x,x
Male,Deaths involving COVID-19,2022,February,40-49,"Second dose, less than 21 days ago",<3,478,x,,x,x
Male,Deaths involving COVID-19,2022,February,40-49,"Second dose, at least 21 days ago",8,44127,17.8,u,7.6,35.3
Male,Deaths involving COVID-19,2022,February,40-49,"Third dose or booster, less than 21 days ago",<3,3696,x,,x,x
Male,Deaths involving COVID-19,2022,February,40-49,"Third dose or booster, at least 21 days ago",5,159650,3.1,u,1,7.3
Male,Deaths involving COVID-19,2022,February,40-49,"Fourth dose or booster, less than 21 days ago",<3,8,x,,x,x
Male,Deaths involving COVID-19,2022,February,40-49,"Fourth dose or booster, at least 21 days ago",<3,56,x,,x,x
Male,Deaths involving COVID-19,2022,February,50-59,Unvaccinated,16,17458,92.5,u,52.7,150.4
Male,Deaths involving COVID-19,2022,February,50-59,"First dose, less than 21 days ago",<3,111,x,,x,x
Male,Deaths involving COVID-19,2022,February,50-59,"First dose, at least 21 days ago",7,2871,267.4,u,107.1,551.6
Male,Deaths involving COVID-19,2022,February,50-59,"Second dose, less than 21 days ago",<3,234,x,,x,x
Male,Deaths involving COVID-19,2022,February,50-59,"Second dose, at least 21 days ago",9,27820,33.2,u,15.1,63.2
Male,Deaths involving COVID-19,2022,February,50-59,"Third dose or booster, less than 21 days ago",<3,2243,x,,x,x
Male,Deaths involving COVID-19,2022,February,50-59,"Third dose or booster, at least 21 days ago",30,219461,13.3,,9,19
Male,Deaths involving COVID-19,2022,February,50-59,"Fourth dose or booster, less than 21 days ago",<3,8,x,,x,x
Male,Deaths involving COVID-19,2022,February,50-59,"Fourth dose or booster, at least 21 days ago",<3,73,x,,x,x
Male,Deaths involving COVID-19,2022,February,60-69,Unvaccinated,27,8616,328.1,,214.5,479.6
Male,Deaths involving COVID-19,2022,February,60-69,"First dose, less than 21 days ago",<3,41,x,,x,x
Male,Deaths involving COVID-19,2022,February,60-69,"First dose, at least 21 days ago",<3,1218,x,,x,x
Male,Deaths involving COVID-19,2022,February,60-69,"Second dose, less than 21 days ago",<3,90,x,,x,x
Male,Deaths involving COVID-19,2022,February,60-69,"Second dose, at least 21 days ago",21,11716,208,,127,320.4
Male,Deaths involving COVID-19,2022,February,60-69,"Third dose or booster, less than 21 days ago",<3,917,x,,x,x
Male,Deaths involving COVID-19,2022,February,60-69,"Third dose or booster, at least 21 days ago",84,196291,43.2,,34.4,53.5
Male,Deaths involving COVID-19,2022,February,60-69,"Fourth dose or booster, less than 21 days ago",<3,8,x,,x,x
Male,Deaths involving COVID-19,2022,February,60-69,"Fourth dose or booster, at least 21 days ago",<3,62,x,,x,x
Male,Deaths involving COVID-19,2022,February,70-79,Unvaccinated,41,3928,1059.5,,757.9,1440.5
Male,Deaths involving COVID-19,2022,February,70-79,"First dose, less than 21 days ago",<3,11,x,,x,x
Male,Deaths involving COVID-19,2022,February,70-79,"First dose, at least 21 days ago",9,467,2064.5,u,937.2,3930.4
Male,Deaths involving COVID-19,2022,February,70-79,"Second dose, less than 21 days ago",<3,29,x,,x,x
Male,Deaths involving COVID-19,2022,February,70-79,"Second dose, at least 21 days ago",59,4280,1455.4,,1105.6,1880.1
Male,Deaths involving COVID-19,2022,February,70-79,"Third dose or booster, less than 21 days ago",<3,332,x,,x,x
Male,Deaths involving COVID-19,2022,February,70-79,"Third dose or booster, at least 21 days ago",261,161684,161.3,,141.7,180.9
Male,Deaths involving COVID-19,2022,February,70-79,"Fourth dose or booster, less than 21 days ago",<3,5,x,,x,x
Male,Deaths involving COVID-19,2022,February,70-79,"Fourth dose or booster, at least 21 days ago",<3,44,x,,x,x
Male,Deaths involving COVID-19,2022,February,80-89,Unvaccinated,42,1404,3022.6,,2177.7,4086.5
Male,Deaths involving COVID-19,2022,February,80-89,"First dose, less than 21 days ago",<3,5,x,,x,x
Male,Deaths involving COVID-19,2022,February,80-89,"First dose, at least 21 days ago",6,171,3395.4,u,1242.4,7396.9
Male,Deaths involving COVID-19,2022,February,80-89,"Second dose, less than 21 days ago",<3,12,x,,x,x
Male,Deaths involving COVID-19,2022,February,80-89,"Second dose, at least 21 days ago",75,1744,4245.6,,3338.6,5322.8
Male,Deaths involving COVID-19,2022,February,80-89,"Third dose or booster, less than 21 days ago",3,151,1898.4,u,386,5561.3
Male,Deaths involving COVID-19,2022,February,80-89,"Third dose or booster, at least 21 days ago",527,68844,772.4,,706.4,838.4
Male,Deaths involving COVID-19,2022,February,80-89,"Fourth dose or booster, less than 21 days ago",<3,1,x,,x,x
Male,Deaths involving COVID-19,2022,February,80-89,"Fourth dose or booster, at least 21 days ago",<3,19,x,,x,x
Male,Deaths involving COVID-19,2022,February,90+,Unvaccinated,19,268,7089.6,u,4266.4,11071.9
Male,Deaths involving COVID-19,2022,February,90+,"First dose, less than 21 days ago",<3,1,x,,x,x
Male,Deaths involving COVID-19,2022,February,90+,"First dose, at least 21 days ago",6,41,14747.6,u,5385.2,32100.5
Male,Deaths involving COVID-19,2022,February,90+,"Second dose, less than 21 days ago",<3,2,x,,x,x
Male,Deaths involving COVID-19,2022,February,90+,"Second dose, at least 21 days ago",41,375,10921.3,,7836.4,14816.4
Male,Deaths involving COVID-19,2022,February,90+,"Third dose or booster, less than 21 days ago",<3,38,x,,x,x
Male,Deaths involving COVID-19,2022,February,90+,"Third dose or booster, at least 21 days ago",312,11209,2783.4,,2483,3110
Male,Deaths involving COVID-19,2022,February,90+,"Fourth dose or booster, less than 21 days ago",<3,0,x,,x,x
Male,Deaths involving COVID-19,2022,February,90+,"Fourth dose or booster, at least 21 days ago",<3,3,x,,x,x
Male,Deaths involving COVID-19,2022,March,18-39,Unvaccinated,4,108952,4.4,u,1.2,11.3
Male,Deaths involving COVID-19,2022,March,18-39,"First dose, less than 21 days ago",<3,854,x,,x,x
Male,Deaths involving COVID-19,2022,March,18-39,"First dose, at least 21 days ago",<3,25363,x,,x,x
Male,Deaths involving COVID-19,2022,March,18-39,"Second dose, less than 21 days ago",<3,2298,x,,x,x
Male,Deaths involving COVID-19,2022,March,18-39,"Second dose, at least 21 days ago",3,156071,1.9,u,0.4,5.6
Male,Deaths involving COVID-19,2022,March,18-39,"Third dose or booster, less than 21 days ago",<3,6159,x,,x,x
Male,Deaths involving COVID-19,2022,March,18-39,"Third dose or booster, at least 21 days ago",3,251565,1.1,u,0.2,3.2
Male,Deaths involving COVID-19,2022,March,18-39,"Fourth dose or booster, less than 21 days ago",<3,41,x,,x,x
Male,Deaths involving COVID-19,2022,March,18-39,"Fourth dose or booster, at least 21 days ago",<3,96,x,,x,x
Male,Deaths involving COVID-19,2022,March,40-49,Unvaccinated,5,30133,16.4,u,5.2,38.5
Male,Deaths involving COVID-19,2022,March,40-49,"First dose, less than 21 days ago",<3,103,x,,x,x
Male,Deaths involving COVID-19,2022,March,40-49,"First dose, at least 21 days ago",<3,5182,x,,x,x
Male,Deaths involving COVID-19,2022,March,40-49,"Second dose, less than 21 days ago",<3,368,x,,x,x
Male,Deaths involving COVID-19,2022,March,40-49,"Second dose, at least 21 days ago",3,47035,6.2,u,1.3,18.2
Male,Deaths involving COVID-19,2022,March,40-49,"Third dose or booster, less than 21 days ago",<3,1705,x,,x,x
Male,Deaths involving COVID-19,2022,March,40-49,"Third dose or booster, at least 21 days ago",7,181184,3.9,u,1.6,8
Male,Deaths involving COVID-19,2022,March,40-49,"Fourth dose or booster, less than 21 days ago",<3,48,x,,x,x
Male,Deaths involving COVID-19,2022,March,40-49,"Fourth dose or booster, at least 21 days ago",<3,74,x,,x,x
Male,Deaths involving COVID-19,2022,March,50-59,Unvaccinated,11,19323,59.5,u,29.6,106.6
Male,Deaths involving COVID-19,2022,March,50-59,"First dose, less than 21 days ago",<3,47,x,,x,x
Male,Deaths involving COVID-19,2022,March,50-59,"First dose, at least 21 days ago",<3,3086,x,,x,x
Male,Deaths involving COVID-19,2022,March,50-59,"Second dose, less than 21 days ago",<3,176,x,,x,x
Male,Deaths involving COVID-19,2022,March,50-59,"Second dose, at least 21 days ago",9,29709,31.1,u,14.1,59.3
Male,Deaths involving COVID-19,2022,March,50-59,"Third dose or booster, less than 21 days ago",<3,1018,x,,x,x
Male,Deaths involving COVID-19,2022,March,50-59,"Third dose or booster, at least 21 days ago",22,245611,8.8,,5.5,13.3
Male,Deaths involving COVID-19,2022,March,50-59,"Fourth dose or booster, less than 21 days ago",<3,92,x,,x,x
Male,Deaths involving COVID-19,2022,March,50-59,"Fourth dose or booster, at least 21 days ago",<3,93,x,,x,x
Male,Deaths involving COVID-19,2022,March,60-69,Unvaccinated,20,9563,221.6,,134,344
Male,Deaths involving COVID-19,2022,March,60-69,"First dose, less than 21 days ago",<3,18,x,,x,x
Male,Deaths involving COVID-19,2022,March,60-69,"First dose, at least 21 days ago",<3,1312,x,,x,x
Male,Deaths involving COVID-19,2022,March,60-69,"Second dose, less than 21 days ago",<3,71,x,,x,x
Male,Deaths involving COVID-19,2022,March,60-69,"Second dose, at least 21 days ago",21,12544,186.1,,113.3,287.1
Male,Deaths involving COVID-19,2022,March,60-69,"Third dose or booster, less than 21 days ago",<3,416,x,,x,x
Male,Deaths involving COVID-19,2022,March,60-69,"Third dose or booster, at least 21 days ago",75,218689,34.7,,27.3,43.5
Male,Deaths involving COVID-19,2022,March,60-69,"Fourth dose or booster, less than 21 days ago",<3,130,x,,x,x
Male,Deaths involving COVID-19,2022,March,60-69,"Fourth dose or booster, at least 21 days ago",<3,81,x,,x,x
Male,Deaths involving COVID-19,2022,March,70-79,Unvaccinated,29,4356,700.7,,467.6,1005.5
Male,Deaths involving COVID-19,2022,March,70-79,"First dose, less than 21 days ago",<3,6,x,,x,x
Male,Deaths involving COVID-19,2022,March,70-79,"First dose, at least 21 days ago",4,497,880.4,u,236.6,2261.2
Male,Deaths involving COVID-19,2022,March,70-79,"Second dose, less than 21 days ago",<3,23,x,,x,x
Male,Deaths involving COVID-19,2022,March,70-79,"Second dose, at least 21 days ago",43,4490,1010,,729.1,1362.8
Male,Deaths involving COVID-19,2022,March,70-79,"Third dose or booster, less than 21 days ago",<3,200,x,,x,x
Male,Deaths involving COVID-19,2022,March,70-79,"Third dose or booster, at least 21 days ago",309,178122,173.5,,154.2,192.9
Male,Deaths involving COVID-19,2022,March,70-79,"Fourth dose or booster, less than 21 days ago",<3,1615,x,,x,x
Male,Deaths involving COVID-19,2022,March,70-79,"Fourth dose or booster, at least 21 days ago",<3,57,x,,x,x
Male,Deaths involving COVID-19,2022,March,80-89,Unvaccinated,39,1545,2572.6,,1828.8,3517.5
Male,Deaths involving COVID-19,2022,March,80-89,"First dose, less than 21 days ago",<3,3,x,,x,x
Male,Deaths involving COVID-19,2022,March,80-89,"First dose, at least 21 days ago",4,183,2218.7,u,603.3,5683.4
Male,Deaths involving COVID-19,2022,March,80-89,"Second dose, less than 21 days ago",<3,8,x,,x,x
Male,Deaths involving COVID-19,2022,March,80-89,"Second dose, at least 21 days ago",52,1803,2865.9,,2140,3758.8
Male,Deaths involving COVID-19,2022,March,80-89,"Third dose or booster, less than 21 days ago",<3,78,x,,x,x
Male,Deaths involving COVID-19,2022,March,80-89,"Third dose or booster, at least 21 days ago",597,74580,807.9,,743.1,872.7
Male,Deaths involving COVID-19,2022,March,80-89,"Fourth dose or booster, less than 21 days ago",<3,1987,x,,x,x
Male,Deaths involving COVID-19,2022,March,80-89,"Fourth dose or booster, at least 21 days ago",<3,23,x,,x,x
Male,Deaths involving COVID-19,2022,March,90+,Unvaccinated,18,293,6142,u,3638.3,9707.6
Male,Deaths involving COVID-19,2022,March,90+,"First dose, less than 21 days ago",<3,1,x,,x,x
Male,Deaths involving COVID-19,2022,March,90+,"First dose, at least 21 days ago",3,43,6971.3,u,1401.1,20369
Male,Deaths involving COVID-19,2022,March,90+,"Second dose, less than 21 days ago",<3,2,x,,x,x
Male,Deaths involving COVID-19,2022,March,90+,"Second dose, at least 21 days ago",20,382,5238.1,,3198.2,8090.3
Male,Deaths involving COVID-19,2022,March,90+,"Third dose or booster, less than 21 days ago",<3,18,x,,x,x
Male,Deaths involving COVID-19,2022,March,90+,"Third dose or booster, at least 21 days ago",353,12262,2878.8,,2586.3,3195.4
Male,Deaths involving COVID-19,2022,March,90+,"Fourth dose or booster, less than 21 days ago",<3,231,x,,x,x
Male,Deaths involving COVID-19,2022,March,90+,"Fourth dose or booster, at least 21 days ago",<3,3,x,,x,x
Male,Deaths involving COVID-19,2022,April,18-39,Unvaccinated,<3,104807,x,,x,x
Male,Deaths involving COVID-19,2022,April,18-39,"First dose, less than 21 days ago",<3,570,x,,x,x
Male,Deaths involving COVID-19,2022,April,18-39,"First dose, at least 21 days ago",<3,23441,x,,x,x
Male,Deaths involving COVID-19,2022,April,18-39,"Second dose, less than 21 days ago",<3,1644,x,,x,x
Male,Deaths involving COVID-19,2022,April,18-39,"Second dose, at least 21 days ago",<3,148237,x,,x,x
Male,Deaths involving COVID-19,2022,April,18-39,"Third dose or booster, less than 21 days ago",<3,4205,x,,x,x
Male,Deaths involving COVID-19,2022,April,18-39,"Third dose or booster, at least 21 days ago",5,250045,1.8,u,0.6,4.3
Male,Deaths involving COVID-19,2022,April,18-39,"Fourth dose or booster, less than 21 days ago",<3,284,x,,x,x
Male,Deaths involving COVID-19,2022,April,18-39,"Fourth dose or booster, at least 21 days ago",<3,204,x,,x,x
Male,Deaths involving COVID-19,2022,April,40-49,Unvaccinated,6,29167,20,u,7.2,43.8
Male,Deaths involving COVID-19,2022,April,40-49,"First dose, less than 21 days ago",<3,63,x,,x,x
Male,Deaths involving COVID-19,2022,April,40-49,"First dose, at least 21 days ago",<3,4805,x,,x,x
Male,Deaths involving COVID-19,2022,April,40-49,"Second dose, less than 21 days ago",<3,228,x,,x,x
Male,Deaths involving COVID-19,2022,April,40-49,"Second dose, at least 21 days ago",3,44491,6.6,u,1.3,19.3
Male,Deaths involving COVID-19,2022,April,40-49,"Third dose or booster, less than 21 days ago",<3,1081,x,,x,x
Male,Deaths involving COVID-19,2022,April,40-49,"Third dose or booster, at least 21 days ago",7,176560,3.9,u,1.6,8.1
Male,Deaths involving COVID-19,2022,April,40-49,"Fourth dose or booster, less than 21 days ago",<3,366,x,,x,x
Male,Deaths involving COVID-19,2022,April,40-49,"Fourth dose or booster, at least 21 days ago",<3,213,x,,x,x
Male,Deaths involving COVID-19,2022,April,50-59,Unvaccinated,7,18730,39,u,15.6,80.4
Male,Deaths involving COVID-19,2022,April,50-59,"First dose, less than 21 days ago",<3,29,x,,x,x
Male,Deaths involving COVID-19,2022,April,50-59,"First dose, at least 21 days ago",<3,2883,x,,x,x
Male,Deaths involving COVID-19,2022,April,50-59,"Second dose, less than 21 days ago",<3,113,x,,x,x
Male,Deaths involving COVID-19,2022,April,50-59,"Second dose, at least 21 days ago",8,28095,31.2,u,13.4,61.6
Male,Deaths involving COVID-19,2022,April,50-59,"Third dose or booster, less than 21 days ago",<3,672,x,,x,x
Male,Deaths involving COVID-19,2022,April,50-59,"Third dose or booster, at least 21 days ago",30,237640,12.2,,8.2,17.5
Male,Deaths involving COVID-19,2022,April,50-59,"Fourth dose or booster, less than 21 days ago",<3,799,x,,x,x
Male,Deaths involving COVID-19,2022,April,50-59,"Fourth dose or booster, at least 21 days ago",<3,379,x,,x,x
Male,Deaths involving COVID-19,2022,April,60-69,Unvaccinated,11,9291,117.2,u,57.6,211.3
Male,Deaths involving COVID-19,2022,April,60-69,"First dose, less than 21 days ago",<3,12,x,,x,x
Male,Deaths involving COVID-19,2022,April,60-69,"First dose, at least 21 days ago",3,1229,240.2,u,44.5,714.2
Male,Deaths involving COVID-19,2022,April,60-69,"Second dose, less than 21 days ago",<3,45,x,,x,x
Male,Deaths involving COVID-19,2022,April,60-69,"Second dose, at least 21 days ago",22,11922,185.1,,113.8,283.1
Male,Deaths involving COVID-19,2022,April,60-69,"Third dose or booster, less than 21 days ago",<3,263,x,,x,x
Male,Deaths involving COVID-19,2022,April,60-69,"Third dose or booster, at least 21 days ago",118,211057,56.7,,46.5,67
Male,Deaths involving COVID-19,2022,April,60-69,"Fourth dose or booster, less than 21 days ago",<3,1245,x,,x,x
Male,Deaths involving COVID-19,2022,April,60-69,"Fourth dose or booster, at least 21 days ago",<3,502,x,,x,x
Male,Deaths involving COVID-19,2022,April,70-79,Unvaccinated,19,4227,471.5,u,282.6,738.1
Male,Deaths involving COVID-19,2022,April,70-79,"First dose, less than 21 days ago",<3,5,x,,x,x
Male,Deaths involving COVID-19,2022,April,70-79,"First dose, at least 21 days ago",6,468,1377.8,u,500,3009.4
Male,Deaths involving COVID-19,2022,April,70-79,"Second dose, less than 21 days ago",<3,15,x,,x,x
Male,Deaths involving COVID-19,2022,April,70-79,"Second dose, at least 21 days ago",24,4133,599.7,,382.4,894.8
Male,Deaths involving COVID-19,2022,April,70-79,"Third dose or booster, less than 21 days ago",<3,156,x,,x,x
Male,Deaths involving COVID-19,2022,April,70-79,"Third dose or booster, at least 21 days ago",421,146235,319,,288.2,349.9
Male,Deaths involving COVID-19,2022,April,70-79,"Fourth dose or booster, less than 21 days ago",6,21985,13,u,4.8,28.3
Male,Deaths involving COVID-19,2022,April,70-79,"Fourth dose or booster, at least 21 days ago",6,6235,45.8,u,16.8,99.7
Male,Deaths involving COVID-19,2022,April,80-89,Unvaccinated,46,1486,3150.4,,2305.8,4203.1
Male,Deaths involving COVID-19,2022,April,80-89,"First dose, less than 21 days ago",<3,3,x,,x,x
Male,Deaths involving COVID-19,2022,April,80-89,"First dose, at least 21 days ago",3,170,1726,u,355.1,5046
Male,Deaths involving COVID-19,2022,April,80-89,"Second dose, less than 21 days ago",<3,6,x,,x,x
Male,Deaths involving COVID-19,2022,April,80-89,"Second dose, at least 21 days ago",38,1595,2364.1,,1672.7,3245.2
Male,Deaths involving COVID-19,2022,April,80-89,"Third dose or booster, less than 21 days ago",<3,98,x,,x,x
Male,Deaths involving COVID-19,2022,April,80-89,"Third dose or booster, at least 21 days ago",729,43692,1677.3,,1555.5,1799.1
Male,Deaths involving COVID-19,2022,April,80-89,"Fourth dose or booster, less than 21 days ago",23,23126,100.3,,63.5,150.5
Male,Deaths involving COVID-19,2022,April,80-89,"Fourth dose or booster, at least 21 days ago",9,7635,122.3,u,55.9,232.2
Male,Deaths involving COVID-19,2022,April,90+,Unvaccinated,19,282,6748.1,u,4060.9,10538.6
Male,Deaths involving COVID-19,2022,April,90+,"First dose, less than 21 days ago",<3,1,x,,x,x
Male,Deaths involving COVID-19,2022,April,90+,"First dose, at least 21 days ago",6,39,15252.6,u,5569.6,33199.7
Male,Deaths involving COVID-19,2022,April,90+,"Second dose, less than 21 days ago",<3,1,x,,x,x
Male,Deaths involving COVID-19,2022,April,90+,"Second dose, at least 21 days ago",25,333,7501.7,,4853.3,11074.5
Male,Deaths involving COVID-19,2022,April,90+,"Third dose or booster, less than 21 days ago",<3,24,x,,x,x
Male,Deaths involving COVID-19,2022,April,90+,"Third dose or booster, at least 21 days ago",404,7967,5070.9,,4588.4,5590.4
Male,Deaths involving COVID-19,2022,April,90+,"Fourth dose or booster, less than 21 days ago",12,3242,370.2,u,191.1,646.7
Male,Deaths involving COVID-19,2022,April,90+,"Fourth dose or booster, at least 21 days ago",<3,962,x,,x,x
Male,Deaths involving COVID-19,2022,May,18-39,Unvaccinated,<3,107874,x,,x,x
Male,Deaths involving COVID-19,2022,May,18-39,"First dose, less than 21 days ago",<3,455,x,,x,x
Male,Deaths involving COVID-19,2022,May,18-39,"First dose, at least 21 days ago",<3,23403,x,,x,x
Male,Deaths involving COVID-19,2022,May,18-39,"Second dose, less than 21 days ago",<3,1315,x,,x,x
Male,Deaths involving COVID-19,2022,May,18-39,"Second dose, at least 21 days ago",<3,149684,x,,x,x
Male,Deaths involving COVID-19,2022,May,18-39,"Third dose or booster, less than 21 days ago",<3,4320,x,,x,x
Male,Deaths involving COVID-19,2022,May,18-39,"Third dose or booster, at least 21 days ago",<3,263110,x,,x,x
Male,Deaths involving COVID-19,2022,May,18-39,"Fourth dose or booster, less than 21 days ago",<3,306,x,,x,x
Male,Deaths involving COVID-19,2022,May,18-39,"Fourth dose or booster, at least 21 days ago",<3,638,x,,x,x
Male,Deaths involving COVID-19,2022,May,40-49,Unvaccinated,<3,30172,x,,x,x
Male,Deaths involving COVID-19,2022,May,40-49,"First dose, less than 21 days ago",<3,51,x,,x,x
Male,Deaths involving COVID-19,2022,May,40-49,"First dose, at least 21 days ago",<3,4842,x,,x,x
Male,Deaths involving COVID-19,2022,May,40-49,"Second dose, less than 21 days ago",<3,155,x,,x,x
Male,Deaths involving COVID-19,2022,May,40-49,"Second dose, at least 21 days ago",4,45015,10.1,u,2.7,25.8
Male,Deaths involving COVID-19,2022,May,40-49,"Third dose or booster, less than 21 days ago",<3,971,x,,x,x
Male,Deaths involving COVID-19,2022,May,40-49,"Third dose or booster, at least 21 days ago",5,183041,2.7,u,0.9,6.3
Male,Deaths involving COVID-19,2022,May,40-49,"Fourth dose or booster, less than 21 days ago",<3,382,x,,x,x
Male,Deaths involving COVID-19,2022,May,40-49,"Fourth dose or booster, at least 21 days ago",<3,770,x,,x,x
Male,Deaths involving COVID-19,2022,May,50-59,Unvaccinated,<3,19387,x,,x,x
Male,Deaths involving COVID-19,2022,May,50-59,"First dose, less than 21 days ago",<3,26,x,,x,x
Male,Deaths involving COVID-19,2022,May,50-59,"First dose, at least 21 days ago",<3,2931,x,,x,x
Male,Deaths involving COVID-19,2022,May,50-59,"Second dose, less than 21 days ago",<3,69,x,,x,x
Male,Deaths involving COVID-19,2022,May,50-59,"Second dose, at least 21 days ago",3,28480,11.8,u,2.4,34.6
Male,Deaths involving COVID-19,2022,May,50-59,"Third dose or booster, less than 21 days ago",<3,560,x,,x,x
Male,Deaths involving COVID-19,2022,May,50-59,"Third dose or booster, at least 21 days ago",23,244899,9.2,,5.8,13.8
Male,Deaths involving COVID-19,2022,May,50-59,"Fourth dose or booster, less than 21 days ago",<3,848,x,,x,x
Male,Deaths involving COVID-19,2022,May,50-59,"Fourth dose or booster, at least 21 days ago",<3,1600,x,,x,x
Male,Deaths involving COVID-19,2022,May,60-69,Unvaccinated,6,9646,64.7,u,23.1,142.1
Male,Deaths involving COVID-19,2022,May,60-69,"First dose, less than 21 days ago",<3,10,x,,x,x
Male,Deaths involving COVID-19,2022,May,60-69,"First dose, at least 21 days ago",<3,1250,x,,x,x
Male,Deaths involving COVID-19,2022,May,60-69,"Second dose, less than 21 days ago",<3,27,x,,x,x
Male,Deaths involving COVID-19,2022,May,60-69,"Second dose, at least 21 days ago",15,12135,147.8,u,81.5,245.5
Male,Deaths involving COVID-19,2022,May,60-69,"Third dose or booster, less than 21 days ago",<3,218,x,,x,x
Male,Deaths involving COVID-19,2022,May,60-69,"Third dose or booster, at least 21 days ago",55,216729,25.8,,19.4,33.6
Male,Deaths involving COVID-19,2022,May,60-69,"Fourth dose or booster, less than 21 days ago",<3,1400,x,,x,x
Male,Deaths involving COVID-19,2022,May,60-69,"Fourth dose or booster, at least 21 days ago",<3,2434,x,,x,x
Male,Deaths involving COVID-19,2022,May,70-79,Unvaccinated,17,4375,391,u,226.6,627.7
Male,Deaths involving COVID-19,2022,May,70-79,"First dose, less than 21 days ago",<3,5,x,,x,x
Male,Deaths involving COVID-19,2022,May,70-79,"First dose, at least 21 days ago",<3,477,x,,x,x
Male,Deaths involving COVID-19,2022,May,70-79,"Second dose, less than 21 days ago",<3,11,x,,x,x
Male,Deaths involving COVID-19,2022,May,70-79,"Second dose, at least 21 days ago",13,4106,348.5,u,184.1,598
Male,Deaths involving COVID-19,2022,May,70-79,"Third dose or booster, less than 21 days ago",<3,123,x,,x,x
Male,Deaths involving COVID-19,2022,May,70-79,"Third dose or booster, at least 21 days ago",146,120048,185.2,,152.3,218
Male,Deaths involving COVID-19,2022,May,70-79,"Fourth dose or booster, less than 21 days ago",4,20467,39,u,-7.8,139.2
Male,Deaths involving COVID-19,2022,May,70-79,"Fourth dose or booster, at least 21 days ago",16,40205,84.2,u,15.6,184
Male,Deaths involving COVID-19,2022,May,80-89,Unvaccinated,14,1533,925.7,u,505.6,1553.8
Male,Deaths involving COVID-19,2022,May,80-89,"First dose, less than 21 days ago",<3,3,x,,x,x
Male,Deaths involving COVID-19,2022,May,80-89,"First dose, at least 21 days ago",6,170,3512.4,u,1287.9,7646.9
Male,Deaths involving COVID-19,2022,May,80-89,"Second dose, less than 21 days ago",<3,6,x,,x,x
Male,Deaths involving COVID-19,2022,May,80-89,"Second dose, at least 21 days ago",19,1495,1265.8,u,762,1976.7
Male,Deaths involving COVID-19,2022,May,80-89,"Third dose or booster, less than 21 days ago",<3,95,x,,x,x
Male,Deaths involving COVID-19,2022,May,80-89,"Third dose or booster, at least 21 days ago",251,21708,1153.7,,1011,1296.4
Male,Deaths involving COVID-19,2022,May,80-89,"Fourth dose or booster, less than 21 days ago",16,14022,114.3,u,65.3,185.7
Male,Deaths involving COVID-19,2022,May,80-89,"Fourth dose or booster, at least 21 days ago",45,41559,109.7,,80,146.8
Male,Deaths involving COVID-19,2022,May,90+,Unvaccinated,9,288,3125.5,u,1426.2,5933.5
Male,Deaths involving COVID-19,2022,May,90+,"First dose, less than 21 days ago",<3,1,x,,x,x
Male,Deaths involving COVID-19,2022,May,90+,"First dose, at least 21 days ago",<3,39,x,,x,x
Male,Deaths involving COVID-19,2022,May,90+,"Second dose, less than 21 days ago",<3,1,x,,x,x
Male,Deaths involving COVID-19,2022,May,90+,"Second dose, at least 21 days ago",12,300,3999.8,u,2064.4,6987.3
Male,Deaths involving COVID-19,2022,May,90+,"Third dose or booster, less than 21 days ago",<3,29,x,,x,x
Male,Deaths involving COVID-19,2022,May,90+,"Third dose or booster, at least 21 days ago",144,4291,3356.1,,2830.3,3951.2
Male,Deaths involving COVID-19,2022,May,90+,"Fourth dose or booster, less than 21 days ago",8,2464,324.6,u,139.8,639.7
Male,Deaths involving COVID-19,2022,May,90+,"Fourth dose or booster, at least 21 days ago",17,5934,286.5,u,166.8,458.8
Male,Deaths involving COVID-19,2022,June,18-39,Unvaccinated,<3,104176,x,,x,x
Male,Deaths involving COVID-19,2022,June,18-39,"First dose, less than 21 days ago",<3,267,x,,x,x
Male,Deaths involving COVID-19,2022,June,18-39,"First dose, at least 21 days ago",<3,22125,x,,x,x
Male,Deaths involving COVID-19,2022,June,18-39,"Second dose, less than 21 days ago",<3,889,x,,x,x
Male,Deaths involving COVID-19,2022,June,18-39,"Second dose, at least 21 days ago",<3,142280,x,,x,x
Male,Deaths involving COVID-19,2022,June,18-39,"Third dose or booster, less than 21 days ago",<3,2992,x,,x,x
Male,Deaths involving COVID-19,2022,June,18-39,"Third dose or booster, at least 21 days ago",5,259112,1.8,u,0.6,4.1
Male,Deaths involving COVID-19,2022,June,18-39,"Fourth dose or booster, less than 21 days ago",<3,254,x,,x,x
Male,Deaths involving COVID-19,2022,June,18-39,"Fourth dose or booster, at least 21 days ago",<3,1031,x,,x,x
Male,Deaths involving COVID-19,2022,June,40-49,Unvaccinated,<3,29268,x,,x,x
Male,Deaths involving COVID-19,2022,June,40-49,"First dose, less than 21 days ago",<3,34,x,,x,x
Male,Deaths involving COVID-19,2022,June,40-49,"First dose, at least 21 days ago",<3,4624,x,,x,x
Male,Deaths involving COVID-19,2022,June,40-49,"Second dose, less than 21 days ago",<3,96,x,,x,x
Male,Deaths involving COVID-19,2022,June,40-49,"Second dose, at least 21 days ago",<3,42974,x,,x,x
Male,Deaths involving COVID-19,2022,June,40-49,"Third dose or booster, less than 21 days ago",<3,578,x,,x,x
Male,Deaths involving COVID-19,2022,June,40-49,"Third dose or booster, at least 21 days ago",<3,177487,x,,x,x
Male,Deaths involving COVID-19,2022,June,40-49,"Fourth dose or booster, less than 21 days ago",<3,319,x,,x,x
Male,Deaths involving COVID-19,2022,June,40-49,"Fourth dose or booster, at least 21 days ago",<3,1255,x,,x,x
Male,Deaths involving COVID-19,2022,June,50-59,Unvaccinated,<3,18800,x,,x,x
Male,Deaths involving COVID-19,2022,June,50-59,"First dose, less than 21 days ago",<3,16,x,,x,x
Male,Deaths involving COVID-19,2022,June,50-59,"First dose, at least 21 days ago",3,2814,111.9,u,22.7,328.1
Male,Deaths involving COVID-19,2022,June,50-59,"Second dose, less than 21 days ago",<3,44,x,,x,x
Male,Deaths involving COVID-19,2022,June,50-59,"Second dose, at least 21 days ago",<3,27258,x,,x,x
Male,Deaths involving COVID-19,2022,June,50-59,"Third dose or booster, less than 21 days ago",<3,323,x,,x,x
Male,Deaths involving COVID-19,2022,June,50-59,"Third dose or booster, at least 21 days ago",17,236298,7.1,u,4.1,11.4
Male,Deaths involving COVID-19,2022,June,50-59,"Fourth dose or booster, less than 21 days ago",<3,757,x,,x,x
Male,Deaths involving COVID-19,2022,June,50-59,"Fourth dose or booster, at least 21 days ago",<3,2695,x,,x,x
Male,Deaths involving COVID-19,2022,June,60-69,Unvaccinated,<3,9387,x,,x,x
Male,Deaths involving COVID-19,2022,June,60-69,"First dose, less than 21 days ago",<3,7,x,,x,x
Male,Deaths involving COVID-19,2022,June,60-69,"First dose, at least 21 days ago",<3,1204,x,,x,x
Male,Deaths involving COVID-19,2022,June,60-69,"Second dose, less than 21 days ago",<3,18,x,,x,x
Male,Deaths involving COVID-19,2022,June,60-69,"Second dose, at least 21 days ago",7,11667,62.2,u,23.9,130.1
Male,Deaths involving COVID-19,2022,June,60-69,"Third dose or booster, less than 21 days ago",<3,122,x,,x,x
Male,Deaths involving COVID-19,2022,June,60-69,"Third dose or booster, at least 21 days ago",41,208555,19.7,,14.1,26.7
Male,Deaths involving COVID-19,2022,June,60-69,"Fourth dose or booster, less than 21 days ago",<3,1311,x,,x,x
Male,Deaths involving COVID-19,2022,June,60-69,"Fourth dose or booster, at least 21 days ago",6,4244,143.1,u,51.7,313.1
Male,Deaths involving COVID-19,2022,June,70-79,Unvaccinated,5,4245,123.7,u,39.7,289.6
Male,Deaths involving COVID-19,2022,June,70-79,"First dose, less than 21 days ago",<3,3,x,,x,x
Male,Deaths involving COVID-19,2022,June,70-79,"First dose, at least 21 days ago",<3,457,x,,x,x
Male,Deaths involving COVID-19,2022,June,70-79,"Second dose, less than 21 days ago",<3,8,x,,x,x
Male,Deaths involving COVID-19,2022,June,70-79,"Second dose, at least 21 days ago",6,3888,169.8,u,61.2,371.7
Male,Deaths involving COVID-19,2022,June,70-79,"Third dose or booster, less than 21 days ago",<3,68,x,,x,x
Male,Deaths involving COVID-19,2022,June,70-79,"Third dose or booster, at least 21 days ago",103,104496,173.3,,132.4,214.2
Male,Deaths involving COVID-19,2022,June,70-79,"Fourth dose or booster, less than 21 days ago",<3,7240,x,,x,x
Male,Deaths involving COVID-19,2022,June,70-79,"Fourth dose or booster, at least 21 days ago",27,63535,84.7,,30.3,157.4
Male,Deaths involving COVID-19,2022,June,80-89,Unvaccinated,15,1483,1035.3,u,579,1708.2
Male,Deaths involving COVID-19,2022,June,80-89,"First dose, less than 21 days ago",<3,2,x,,x,x
Male,Deaths involving COVID-19,2022,June,80-89,"First dose, at least 21 days ago",3,163,1813.4,u,373.5,5300.7
Male,Deaths involving COVID-19,2022,June,80-89,"Second dose, less than 21 days ago",<3,3,x,,x,x
Male,Deaths involving COVID-19,2022,June,80-89,"Second dose, at least 21 days ago",11,1360,808.3,u,403.5,1446.3
Male,Deaths involving COVID-19,2022,June,80-89,"Third dose or booster, less than 21 days ago",<3,48,x,,x,x
Male,Deaths involving COVID-19,2022,June,80-89,"Third dose or booster, at least 21 days ago",113,13417,836.9,,682.5,991.2
Male,Deaths involving COVID-19,2022,June,80-89,"Fourth dose or booster, less than 21 days ago",10,4176,240.2,u,115.2,441.8
Male,Deaths involving COVID-19,2022,June,80-89,"Fourth dose or booster, at least 21 days ago",75,57606,132.5,,104.2,166.1
Male,Deaths involving COVID-19,2022,June,90+,Unvaccinated,4,279,1434.8,u,386,3673.3
Male,Deaths involving COVID-19,2022,June,90+,"First dose, less than 21 days ago",<3,0,x,,x,x
Male,Deaths involving COVID-19,2022,June,90+,"First dose, at least 21 days ago",<3,37,x,,x,x
Male,Deaths involving COVID-19,2022,June,90+,"Second dose, less than 21 days ago",<3,1,x,,x,x
Male,Deaths involving COVID-19,2022,June,90+,"Second dose, at least 21 days ago",4,264,1513.7,u,407.2,3875.5
Male,Deaths involving COVID-19,2022,June,90+,"Third dose or booster, less than 21 days ago",<3,15,x,,x,x
Male,Deaths involving COVID-19,2022,June,90+,"Third dose or booster, at least 21 days ago",49,2605,1881.2,,1391.6,2487.2
Male,Deaths involving COVID-19,2022,June,90+,"Fourth dose or booster, less than 21 days ago",3,872,344,u,69.1,1005.2
Male,Deaths involving COVID-19,2022,June,90+,"Fourth dose or booster, at least 21 days ago",61,8921,683.8,,523,878.4
Male,Deaths involving COVID-19,2022,July,18-39,Unvaccinated,<3,107597,x,,x,x
Male,Deaths involving COVID-19,2022,July,18-39,"First dose, less than 21 days ago",<3,180,x,,x,x
Male,Deaths involving COVID-19,2022,July,18-39,"First dose, at least 21 days ago",<3,22393,x,,x,x
Male,Deaths involving COVID-19,2022,July,18-39,"Second dose, less than 21 days ago",<3,720,x,,x,x
Male,Deaths involving COVID-19,2022,July,18-39,"Second dose, at least 21 days ago",3,144897,2.4,u,0.5,7
Male,Deaths involving COVID-19,2022,July,18-39,"Third dose or booster, less than 21 days ago",<3,2533,x,,x,x
Male,Deaths involving COVID-19,2022,July,18-39,"Third dose or booster, at least 21 days ago",3,270766,1,u,0.2,3
Male,Deaths involving COVID-19,2022,July,18-39,"Fourth dose or booster, less than 21 days ago",<3,273,x,,x,x
Male,Deaths involving COVID-19,2022,July,18-39,"Fourth dose or booster, at least 21 days ago",<3,1452,x,,x,x
Male,Deaths involving COVID-19,2022,July,40-49,Unvaccinated,<3,30323,x,,x,x
Male,Deaths involving COVID-19,2022,July,40-49,"First dose, less than 21 days ago",<3,25,x,,x,x
Male,Deaths involving COVID-19,2022,July,40-49,"First dose, at least 21 days ago",<3,4719,x,,x,x
Male,Deaths involving COVID-19,2022,July,40-49,"Second dose, less than 21 days ago",<3,87,x,,x,x
Male,Deaths involving COVID-19,2022,July,40-49,"Second dose, at least 21 days ago",<3,43814,x,,x,x
Male,Deaths involving COVID-19,2022,July,40-49,"Third dose or booster, less than 21 days ago",<3,615,x,,x,x
Male,Deaths involving COVID-19,2022,July,40-49,"Third dose or booster, at least 21 days ago",5,183255,2.7,u,0.9,6.3
Male,Deaths involving COVID-19,2022,July,40-49,"Fourth dose or booster, less than 21 days ago",<3,350,x,,x,x
Male,Deaths involving COVID-19,2022,July,40-49,"Fourth dose or booster, at least 21 days ago",<3,1787,x,,x,x
Male,Deaths involving COVID-19,2022,July,50-59,Unvaccinated,3,19474,16,u,3.3,46.7
Male,Deaths involving COVID-19,2022,July,50-59,"First dose, less than 21 days ago",<3,13,x,,x,x
Male,Deaths involving COVID-19,2022,July,50-59,"First dose, at least 21 days ago",<3,2887,x,,x,x
Male,Deaths involving COVID-19,2022,July,50-59,"Second dose, less than 21 days ago",<3,39,x,,x,x
Male,Deaths involving COVID-19,2022,July,50-59,"Second dose, at least 21 days ago",8,27920,29.1,u,12.5,57.4
Male,Deaths involving COVID-19,2022,July,50-59,"Third dose or booster, less than 21 days ago",<3,289,x,,x,x
Male,Deaths involving COVID-19,2022,July,50-59,"Third dose or booster, at least 21 days ago",34,243154,13.8,,9.5,19.3
Male,Deaths involving COVID-19,2022,July,50-59,"Fourth dose or booster, less than 21 days ago",<3,766,x,,x,x
Male,Deaths involving COVID-19,2022,July,50-59,"Fourth dose or booster, at least 21 days ago",6,3939,136.4,u,48.8,299.3
Male,Deaths involving COVID-19,2022,July,60-69,Unvaccinated,12,9753,143.4,u,73.6,251.3
Male,Deaths involving COVID-19,2022,July,60-69,"First dose, less than 21 days ago",<3,6,x,,x,x
Male,Deaths involving COVID-19,2022,July,60-69,"First dose, at least 21 days ago",<3,1239,x,,x,x
Male,Deaths involving COVID-19,2022,July,60-69,"Second dose, less than 21 days ago",<3,15,x,,x,x
Male,Deaths involving COVID-19,2022,July,60-69,"Second dose, at least 21 days ago",14,12023,142.3,u,76.8,240.2
Male,Deaths involving COVID-19,2022,July,60-69,"Third dose or booster, less than 21 days ago",<3,101,x,,x,x
Male,Deaths involving COVID-19,2022,July,60-69,"Third dose or booster, at least 21 days ago",99,214045,47,,38.2,57.2
Male,Deaths involving COVID-19,2022,July,60-69,"Fourth dose or booster, less than 21 days ago",<3,1303,x,,x,x
Male,Deaths involving COVID-19,2022,July,60-69,"Fourth dose or booster, at least 21 days ago",19,6414,289.2,u,172.9,453.3
Male,Deaths involving COVID-19,2022,July,70-79,Unvaccinated,15,4394,357.7,u,199.3,591.3
Male,Deaths involving COVID-19,2022,July,70-79,"First dose, less than 21 days ago",<3,3,x,,x,x
Male,Deaths involving COVID-19,2022,July,70-79,"First dose, at least 21 days ago",<3,469,x,,x,x
Male,Deaths involving COVID-19,2022,July,70-79,"Second dose, less than 21 days ago",<3,5,x,,x,x
Male,Deaths involving COVID-19,2022,July,70-79,"Second dose, at least 21 days ago",14,3967,352,u,190.3,593.9
Male,Deaths involving COVID-19,2022,July,70-79,"Third dose or booster, less than 21 days ago",<3,47,x,,x,x
Male,Deaths involving COVID-19,2022,July,70-79,"Third dose or booster, at least 21 days ago",197,103140,433.1,,358.8,507.3
Male,Deaths involving COVID-19,2022,July,70-79,"Fourth dose or booster, less than 21 days ago",9,3645,154,u,70.4,292.3
Male,Deaths involving COVID-19,2022,July,70-79,"Fourth dose or booster, at least 21 days ago",104,74543,247.9,,160.2,335.6
Male,Deaths involving COVID-19,2022,July,80-89,Unvaccinated,34,1533,2274,,1574.1,3178.6
Male,Deaths involving COVID-19,2022,July,80-89,"First dose, less than 21 days ago",<3,1,x,,x,x
Male,Deaths involving COVID-19,2022,July,80-89,"First dose, at least 21 days ago",3,166,1811.4,u,372.9,5295
Male,Deaths involving COVID-19,2022,July,80-89,"Second dose, less than 21 days ago",<3,2,x,,x,x
Male,Deaths involving COVID-19,2022,July,80-89,"Second dose, at least 21 days ago",25,1359,1840.4,,1191,2716.8
Male,Deaths involving COVID-19,2022,July,80-89,"Third dose or booster, less than 21 days ago",<3,26,x,,x,x
Male,Deaths involving COVID-19,2022,July,80-89,"Third dose or booster, at least 21 days ago",205,10997,1851.9,,1598.3,2105.4
Male,Deaths involving COVID-19,2022,July,80-89,"Fourth dose or booster, less than 21 days ago",7,1622,430.9,u,173.2,887.8
Male,Deaths involving COVID-19,2022,July,80-89,"Fourth dose or booster, at least 21 days ago",312,65423,482.1,,428.6,535.6
Male,Deaths involving COVID-19,2022,July,90+,Unvaccinated,16,287,5581.9,u,3188.4,9065.2
Male,Deaths involving COVID-19,2022,July,90+,"First dose, less than 21 days ago",<3,0,x,,x,x
Male,Deaths involving COVID-19,2022,July,90+,"First dose, at least 21 days ago",<3,38,x,,x,x
Male,Deaths involving COVID-19,2022,July,90+,"Second dose, less than 21 days ago",<3,1,x,,x,x
Male,Deaths involving COVID-19,2022,July,90+,"Second dose, at least 21 days ago",7,260,2690.3,u,1077.8,5543.4
Male,Deaths involving COVID-19,2022,July,90+,"Third dose or booster, less than 21 days ago",<3,8,x,,x,x
Male,Deaths involving COVID-19,2022,July,90+,"Third dose or booster, at least 21 days ago",98,2085,4699.3,,3815,5727
Male,Deaths involving COVID-19,2022,July,90+,"Fourth dose or booster, less than 21 days ago",10,338,2960.3,u,1417.2,5444.5
Male,Deaths involving COVID-19,2022,July,90+,"Fourth dose or booster, at least 21 days ago",151,10482,1440.6,,1220,1689.6
Male,Deaths involving COVID-19,2022,August,18-39,Unvaccinated,<3,107635,x,,x,x
Male,Deaths involving COVID-19,2022,August,18-39,"First dose, less than 21 days ago",<3,141,x,,x,x
Male,Deaths involving COVID-19,2022,August,18-39,"First dose, at least 21 days ago",<3,22132,x,,x,x
Male,Deaths involving COVID-19,2022,August,18-39,"Second dose, less than 21 days ago",<3,477,x,,x,x
Male,Deaths involving COVID-19,2022,August,18-39,"Second dose, at least 21 days ago",3,143399,2.3,u,0.5,6.7
Male,Deaths involving COVID-19,2022,August,18-39,"Third dose or booster, less than 21 days ago",<3,1833,x,,x,x
Male,Deaths involving COVID-19,2022,August,18-39,"Third dose or booster, at least 21 days ago",<3,273215,x,,x,x
Male,Deaths involving COVID-19,2022,August,18-39,"Fourth dose or booster, less than 21 days ago",<3,121,x,,x,x
Male,Deaths involving COVID-19,2022,August,18-39,"Fourth dose or booster, at least 21 days ago",<3,1808,x,,x,x
Male,Deaths involving COVID-19,2022,August,40-49,Unvaccinated,<3,30413,x,,x,x
Male,Deaths involving COVID-19,2022,August,40-49,"First dose, less than 21 days ago",<3,19,x,,x,x
Male,Deaths involving COVID-19,2022,August,40-49,"First dose, at least 21 days ago",<3,4686,x,,x,x
Male,Deaths involving COVID-19,2022,August,40-49,"Second dose, less than 21 days ago",<3,56,x,,x,x
Male,Deaths involving COVID-19,2022,August,40-49,"Second dose, at least 21 days ago",<3,43408,x,,x,x
Male,Deaths involving COVID-19,2022,August,40-49,"Third dose or booster, less than 21 days ago",<3,406,x,,x,x
Male,Deaths involving COVID-19,2022,August,40-49,"Third dose or booster, at least 21 days ago",6,183438,3.2,u,1.2,7
Male,Deaths involving COVID-19,2022,August,40-49,"Fourth dose or booster, less than 21 days ago",<3,139,x,,x,x
Male,Deaths involving COVID-19,2022,August,40-49,"Fourth dose or booster, at least 21 days ago",<3,2235,x,,x,x
Male,Deaths involving COVID-19,2022,August,50-59,Unvaccinated,3,19532,16.7,u,3.4,48.8
Male,Deaths involving COVID-19,2022,August,50-59,"First dose, less than 21 days ago",<3,12,x,,x,x
Male,Deaths involving COVID-19,2022,August,50-59,"First dose, at least 21 days ago",<3,2877,x,,x,x
Male,Deaths involving COVID-19,2022,August,50-59,"Second dose, less than 21 days ago",<3,29,x,,x,x
Male,Deaths involving COVID-19,2022,August,50-59,"Second dose, at least 21 days ago",5,27762,17.1,u,5.5,40.1
Male,Deaths involving COVID-19,2022,August,50-59,"Third dose or booster, less than 21 days ago",<3,210,x,,x,x
Male,Deaths involving COVID-19,2022,August,50-59,"Third dose or booster, at least 21 days ago",15,242761,6,u,3.3,9.9
Male,Deaths involving COVID-19,2022,August,50-59,"Fourth dose or booster, less than 21 days ago",<3,280,x,,x,x
Male,Deaths involving COVID-19,2022,August,50-59,"Fourth dose or booster, at least 21 days ago",<3,4903,x,,x,x
Male,Deaths involving COVID-19,2022,August,60-69,Unvaccinated,5,9803,62.7,u,20.4,146.4
Male,Deaths involving COVID-19,2022,August,60-69,"First dose, less than 21 days ago",<3,4,x,,x,x
Male,Deaths involving COVID-19,2022,August,60-69,"First dose, at least 21 days ago",3,1237,314.3,u,64.8,918.6
Male,Deaths involving COVID-19,2022,August,60-69,"Second dose, less than 21 days ago",<3,9,x,,x,x
Male,Deaths involving COVID-19,2022,August,60-69,"Second dose, at least 21 days ago",9,12012,78.2,u,34.5,150.5
Male,Deaths involving COVID-19,2022,August,60-69,"Third dose or booster, less than 21 days ago",<3,73,x,,x,x
Male,Deaths involving COVID-19,2022,August,60-69,"Third dose or booster, at least 21 days ago",58,213734,27.8,,21.1,35.9
Male,Deaths involving COVID-19,2022,August,60-69,"Fourth dose or booster, less than 21 days ago",<3,438,x,,x,x
Male,Deaths involving COVID-19,2022,August,60-69,"Fourth dose or booster, at least 21 days ago",14,8042,173,u,93.8,291.5
Male,Deaths involving COVID-19,2022,August,70-79,Unvaccinated,15,4408,350.9,u,195.5,580
Male,Deaths involving COVID-19,2022,August,70-79,"First dose, less than 21 days ago",<3,2,x,,x,x
Male,Deaths involving COVID-19,2022,August,70-79,"First dose, at least 21 days ago",<3,471,x,,x,x
Male,Deaths involving COVID-19,2022,August,70-79,"Second dose, less than 21 days ago",<3,3,x,,x,x
Male,Deaths involving COVID-19,2022,August,70-79,"Second dose, at least 21 days ago",12,3946,309.6,u,157.9,544.1
Male,Deaths involving COVID-19,2022,August,70-79,"Third dose or booster, less than 21 days ago",<3,23,x,,x,x
Male,Deaths involving COVID-19,2022,August,70-79,"Third dose or booster, at least 21 days ago",132,102471,248.4,,193.9,302.9
Male,Deaths involving COVID-19,2022,August,70-79,"Fourth dose or booster, less than 21 days ago",<3,980,x,,x,x
Male,Deaths involving COVID-19,2022,August,70-79,"Fourth dose or booster, at least 21 days ago",87,78082,226.4,,152.2,313.5
Male,Deaths involving COVID-19,2022,August,80-89,Unvaccinated,17,1532,1128.4,u,656.8,1807.5
Male,Deaths involving COVID-19,2022,August,80-89,"First dose, less than 21 days ago",<3,1,x,,x,x
Male,Deaths involving COVID-19,2022,August,80-89,"First dose, at least 21 days ago",<3,164,x,,x,x
Male,Deaths involving COVID-19,2022,August,80-89,"Second dose, less than 21 days ago",<3,1,x,,x,x
Male,Deaths involving COVID-19,2022,August,80-89,"Second dose, at least 21 days ago",18,1342,1345.1,u,797.2,2125.8
Male,Deaths involving COVID-19,2022,August,80-89,"Third dose or booster, less than 21 days ago",<3,10,x,,x,x
Male,Deaths involving COVID-19,2022,August,80-89,"Third dose or booster, at least 21 days ago",122,10178,1190.6,,979.3,1401.9
Male,Deaths involving COVID-19,2022,August,80-89,"Fourth dose or booster, less than 21 days ago",<3,394,x,,x,x
Male,Deaths involving COVID-19,2022,August,80-89,"Fourth dose or booster, at least 21 days ago",207,67752,308.5,,266.5,350.6
Male,Deaths involving COVID-19,2022,August,90+,Unvaccinated,10,284,3517.3,u,1683.9,6468.9
Male,Deaths involving COVID-19,2022,August,90+,"First dose, less than 21 days ago",<3,0,x,,x,x
Male,Deaths involving COVID-19,2022,August,90+,"First dose, at least 21 days ago",3,37,8183.3,u,1644.7,23910.3
Male,Deaths involving COVID-19,2022,August,90+,"Second dose, less than 21 days ago",<3,0,x,,x,x
Male,Deaths involving COVID-19,2022,August,90+,"Second dose, at least 21 days ago",11,257,4281.4,u,2134.3,7661.2
Male,Deaths involving COVID-19,2022,August,90+,"Third dose or booster, less than 21 days ago",<3,2,x,,x,x
Male,Deaths involving COVID-19,2022,August,90+,"Third dose or booster, at least 21 days ago",54,1928,2801.1,,2104.1,3654.9
Male,Deaths involving COVID-19,2022,August,90+,"Fourth dose or booster, less than 21 days ago",<3,76,x,,x,x
Male,Deaths involving COVID-19,2022,August,90+,"Fourth dose or booster, at least 21 days ago",159,10970,1449.4,,1232.9,1693
Male,Deaths involving COVID-19,2022,September,18-39,Unvaccinated,<3,104257,x,,x,x
Male,Deaths involving COVID-19,2022,September,18-39,"First dose, less than 21 days ago",<3,96,x,,x,x
Male,Deaths involving COVID-19,2022,September,18-39,"First dose, at least 21 days ago",<3,21389,x,,x,x
Male,Deaths involving COVID-19,2022,September,18-39,"Second dose, less than 21 days ago",<3,270,x,,x,x
Male,Deaths involving COVID-19,2022,September,18-39,"Second dose, at least 21 days ago",<3,138411,x,,x,x
Male,Deaths involving COVID-19,2022,September,18-39,"Third dose or booster, less than 21 days ago",<3,712,x,,x,x
Male,Deaths involving COVID-19,2022,September,18-39,"Third dose or booster, at least 21 days ago",4,264954,1.4,u,0.4,3.5
Male,Deaths involving COVID-19,2022,September,18-39,"Fourth dose or booster, less than 21 days ago",<3,901,x,,x,x
Male,Deaths involving COVID-19,2022,September,18-39,"Fourth dose or booster, at least 21 days ago",<3,1890,x,,x,x
Male,Deaths involving COVID-19,2022,September,40-49,Unvaccinated,<3,29528,x,,x,x
Male,Deaths involving COVID-19,2022,September,40-49,"First dose, less than 21 days ago",<3,14,x,,x,x
Male,Deaths involving COVID-19,2022,September,40-49,"First dose, at least 21 days ago",<3,4528,x,,x,x
Male,Deaths involving COVID-19,2022,September,40-49,"Second dose, less than 21 days ago",<3,35,x,,x,x
Male,Deaths involving COVID-19,2022,September,40-49,"Second dose, at least 21 days ago",<3,42003,x,,x,x
Male,Deaths involving COVID-19,2022,September,40-49,"Third dose or booster, less than 21 days ago",<3,120,x,,x,x
Male,Deaths involving COVID-19,2022,September,40-49,"Third dose or booster, at least 21 days ago",6,176609,3.3,u,1.2,7.2
Male,Deaths involving COVID-19,2022,September,40-49,"Fourth dose or booster, less than 21 days ago",<3,1006,x,,x,x
Male,Deaths involving COVID-19,2022,September,40-49,"Fourth dose or booster, at least 21 days ago",<3,2321,x,,x,x
Male,Deaths involving COVID-19,2022,September,50-59,Unvaccinated,<3,18956,x,,x,x
Male,Deaths involving COVID-19,2022,September,50-59,"First dose, less than 21 days ago",<3,7,x,,x,x
Male,Deaths involving COVID-19,2022,September,50-59,"First dose, at least 21 days ago",<3,2781,x,,x,x
Male,Deaths involving COVID-19,2022,September,50-59,"Second dose, less than 21 days ago",<3,18,x,,x,x
Male,Deaths involving COVID-19,2022,September,50-59,"Second dose, at least 21 days ago",<3,26874,x,,x,x
Male,Deaths involving COVID-19,2022,September,50-59,"Third dose or booster, less than 21 days ago",<3,78,x,,x,x
Male,Deaths involving COVID-19,2022,September,50-59,"Third dose or booster, at least 21 days ago",10,232323,4.3,u,2,7.8
Male,Deaths involving COVID-19,2022,September,50-59,"Fourth dose or booster, less than 21 days ago",<3,2496,x,,x,x
Male,Deaths involving COVID-19,2022,September,50-59,"Fourth dose or booster, at least 21 days ago",<3,5065,x,,x,x
Male,Deaths involving COVID-19,2022,September,60-69,Unvaccinated,6,9540,65.6,u,23.4,144
Male,Deaths involving COVID-19,2022,September,60-69,"First dose, less than 21 days ago",<3,3,x,,x,x
Male,Deaths involving COVID-19,2022,September,60-69,"First dose, at least 21 days ago",<3,1201,x,,x,x
Male,Deaths involving COVID-19,2022,September,60-69,"Second dose, less than 21 days ago",<3,6,x,,x,x
Male,Deaths involving COVID-19,2022,September,60-69,"Second dose, at least 21 days ago",5,11671,52.5,u,16.6,123.6
Male,Deaths involving COVID-19,2022,September,60-69,"Third dose or booster, less than 21 days ago",<3,28,x,,x,x
Male,Deaths involving COVID-19,2022,September,60-69,"Third dose or booster, at least 21 days ago",27,199156,13.9,,9.2,20.3
Male,Deaths involving COVID-19,2022,September,60-69,"Fourth dose or booster, less than 21 days ago",<3,8012,x,,x,x
Male,Deaths involving COVID-19,2022,September,60-69,"Fourth dose or booster, at least 21 days ago",5,8272,59.6,u,18.9,139.8
Male,Deaths involving COVID-19,2022,September,70-79,Unvaccinated,11,4281,270.5,u,134.4,485.1
Male,Deaths involving COVID-19,2022,September,70-79,"First dose, less than 21 days ago",<3,1,x,,x,x
Male,Deaths involving COVID-19,2022,September,70-79,"First dose, at least 21 days ago",4,456,904.7,u,240.9,2328.4
Male,Deaths involving COVID-19,2022,September,70-79,"Second dose, less than 21 days ago",<3,2,x,,x,x
Male,Deaths involving COVID-19,2022,September,70-79,"Second dose, at least 21 days ago",7,3824,178.1,u,70.2,369.3
Male,Deaths involving COVID-19,2022,September,70-79,"Third dose or booster, less than 21 days ago",<3,8,x,,x,x
Male,Deaths involving COVID-19,2022,September,70-79,"Third dose or booster, at least 21 days ago",76,91095,146.6,,107,193.7
Male,Deaths involving COVID-19,2022,September,70-79,"Fourth dose or booster, less than 21 days ago",<3,9042,x,,x,x
Male,Deaths involving COVID-19,2022,September,70-79,"Fourth dose or booster, at least 21 days ago",66,75692,127.8,,75.8,190.3
Male,Deaths involving COVID-19,2022,September,80-89,Unvaccinated,5,1486,344.5,u,111.6,804.4
Male,Deaths involving COVID-19,2022,September,80-89,"First dose, less than 21 days ago",<3,1,x,,x,x
Male,Deaths involving COVID-19,2022,September,80-89,"First dose, at least 21 days ago",<3,159,x,,x,x
Male,Deaths involving COVID-19,2022,September,80-89,"Second dose, less than 21 days ago",<3,0,x,,x,x
Male,Deaths involving COVID-19,2022,September,80-89,"Second dose, at least 21 days ago",8,1293,619.3,u,267.4,1220.4
Male,Deaths involving COVID-19,2022,September,80-89,"Third dose or booster, less than 21 days ago",<3,2,x,,x,x
Male,Deaths involving COVID-19,2022,September,80-89,"Third dose or booster, at least 21 days ago",72,9005,795.3,,622.3,1001.6
Male,Deaths involving COVID-19,2022,September,80-89,"Fourth dose or booster, less than 21 days ago",<3,734,x,,x,x
Male,Deaths involving COVID-19,2022,September,80-89,"Fourth dose or booster, at least 21 days ago",147,66344,224.3,,188,260.5
Male,Deaths involving COVID-19,2022,September,90+,Unvaccinated,3,275,1091.2,u,219.3,3188.2
Male,Deaths involving COVID-19,2022,September,90+,"First dose, less than 21 days ago",<3,0,x,,x,x
Male,Deaths involving COVID-19,2022,September,90+,"First dose, at least 21 days ago",<3,35,x,,x,x
Male,Deaths involving COVID-19,2022,September,90+,"Second dose, less than 21 days ago",<3,0,x,,x,x
Male,Deaths involving COVID-19,2022,September,90+,"Second dose, at least 21 days ago",6,247,2429.9,u,887.3,5289.1
Male,Deaths involving COVID-19,2022,September,90+,"Third dose or booster, less than 21 days ago",<3,1,x,,x,x
Male,Deaths involving COVID-19,2022,September,90+,"Third dose or booster, at least 21 days ago",30,1704,1760.2,,1187.4,2512.9
Male,Deaths involving COVID-19,2022,September,90+,"Fourth dose or booster, less than 21 days ago",<3,140,x,,x,x
Male,Deaths involving COVID-19,2022,September,90+,"Fourth dose or booster, at least 21 days ago",89,10779,825.6,,663,1016
Male,Deaths involving COVID-19,2022,October,18-39,Unvaccinated,<3,107914,x,,x,x
Male,Deaths involving COVID-19,2022,October,18-39,"First dose, less than 21 days ago",<3,76,x,,x,x
Male,Deaths involving COVID-19,2022,October,18-39,"First dose, at least 21 days ago",<3,22170,x,,x,x
Male,Deaths involving COVID-19,2022,October,18-39,"Second dose, less than 21 days ago",<3,195,x,,x,x
Male,Deaths involving COVID-19,2022,October,18-39,"Second dose, at least 21 days ago",<3,143669,x,,x,x
Male,Deaths involving COVID-19,2022,October,18-39,"Third dose or booster, less than 21 days ago",<3,54,x,,x,x
Male,Deaths involving COVID-19,2022,October,18-39,"Third dose or booster, at least 21 days ago",6,264491,2.3,u,0.8,5
Male,Deaths involving COVID-19,2022,October,18-39,"Fourth dose or booster, less than 21 days ago",<3,7390,x,,x,x
Male,Deaths involving COVID-19,2022,October,18-39,"Fourth dose or booster, at least 21 days ago",<3,4615,x,,x,x
Male,Deaths involving COVID-19,2022,October,40-49,Unvaccinated,<3,30614,x,,x,x
Male,Deaths involving COVID-19,2022,October,40-49,"First dose, less than 21 days ago",<3,11,x,,x,x
Male,Deaths involving COVID-19,2022,October,40-49,"First dose, at least 21 days ago",<3,4670,x,,x,x
Male,Deaths involving COVID-19,2022,October,40-49,"Second dose, less than 21 days ago",<3,32,x,,x,x
Male,Deaths involving COVID-19,2022,October,40-49,"Second dose, at least 21 days ago",<3,43599,x,,x,x
Male,Deaths involving COVID-19,2022,October,40-49,"Third dose or booster, less than 21 days ago",<3,12,x,,x,x
Male,Deaths involving COVID-19,2022,October,40-49,"Third dose or booster, at least 21 days ago",5,171040,2.9,u,1,6.9
Male,Deaths involving COVID-19,2022,October,40-49,"Fourth dose or booster, less than 21 days ago",<3,9153,x,,x,x
Male,Deaths involving COVID-19,2022,October,40-49,"Fourth dose or booster, at least 21 days ago",<3,5575,x,,x,x
Male,Deaths involving COVID-19,2022,October,50-59,Unvaccinated,8,19661,44.3,u,19.1,87.2
Male,Deaths involving COVID-19,2022,October,50-59,"First dose, less than 21 days ago",<3,5,x,,x,x
Male,Deaths involving COVID-19,2022,October,50-59,"First dose, at least 21 days ago",<3,2868,x,,x,x
Male,Deaths involving COVID-19,2022,October,50-59,"Second dose, less than 21 days ago",<3,17,x,,x,x
Male,Deaths involving COVID-19,2022,October,50-59,"Second dose, at least 21 days ago",<3,27891,x,,x,x
Male,Deaths involving COVID-19,2022,October,50-59,"Third dose or booster, less than 21 days ago",<3,8,x,,x,x
Male,Deaths involving COVID-19,2022,October,50-59,"Third dose or booster, at least 21 days ago",24,201503,11.9,,7.6,17.7
Male,Deaths involving COVID-19,2022,October,50-59,"Fourth dose or booster, less than 21 days ago",<3,32748,x,,x,x
Male,Deaths involving COVID-19,2022,October,50-59,"Fourth dose or booster, at least 21 days ago",4,13346,30.9,u,8,80
Male,Deaths involving COVID-19,2022,October,60-69,Unvaccinated,6,9913,66.9,u,24,146.7
Male,Deaths involving COVID-19,2022,October,60-69,"First dose, less than 21 days ago",<3,4,x,,x,x
Male,Deaths involving COVID-19,2022,October,60-69,"First dose, at least 21 days ago",<3,1246,x,,x,x
Male,Deaths involving COVID-19,2022,October,60-69,"Second dose, less than 21 days ago",<3,6,x,,x,x
Male,Deaths involving COVID-19,2022,October,60-69,"Second dose, at least 21 days ago",14,12147,136.2,u,73.3,230.3
Male,Deaths involving COVID-19,2022,October,60-69,"Third dose or booster, less than 21 days ago",<3,4,x,,x,x
Male,Deaths involving COVID-19,2022,October,60-69,"Third dose or booster, at least 21 days ago",52,131737,44.2,,32.7,58.4
Male,Deaths involving COVID-19,2022,October,60-69,"Fourth dose or booster, less than 21 days ago",5,58825,7.7,u,2.4,18.1
Male,Deaths involving COVID-19,2022,October,60-69,"Fourth dose or booster, at least 21 days ago",27,32365,97.8,,61.5,146.1
Male,Deaths involving COVID-19,2022,October,70-79,Unvaccinated,10,4434,240,u,114.6,442.2
Male,Deaths involving COVID-19,2022,October,70-79,"First dose, less than 21 days ago",<3,1,x,,x,x
Male,Deaths involving COVID-19,2022,October,70-79,"First dose, at least 21 days ago",4,471,819.2,u,218.9,2106.8
Male,Deaths involving COVID-19,2022,October,70-79,"Second dose, less than 21 days ago",<3,2,x,,x,x
Male,Deaths involving COVID-19,2022,October,70-79,"Second dose, at least 21 days ago",9,3966,233.1,u,104.9,445.4
Male,Deaths involving COVID-19,2022,October,70-79,"Third dose or booster, less than 21 days ago",<3,2,x,,x,x
Male,Deaths involving COVID-19,2022,October,70-79,"Third dose or booster, at least 21 days ago",122,42948,392.3,,311.3,473.3
Male,Deaths involving COVID-19,2022,October,70-79,"Fourth dose or booster, less than 21 days ago",11,38030,70.5,u,24.9,142.5
Male,Deaths involving COVID-19,2022,October,70-79,"Fourth dose or booster, at least 21 days ago",144,100811,146.5,,118.2,174.7
Male,Deaths involving COVID-19,2022,October,80-89,Unvaccinated,26,1539,1736,,1133.3,2544.6
Male,Deaths involving COVID-19,2022,October,80-89,"First dose, less than 21 days ago",<3,1,x,,x,x
Male,Deaths involving COVID-19,2022,October,80-89,"First dose, at least 21 days ago",3,163,1837.4,u,378.9,5369.6
Male,Deaths involving COVID-19,2022,October,80-89,"Second dose, less than 21 days ago",<3,1,x,,x,x
Male,Deaths involving COVID-19,2022,October,80-89,"Second dose, at least 21 days ago",10,1330,751.4,u,360.3,1381.8
Male,Deaths involving COVID-19,2022,October,80-89,"Third dose or booster, less than 21 days ago",<3,1,x,,x,x
Male,Deaths involving COVID-19,2022,October,80-89,"Third dose or booster, at least 21 days ago",122,6376,1909.5,,1570.7,2248.4
Male,Deaths involving COVID-19,2022,October,80-89,"Fourth dose or booster, less than 21 days ago",6,2086,283,u,103.8,616.2
Male,Deaths involving COVID-19,2022,October,80-89,"Fourth dose or booster, at least 21 days ago",368,70401,527.6,,473.6,581.5
Male,Deaths involving COVID-19,2022,October,90+,Unvaccinated,11,284,3876.5,u,1932.5,6936.5
Male,Deaths involving COVID-19,2022,October,90+,"First dose, less than 21 days ago",<3,0,x,,x,x
Male,Deaths involving COVID-19,2022,October,90+,"First dose, at least 21 days ago",<3,35,x,,x,x
Male,Deaths involving COVID-19,2022,October,90+,"Second dose, less than 21 days ago",<3,0,x,,x,x
Male,Deaths involving COVID-19,2022,October,90+,"Second dose, at least 21 days ago",11,252,4362.7,u,2174.8,7806.5
Male,Deaths involving COVID-19,2022,October,90+,"Third dose or booster, less than 21 days ago",<3,0,x,,x,x
Male,Deaths involving COVID-19,2022,October,90+,"Third dose or booster, at least 21 days ago",59,1195,4937.4,,3758.3,6369
Male,Deaths involving COVID-19,2022,October,90+,"Fourth dose or booster, less than 21 days ago",4,401,996.7,u,268.1,2551.8
Male,Deaths involving COVID-19,2022,October,90+,"Fourth dose or booster, at least 21 days ago",243,11468,2118.9,,1860.8,2402.7
Male,Deaths involving COVID-19,2022,November,18-39,Unvaccinated,<3,104629,x,,x,x
Male,Deaths involving COVID-19,2022,November,18-39,"First dose, less than 21 days ago",<3,57,x,,x,x
Male,Deaths involving COVID-19,2022,November,18-39,"First dose, at least 21 days ago",<3,21589,x,,x,x
Male,Deaths involving COVID-19,2022,November,18-39,"Second dose, less than 21 days ago",<3,131,x,,x,x
Male,Deaths involving COVID-19,2022,November,18-39,"Second dose, at least 21 days ago",<3,139654,x,,x,x
Male,Deaths involving COVID-19,2022,November,18-39,"Third dose or booster, less than 21 days ago",<3,16,x,,x,x
Male,Deaths involving COVID-19,2022,November,18-39,"Third dose or booster, at least 21 days ago",<3,246336,x,,x,x
Male,Deaths involving COVID-19,2022,November,18-39,"Fourth dose or booster, less than 21 days ago",<3,5385,x,,x,x
Male,Deaths involving COVID-19,2022,November,18-39,"Fourth dose or booster, at least 21 days ago",<3,15021,x,,x,x
Male,Deaths involving COVID-19,2022,November,40-49,Unvaccinated,3,29731,11.7,u,2.4,34.2
Male,Deaths involving COVID-19,2022,November,40-49,"First dose, less than 21 days ago",<3,8,x,,x,x
Male,Deaths involving COVID-19,2022,November,40-49,"First dose, at least 21 days ago",<3,4520,x,,x,x
Male,Deaths involving COVID-19,2022,November,40-49,"Second dose, less than 21 days ago",<3,21,x,,x,x
Male,Deaths involving COVID-19,2022,November,40-49,"Second dose, at least 21 days ago",<3,42366,x,,x,x
Male,Deaths involving COVID-19,2022,November,40-49,"Third dose or booster, less than 21 days ago",<3,4,x,,x,x
Male,Deaths involving COVID-19,2022,November,40-49,"Third dose or booster, at least 21 days ago",4,155111,2.6,u,0.7,6.6
Male,Deaths involving COVID-19,2022,November,40-49,"Fourth dose or booster, less than 21 days ago",<3,6113,x,,x,x
Male,Deaths involving COVID-19,2022,November,40-49,"Fourth dose or booster, at least 21 days ago",<3,18241,x,,x,x
Male,Deaths involving COVID-19,2022,November,50-59,Unvaccinated,<3,19094,x,,x,x
Male,Deaths involving COVID-19,2022,November,50-59,"First dose, less than 21 days ago",<3,5,x,,x,x
Male,Deaths involving COVID-19,2022,November,50-59,"First dose, at least 21 days ago",<3,2773,x,,x,x
Male,Deaths involving COVID-19,2022,November,50-59,"Second dose, less than 21 days ago",<3,12,x,,x,x
Male,Deaths involving COVID-19,2022,November,50-59,"Second dose, at least 21 days ago",4,27122,15,u,4,38.4
Male,Deaths involving COVID-19,2022,November,50-59,"Third dose or booster, less than 21 days ago",<3,4,x,,x,x
Male,Deaths involving COVID-19,2022,November,50-59,"Third dose or booster, at least 21 days ago",8,122881,6.6,u,2.8,13
Male,Deaths involving COVID-19,2022,November,50-59,"Fourth dose or booster, less than 21 days ago",<3,48656,x,,x,x
Male,Deaths involving COVID-19,2022,November,50-59,"Fourth dose or booster, at least 21 days ago",<3,67704,x,,x,x
Male,Deaths involving COVID-19,2022,November,60-69,Unvaccinated,5,9637,52.1,u,16.3,122.8
Male,Deaths involving COVID-19,2022,November,60-69,"First dose, less than 21 days ago",<3,3,x,,x,x
Male,Deaths involving COVID-19,2022,November,60-69,"First dose, at least 21 days ago",<3,1213,x,,x,x
Male,Deaths involving COVID-19,2022,November,60-69,"Second dose, less than 21 days ago",<3,6,x,,x,x
Male,Deaths involving COVID-19,2022,November,60-69,"Second dose, at least 21 days ago",4,11845,31.9,u,8.1,82.9
Male,Deaths involving COVID-19,2022,November,60-69,"Third dose or booster, less than 21 days ago",<3,2,x,,x,x
Male,Deaths involving COVID-19,2022,November,60-69,"Third dose or booster, at least 21 days ago",35,63516,68.8,,47.4,96.4
Male,Deaths involving COVID-19,2022,November,60-69,"Fourth dose or booster, less than 21 days ago",<3,38365,x,,x,x
Male,Deaths involving COVID-19,2022,November,60-69,"Fourth dose or booster, at least 21 days ago",19,114145,15.9,u,9.5,25
Male,Deaths involving COVID-19,2022,November,70-79,Unvaccinated,8,4307,199.3,u,85.7,393.4
Male,Deaths involving COVID-19,2022,November,70-79,"First dose, less than 21 days ago",<3,2,x,,x,x
Male,Deaths involving COVID-19,2022,November,70-79,"First dose, at least 21 days ago",<3,455,x,,x,x
Male,Deaths involving COVID-19,2022,November,70-79,"Second dose, less than 21 days ago",<3,3,x,,x,x
Male,Deaths involving COVID-19,2022,November,70-79,"Second dose, at least 21 days ago",6,3859,171.4,u,61.7,375.1
Male,Deaths involving COVID-19,2022,November,70-79,"Third dose or booster, less than 21 days ago",<3,0,x,,x,x
Male,Deaths involving COVID-19,2022,November,70-79,"Third dose or booster, at least 21 days ago",63,19495,372.8,,281,483.6
Male,Deaths involving COVID-19,2022,November,70-79,"Fourth dose or booster, less than 21 days ago",8,11353,68.6,u,16.2,158
Male,Deaths involving COVID-19,2022,November,70-79,"Fourth dose or booster, at least 21 days ago",101,145135,64.9,,52.1,77.6
Male,Deaths involving COVID-19,2022,November,80-89,Unvaccinated,7,1486,474.6,u,190.4,978.4
Male,Deaths involving COVID-19,2022,November,80-89,"First dose, less than 21 days ago",<3,1,x,,x,x
Male,Deaths involving COVID-19,2022,November,80-89,"First dose, at least 21 days ago",3,156,1920.5,u,396,5612.4
Male,Deaths involving COVID-19,2022,November,80-89,"Second dose, less than 21 days ago",<3,1,x,,x,x
Male,Deaths involving COVID-19,2022,November,80-89,"Second dose, at least 21 days ago",14,1284,1090.4,u,596.1,1829.5
Male,Deaths involving COVID-19,2022,November,80-89,"Third dose or booster, less than 21 days ago",<3,1,x,,x,x
Male,Deaths involving COVID-19,2022,November,80-89,"Third dose or booster, at least 21 days ago",67,4403,1525.1,,1182,1936.9
Male,Deaths involving COVID-19,2022,November,80-89,"Fourth dose or booster, less than 21 days ago",4,972,407.8,u,110.8,1044.7
Male,Deaths involving COVID-19,2022,November,80-89,"Fourth dose or booster, at least 21 days ago",239,71164,338.5,,295.6,381.4
Male,Deaths involving COVID-19,2022,November,90+,Unvaccinated,3,273,1100.7,u,221.2,3215.9
Male,Deaths involving COVID-19,2022,November,90+,"First dose, less than 21 days ago",<3,0,x,,x,x
Male,Deaths involving COVID-19,2022,November,90+,"First dose, at least 21 days ago",<3,33,x,,x,x
Male,Deaths involving COVID-19,2022,November,90+,"Second dose, less than 21 days ago",<3,0,x,,x,x
Male,Deaths involving COVID-19,2022,November,90+,"Second dose, at least 21 days ago",<3,242,x,,x,x
Male,Deaths involving COVID-19,2022,November,90+,"Third dose or booster, less than 21 days ago",<3,0,x,,x,x
Male,Deaths involving COVID-19,2022,November,90+,"Third dose or booster, at least 21 days ago",33,792,4164.9,,2866.4,5849.3
Male,Deaths involving COVID-19,2022,November,90+,"Fourth dose or booster, less than 21 days ago",<3,199,x,,x,x
Male,Deaths involving COVID-19,2022,November,90+,"Fourth dose or booster, at least 21 days ago",99,11667,848.5,,689.6,1033.1
Male,Deaths involving COVID-19,2022,December,18-39,Unvaccinated,<3,108349,x,,x,x
Male,Deaths involving COVID-19,2022,December,18-39,"First dose, less than 21 days ago",<3,40,x,,x,x
Male,Deaths involving COVID-19,2022,December,18-39,"First dose, at least 21 days ago",<3,22445,x,,x,x
Male,Deaths involving COVID-19,2022,December,18-39,"Second dose, less than 21 days ago",<3,107,x,,x,x
Male,Deaths involving COVID-19,2022,December,18-39,"Second dose, at least 21 days ago",<3,144869,x,,x,x
Male,Deaths involving COVID-19,2022,December,18-39,"Third dose or booster, less than 21 days ago",<3,8,x,,x,x
Male,Deaths involving COVID-19,2022,December,18-39,"Third dose or booster, at least 21 days ago",<3,249910,x,,x,x
Male,Deaths involving COVID-19,2022,December,18-39,"Fourth dose or booster, less than 21 days ago",<3,2287,x,,x,x
Male,Deaths involving COVID-19,2022,December,18-39,"Fourth dose or booster, at least 21 days ago",<3,22620,x,,x,x
Male,Deaths involving COVID-19,2022,December,40-49,Unvaccinated,<3,30829,x,,x,x
Male,Deaths involving COVID-19,2022,December,40-49,"First dose, less than 21 days ago",<3,5,x,,x,x
Male,Deaths involving COVID-19,2022,December,40-49,"First dose, at least 21 days ago",<3,4678,x,,x,x
Male,Deaths involving COVID-19,2022,December,40-49,"Second dose, less than 21 days ago",<3,16,x,,x,x
Male,Deaths involving COVID-19,2022,December,40-49,"Second dose, at least 21 days ago",4,43956,8.7,u,2.3,22.3
Male,Deaths involving COVID-19,2022,December,40-49,"Third dose or booster, less than 21 days ago",<3,2,x,,x,x
Male,Deaths involving COVID-19,2022,December,40-49,"Third dose or booster, at least 21 days ago",<3,155924,x,,x,x
Male,Deaths involving COVID-19,2022,December,40-49,"Fourth dose or booster, less than 21 days ago",<3,2440,x,,x,x
Male,Deaths involving COVID-19,2022,December,40-49,"Fourth dose or booster, at least 21 days ago",5,26713,18.6,u,5.8,43.9
Male,Deaths involving COVID-19,2022,December,50-59,Unvaccinated,3,19788,14.9,u,3,43.6
Male,Deaths involving COVID-19,2022,December,50-59,"First dose, less than 21 days ago",<3,3,x,,x,x
Male,Deaths involving COVID-19,2022,December,50-59,"First dose, at least 21 days ago",<3,2872,x,,x,x
Male,Deaths involving COVID-19,2022,December,50-59,"Second dose, less than 21 days ago",<3,8,x,,x,x
Male,Deaths involving COVID-19,2022,December,50-59,"Second dose, at least 21 days ago",7,28144,24.9,u,9.9,51.3
Male,Deaths involving COVID-19,2022,December,50-59,"Third dose or booster, less than 21 days ago",<3,2,x,,x,x
Male,Deaths involving COVID-19,2022,December,50-59,"Third dose or booster, at least 21 days ago",13,100354,13.2,u,7,22.6
Male,Deaths involving COVID-19,2022,December,50-59,"Fourth dose or booster, less than 21 days ago",<3,13935,x,,x,x
Male,Deaths involving COVID-19,2022,December,50-59,"Fourth dose or booster, at least 21 days ago",9,132588,6.6,u,2.9,12.5
Male,Deaths involving COVID-19,2022,December,60-69,Unvaccinated,11,10011,123.9,u,61.2,222.8
Male,Deaths involving COVID-19,2022,December,60-69,"First dose, less than 21 days ago",<3,2,x,,x,x
Male,Deaths involving COVID-19,2022,December,60-69,"First dose, at least 21 days ago",<3,1258,x,,x,x
Male,Deaths involving COVID-19,2022,December,60-69,"Second dose, less than 21 days ago",<3,4,x,,x,x
Male,Deaths involving COVID-19,2022,December,60-69,"Second dose, at least 21 days ago",10,12337,91,u,42.5,169.2
Male,Deaths involving COVID-19,2022,December,60-69,"Third dose or booster, less than 21 days ago",<3,1,x,,x,x
Male,Deaths involving COVID-19,2022,December,60-69,"Third dose or booster, at least 21 days ago",27,50368,56.9,,36.7,83.7
Male,Deaths involving COVID-19,2022,December,60-69,"Fourth dose or booster, less than 21 days ago",<3,7598,x,,x,x
Male,Deaths involving COVID-19,2022,December,60-69,"Fourth dose or booster, at least 21 days ago",38,165510,22.7,,16.1,31.2
Male,Deaths involving COVID-19,2022,December,70-79,Unvaccinated,14,4464,311.2,u,169.4,523.1
Male,Deaths involving COVID-19,2022,December,70-79,"First dose, less than 21 days ago",<3,1,x,,x,x
Male,Deaths involving COVID-19,2022,December,70-79,"First dose, at least 21 days ago",<3,471,x,,x,x
Male,Deaths involving COVID-19,2022,December,70-79,"Second dose, less than 21 days ago",<3,2,x,,x,x
Male,Deaths involving COVID-19,2022,December,70-79,"Second dose, at least 21 days ago",9,4001,247.3,u,111.7,471.8
Male,Deaths involving COVID-19,2022,December,70-79,"Third dose or booster, less than 21 days ago",<3,0,x,,x,x
Male,Deaths involving COVID-19,2022,December,70-79,"Third dose or booster, at least 21 days ago",45,16076,311.8,,224.1,421.5
Male,Deaths involving COVID-19,2022,December,70-79,"Fourth dose or booster, less than 21 days ago",<3,1960,x,,x,x
Male,Deaths involving COVID-19,2022,December,70-79,"Fourth dose or booster, at least 21 days ago",177,163801,103.9,,88.5,119.3
Male,Deaths involving COVID-19,2022,December,80-89,Unvaccinated,26,1532,1727.1,,1127.5,2531.5
Male,Deaths involving COVID-19,2022,December,80-89,"First dose, less than 21 days ago",<3,0,x,,x,x
Male,Deaths involving COVID-19,2022,December,80-89,"First dose, at least 21 days ago",4,160,2503.4,u,682.1,6409.8
Male,Deaths involving COVID-19,2022,December,80-89,"Second dose, less than 21 days ago",<3,1,x,,x,x
Male,Deaths involving COVID-19,2022,December,80-89,"Second dose, at least 21 days ago",15,1323,1133.8,u,634.6,1870.1
Male,Deaths involving COVID-19,2022,December,80-89,"Third dose or booster, less than 21 days ago",<3,0,x,,x,x
Male,Deaths involving COVID-19,2022,December,80-89,"Third dose or booster, at least 21 days ago",49,4023,1222.8,,904.6,1616.7
Male,Deaths involving COVID-19,2022,December,80-89,"Fourth dose or booster, less than 21 days ago",<3,257,x,,x,x
Male,Deaths involving COVID-19,2022,December,80-89,"Fourth dose or booster, at least 21 days ago",371,74940,500.1,,449.2,551
Male,Deaths involving COVID-19,2022,December,90+,Unvaccinated,10,280,3571.4,u,1709.8,6568.4
Male,Deaths involving COVID-19,2022,December,90+,"First dose, less than 21 days ago",<3,0,x,,x,x
Male,Deaths involving COVID-19,2022,December,90+,"First dose, at least 21 days ago",<3,33,x,,x,x
Male,Deaths involving COVID-19,2022,December,90+,"Second dose, less than 21 days ago",<3,0,x,,x,x
Male,Deaths involving COVID-19,2022,December,90+,"Second dose, at least 21 days ago",10,247,4045.5,u,1936.7,7440.3
Male,Deaths involving COVID-19,2022,December,90+,"Third dose or booster, less than 21 days ago",<3,0,x,,x,x
Male,Deaths involving COVID-19,2022,December,90+,"Third dose or booster, at least 21 days ago",23,685,3358.9,,2128.6,5040.3
Male,Deaths involving COVID-19,2022,December,90+,"Fourth dose or booster, less than 21 days ago",<3,64,x,,x,x
Male,Deaths involving COVID-19,2022,December,90+,"Fourth dose or booster, at least 21 days ago",230,12295,1870.7,,1636.7,2128.7
Male,Deaths involving COVID-19,2023,January,18-39,Unvaccinated,<3,108582,x,,x,x
Male,Deaths involving COVID-19,2023,January,18-39,"First dose, less than 21 days ago",<3,45,x,,x,x
Male,Deaths involving COVID-19,2023,January,18-39,"First dose, at least 21 days ago",<3,22588,x,,x,x
Male,Deaths involving COVID-19,2023,January,18-39,"Second dose, less than 21 days ago",<3,90,x,,x,x
Male,Deaths involving COVID-19,2023,January,18-39,"Second dose, at least 21 days ago",<3,145388,x,,x,x
Male,Deaths involving COVID-19,2023,January,18-39,"Third dose or booster, less than 21 days ago",<3,6,x,,x,x
Male,Deaths involving COVID-19,2023,January,18-39,"Third dose or booster, at least 21 days ago",<3,247885,x,,x,x
Male,Deaths involving COVID-19,2023,January,18-39,"Fourth dose or booster, less than 21 days ago",<3,718,x,,x,x
Male,Deaths involving COVID-19,2023,January,18-39,"Fourth dose or booster, at least 21 days ago",<3,25342,x,,x,x
Male,Deaths involving COVID-19,2023,January,40-49,Unvaccinated,<3,30938,x,,x,x
Male,Deaths involving COVID-19,2023,January,40-49,"First dose, less than 21 days ago",<3,7,x,,x,x
Male,Deaths involving COVID-19,2023,January,40-49,"First dose, at least 21 days ago",<3,4685,x,,x,x
Male,Deaths involving COVID-19,2023,January,40-49,"Second dose, less than 21 days ago",<3,12,x,,x,x
Male,Deaths involving COVID-19,2023,January,40-49,"Second dose, at least 21 days ago",<3,44105,x,,x,x
Male,Deaths involving COVID-19,2023,January,40-49,"Third dose or booster, less than 21 days ago",<3,1,x,,x,x
Male,Deaths involving COVID-19,2023,January,40-49,"Third dose or booster, at least 21 days ago",3,154509,1.9,u,0.4,5.7
Male,Deaths involving COVID-19,2023,January,40-49,"Fourth dose or booster, less than 21 days ago",<3,736,x,,x,x
Male,Deaths involving COVID-19,2023,January,40-49,"Fourth dose or booster, at least 21 days ago",3,29438,9.9,u,1.9,29.2
Male,Deaths involving COVID-19,2023,January,50-59,Unvaccinated,<3,19842,x,,x,x
Male,Deaths involving COVID-19,2023,January,50-59,"First dose, less than 21 days ago",<3,4,x,,x,x
Male,Deaths involving COVID-19,2023,January,50-59,"First dose, at least 21 days ago",<3,2877,x,,x,x
Male,Deaths involving COVID-19,2023,January,50-59,"Second dose, less than 21 days ago",<3,7,x,,x,x
Male,Deaths involving COVID-19,2023,January,50-59,"Second dose, at least 21 days ago",<3,28275,x,,x,x
Male,Deaths involving COVID-19,2023,January,50-59,"Third dose or booster, less than 21 days ago",<3,1,x,,x,x
Male,Deaths involving COVID-19,2023,January,50-59,"Third dose or booster, at least 21 days ago",11,95133,11.6,u,5.8,20.7
Male,Deaths involving COVID-19,2023,January,50-59,"Fourth dose or booster, less than 21 days ago",<3,3078,x,,x,x
Male,Deaths involving COVID-19,2023,January,50-59,"Fourth dose or booster, at least 21 days ago",11,148246,7.4,u,3.7,13.4
Male,Deaths involving COVID-19,2023,January,60-69,Unvaccinated,11,10068,119.5,u,58.8,215.2
Male,Deaths involving COVID-19,2023,January,60-69,"First dose, less than 21 days ago",<3,1,x,,x,x
Male,Deaths involving COVID-19,2023,January,60-69,"First dose, at least 21 days ago",3,1262,233.7,u,43.5,694.4
Male,Deaths involving COVID-19,2023,January,60-69,"Second dose, less than 21 days ago",<3,3,x,,x,x
Male,Deaths involving COVID-19,2023,January,60-69,"Second dose, at least 21 days ago",9,12436,83.8,u,37.3,160.6
Male,Deaths involving COVID-19,2023,January,60-69,"Third dose or booster, less than 21 days ago",<3,0,x,,x,x
Male,Deaths involving COVID-19,2023,January,60-69,"Third dose or booster, at least 21 days ago",31,48051,72,,48.2,103.2
Male,Deaths involving COVID-19,2023,January,60-69,"Fourth dose or booster, less than 21 days ago",<3,1345,x,,x,x
Male,Deaths involving COVID-19,2023,January,60-69,"Fourth dose or booster, at least 21 days ago",45,174347,25.6,,18.7,34.2
Male,Deaths involving COVID-19,2023,January,70-79,Unvaccinated,12,4470,283.5,u,145.9,496.1
Male,Deaths involving COVID-19,2023,January,70-79,"First dose, less than 21 days ago",<3,1,x,,x,x
Male,Deaths involving COVID-19,2023,January,70-79,"First dose, at least 21 days ago",<3,469,x,,x,x
Male,Deaths involving COVID-19,2023,January,70-79,"Second dose, less than 21 days ago",<3,1,x,,x,x
Male,Deaths involving COVID-19,2023,January,70-79,"Second dose, at least 21 days ago",13,4018,350.1,u,184.6,601.4
Male,Deaths involving COVID-19,2023,January,70-79,"Third dose or booster, less than 21 days ago",<3,0,x,,x,x
Male,Deaths involving COVID-19,2023,January,70-79,"Third dose or booster, at least 21 days ago",46,15504,329.1,,237.8,442.8
Male,Deaths involving COVID-19,2023,January,70-79,"Fourth dose or booster, less than 21 days ago",<3,328,x,,x,x
Male,Deaths involving COVID-19,2023,January,70-79,"Fourth dose or booster, at least 21 days ago",177,165931,102.9,,87.7,118.1
Male,Deaths involving COVID-19,2023,January,80-89,Unvaccinated,28,1527,1882.4,,1250.1,2721.6
Male,Deaths involving COVID-19,2023,January,80-89,"First dose, less than 21 days ago",<3,0,x,,x,x
Male,Deaths involving COVID-19,2023,January,80-89,"First dose, at least 21 days ago",<3,159,x,,x,x
Male,Deaths involving COVID-19,2023,January,80-89,"Second dose, less than 21 days ago",<3,0,x,,x,x
Male,Deaths involving COVID-19,2023,January,80-89,"Second dose, at least 21 days ago",16,1316,1216.5,u,695.3,1975.5
Male,Deaths involving COVID-19,2023,January,80-89,"Third dose or booster, less than 21 days ago",<3,0,x,,x,x
Male,Deaths involving COVID-19,2023,January,80-89,"Third dose or booster, at least 21 days ago",48,3885,1241.1,,915,1645.6
Male,Deaths involving COVID-19,2023,January,80-89,"Fourth dose or booster, less than 21 days ago",<3,52,x,,x,x
Male,Deaths involving COVID-19,2023,January,80-89,"Fourth dose or booster, at least 21 days ago",438,75298,587,,532,642
Male,Deaths involving COVID-19,2023,January,90+,Unvaccinated,11,278,3955.5,u,1971.9,7078
Male,Deaths involving COVID-19,2023,January,90+,"First dose, less than 21 days ago",<3,0,x,,x,x
Male,Deaths involving COVID-19,2023,January,90+,"First dose, at least 21 days ago",<3,33,x,,x,x
Male,Deaths involving COVID-19,2023,January,90+,"Second dose, less than 21 days ago",<3,0,x,,x,x
Male,Deaths involving COVID-19,2023,January,90+,"Second dose, at least 21 days ago",5,244,2048,u,660,4779.4
Male,Deaths involving COVID-19,2023,January,90+,"Third dose or booster, less than 21 days ago",<3,0,x,,x,x
Male,Deaths involving COVID-19,2023,January,90+,"Third dose or booster, at least 21 days ago",19,647,2935.7,u,1766.7,4584.8
Male,Deaths involving COVID-19,2023,January,90+,"Fourth dose or booster, less than 21 days ago",<3,13,x,,x,x
Male,Deaths involving COVID-19,2023,January,90+,"Fourth dose or booster, at least 21 days ago",246,12300,2000.1,,1757.9,2266.2
Male,Deaths involving COVID-19,2023,February,18-39,Unvaccinated,<3,98270,x,,x,x
Male,Deaths involving COVID-19,2023,February,18-39,"First dose, less than 21 days ago",<3,39,x,,x,x
Male,Deaths involving COVID-19,2023,February,18-39,"First dose, at least 21 days ago",<3,20547,x,,x,x
Male,Deaths involving COVID-19,2023,February,18-39,"Second dose, less than 21 days ago",<3,73,x,,x,x
Male,Deaths involving COVID-19,2023,February,18-39,"Second dose, at least 21 days ago",<3,131696,x,,x,x
Male,Deaths involving COVID-19,2023,February,18-39,"Third dose or booster, less than 21 days ago",<3,6,x,,x,x
Male,Deaths involving COVID-19,2023,February,18-39,"Third dose or booster, at least 21 days ago",<3,222535,x,,x,x
Male,Deaths involving COVID-19,2023,February,18-39,"Fourth dose or booster, less than 21 days ago",<3,437,x,,x,x
Male,Deaths involving COVID-19,2023,February,18-39,"Fourth dose or booster, at least 21 days ago",<3,23617,x,,x,x
Male,Deaths involving COVID-19,2023,February,40-49,Unvaccinated,<3,28050,x,,x,x
Male,Deaths involving COVID-19,2023,February,40-49,"First dose, less than 21 days ago",<3,6,x,,x,x
Male,Deaths involving COVID-19,2023,February,40-49,"First dose, at least 21 days ago",<3,4242,x,,x,x
Male,Deaths involving COVID-19,2023,February,40-49,"Second dose, less than 21 days ago",<3,12,x,,x,x
Male,Deaths involving COVID-19,2023,February,40-49,"Second dose, at least 21 days ago",<3,39990,x,,x,x
Male,Deaths involving COVID-19,2023,February,40-49,"Third dose or booster, less than 21 days ago",<3,1,x,,x,x
Male,Deaths involving COVID-19,2023,February,40-49,"Third dose or booster, at least 21 days ago",<3,138642,x,,x,x
Male,Deaths involving COVID-19,2023,February,40-49,"Fourth dose or booster, less than 21 days ago",<3,542,x,,x,x
Male,Deaths involving COVID-19,2023,February,40-49,"Fourth dose or booster, at least 21 days ago",<3,27226,x,,x,x
Male,Deaths involving COVID-19,2023,February,50-59,Unvaccinated,<3,17983,x,,x,x
Male,Deaths involving COVID-19,2023,February,50-59,"First dose, less than 21 days ago",<3,3,x,,x,x
Male,Deaths involving COVID-19,2023,February,50-59,"First dose, at least 21 days ago",<3,2607,x,,x,x
Male,Deaths involving COVID-19,2023,February,50-59,"Second dose, less than 21 days ago",<3,5,x,,x,x
Male,Deaths involving COVID-19,2023,February,50-59,"Second dose, at least 21 days ago",<3,25667,x,,x,x
Male,Deaths involving COVID-19,2023,February,50-59,"Third dose or booster, less than 21 days ago",<3,0,x,,x,x
Male,Deaths involving COVID-19,2023,February,50-59,"Third dose or booster, at least 21 days ago",9,84666,10.9,u,5,20.7
Male,Deaths involving COVID-19,2023,February,50-59,"Fourth dose or booster, less than 21 days ago",<3,1077,x,,x,x
Male,Deaths involving COVID-19,2023,February,50-59,"Fourth dose or booster, at least 21 days ago",12,136452,8.5,u,4.3,14.9
Male,Deaths involving COVID-19,2023,February,60-69,Unvaccinated,4,9153,45.6,u,11.9,117.8
Male,Deaths involving COVID-19,2023,February,60-69,"First dose, less than 21 days ago",<3,2,x,,x,x
Male,Deaths involving COVID-19,2023,February,60-69,"First dose, at least 21 days ago",<3,1149,x,,x,x
Male,Deaths involving COVID-19,2023,February,60-69,"Second dose, less than 21 days ago",<3,2,x,,x,x
Male,Deaths involving COVID-19,2023,February,60-69,"Second dose, at least 21 days ago",5,11329,49.5,u,15.3,117.2
Male,Deaths involving COVID-19,2023,February,60-69,"Third dose or booster, less than 21 days ago",<3,1,x,,x,x
Male,Deaths involving COVID-19,2023,February,60-69,"Third dose or booster, at least 21 days ago",16,42879,40.6,u,22.6,66.7
Male,Deaths involving COVID-19,2023,February,60-69,"Fourth dose or booster, less than 21 days ago",<3,521,x,,x,x
Male,Deaths involving COVID-19,2023,February,60-69,"Fourth dose or booster, at least 21 days ago",49,159030,30.6,,22.6,40.4
Male,Deaths involving COVID-19,2023,February,70-79,Unvaccinated,12,4049,312.7,u,160.9,547.1
Male,Deaths involving COVID-19,2023,February,70-79,"First dose, less than 21 days ago",<3,0,x,,x,x
Male,Deaths involving COVID-19,2023,February,70-79,"First dose, at least 21 days ago",<3,425,x,,x,x
Male,Deaths involving COVID-19,2023,February,70-79,"Second dose, less than 21 days ago",<3,1,x,,x,x
Male,Deaths involving COVID-19,2023,February,70-79,"Second dose, at least 21 days ago",9,3657,261.2,u,117.8,498.6
Male,Deaths involving COVID-19,2023,February,70-79,"Third dose or booster, less than 21 days ago",<3,0,x,,x,x
Male,Deaths involving COVID-19,2023,February,70-79,"Third dose or booster, at least 21 days ago",40,13832,322.8,,227.7,443.3
Male,Deaths involving COVID-19,2023,February,70-79,"Fourth dose or booster, less than 21 days ago",<3,156,x,,x,x
Male,Deaths involving COVID-19,2023,February,70-79,"Fourth dose or booster, at least 21 days ago",155,150239,100.8,,84.9,116.7
Male,Deaths involving COVID-19,2023,February,80-89,Unvaccinated,14,1380,1015.1,u,554.4,1704
Male,Deaths involving COVID-19,2023,February,80-89,"First dose, less than 21 days ago",<3,0,x,,x,x
Male,Deaths involving COVID-19,2023,February,80-89,"First dose, at least 21 days ago",<3,142,x,,x,x
Male,Deaths involving COVID-19,2023,February,80-89,"Second dose, less than 21 days ago",<3,0,x,,x,x
Male,Deaths involving COVID-19,2023,February,80-89,"Second dose, at least 21 days ago",14,1184,1181.6,u,646,1982.6
Male,Deaths involving COVID-19,2023,February,80-89,"Third dose or booster, less than 21 days ago",<3,0,x,,x,x
Male,Deaths involving COVID-19,2023,February,80-89,"Third dose or booster, at least 21 days ago",24,3459,691.2,,442.8,1028.6
Male,Deaths involving COVID-19,2023,February,80-89,"Fourth dose or booster, less than 21 days ago",<3,29,x,,x,x
Male,Deaths involving COVID-19,2023,February,80-89,"Fourth dose or booster, at least 21 days ago",274,68317,403.3,,355.5,451.1
Male,Deaths involving COVID-19,2023,February,90+,Unvaccinated,4,251,1595.9,u,429.3,4085.8
Male,Deaths involving COVID-19,2023,February,90+,"First dose, less than 21 days ago",<3,0,x,,x,x
Male,Deaths involving COVID-19,2023,February,90+,"First dose, at least 21 days ago",<3,30,x,,x,x
Male,Deaths involving COVID-19,2023,February,90+,"Second dose, less than 21 days ago",<3,0,x,,x,x
Male,Deaths involving COVID-19,2023,February,90+,"Second dose, at least 21 days ago",<3,222,x,,x,x
Male,Deaths involving COVID-19,2023,February,90+,"Third dose or booster, less than 21 days ago",<3,0,x,,x,x
Male,Deaths involving COVID-19,2023,February,90+,"Third dose or booster, at least 21 days ago",13,572,2272.4,u,1208.7,3886.1
Male,Deaths involving COVID-19,2023,February,90+,"Fourth dose or booster, less than 21 days ago",<3,6,x,,x,x
Male,Deaths involving COVID-19,2023,February,90+,"Fourth dose or booster, at least 21 days ago",159,11135,1427.9,,1214.6,1667.9
Male,Deaths involving COVID-19,2023,March,18-39,Unvaccinated,<3,109001,x,,x,x
Male,Deaths involving COVID-19,2023,March,18-39,"First dose, less than 21 days ago",<3,35,x,,x,x
Male,Deaths involving COVID-19,2023,March,18-39,"First dose, at least 21 days ago",<3,22911,x,,x,x
Male,Deaths involving COVID-19,2023,March,18-39,"Second dose, less than 21 days ago",<3,61,x,,x,x
Male,Deaths involving COVID-19,2023,March,18-39,"Second dose, at least 21 days ago",<3,146231,x,,x,x
Male,Deaths involving COVID-19,2023,March,18-39,"Third dose or booster, less than 21 days ago",<3,2,x,,x,x
Male,Deaths involving COVID-19,2023,March,18-39,"Third dose or booster, at least 21 days ago",<3,245564,x,,x,x
Male,Deaths involving COVID-19,2023,March,18-39,"Fourth dose or booster, less than 21 days ago",<3,20,x,,x,x
Male,Deaths involving COVID-19,2023,March,18-39,"Fourth dose or booster, at least 21 days ago",4,26591,15.6,u,3.1,42.5
Male,Deaths involving COVID-19,2023,March,40-49,Unvaccinated,<3,31159,x,,x,x
Male,Deaths involving COVID-19,2023,March,40-49,"First dose, less than 21 days ago",<3,4,x,,x,x
Male,Deaths involving COVID-19,2023,March,40-49,"First dose, at least 21 days ago",<3,4708,x,,x,x
Male,Deaths involving COVID-19,2023,March,40-49,"Second dose, less than 21 days ago",<3,9,x,,x,x
Male,Deaths involving COVID-19,2023,March,40-49,"Second dose, at least 21 days ago",<3,44412,x,,x,x
Male,Deaths involving COVID-19,2023,March,40-49,"Third dose or booster, less than 21 days ago",<3,0,x,,x,x
Male,Deaths involving COVID-19,2023,March,40-49,"Third dose or booster, at least 21 days ago",3,153195,2,u,0.4,5.7
Male,Deaths involving COVID-19,2023,March,40-49,"Fourth dose or booster, less than 21 days ago",<3,25,x,,x,x
Male,Deaths involving COVID-19,2023,March,40-49,"Fourth dose or booster, at least 21 days ago",3,30618,9.5,u,1.9,28.1
Male,Deaths involving COVID-19,2023,March,50-59,Unvaccinated,4,19974,19.4,u,5.3,49.8
Male,Deaths involving COVID-19,2023,March,50-59,"First dose, less than 21 days ago",<3,2,x,,x,x
Male,Deaths involving COVID-19,2023,March,50-59,"First dose, at least 21 days ago",3,2893,115,u,23.7,336.1
Male,Deaths involving COVID-19,2023,March,50-59,"Second dose, less than 21 days ago",<3,4,x,,x,x
Male,Deaths involving COVID-19,2023,March,50-59,"Second dose, at least 21 days ago",7,28531,25.2,u,10.1,52.1
Male,Deaths involving COVID-19,2023,March,50-59,"Third dose or booster, less than 21 days ago",<3,0,x,,x,x
Male,Deaths involving COVID-19,2023,March,50-59,"Third dose or booster, at least 21 days ago",9,94124,9.5,u,4.3,18
Male,Deaths involving COVID-19,2023,March,50-59,"Fourth dose or booster, less than 21 days ago",<3,38,x,,x,x
Male,Deaths involving COVID-19,2023,March,50-59,"Fourth dose or booster, at least 21 days ago",6,151387,3.8,u,1.4,8.4
Male,Deaths involving COVID-19,2023,March,60-69,Unvaccinated,6,10185,57.7,u,20.6,126.7
Male,Deaths involving COVID-19,2023,March,60-69,"First dose, less than 21 days ago",<3,1,x,,x,x
Male,Deaths involving COVID-19,2023,March,60-69,"First dose, at least 21 days ago",<3,1280,x,,x,x
Male,Deaths involving COVID-19,2023,March,60-69,"Second dose, less than 21 days ago",<3,2,x,,x,x
Male,Deaths involving COVID-19,2023,March,60-69,"Second dose, at least 21 days ago",6,12646,62.9,u,23.1,136.9
Male,Deaths involving COVID-19,2023,March,60-69,"Third dose or booster, less than 21 days ago",<3,0,x,,x,x
Male,Deaths involving COVID-19,2023,March,60-69,"Third dose or booster, at least 21 days ago",20,47715,50.3,,30.2,78.3
Male,Deaths involving COVID-19,2023,March,60-69,"Fourth dose or booster, less than 21 days ago",<3,19,x,,x,x
Male,Deaths involving COVID-19,2023,March,60-69,"Fourth dose or booster, at least 21 days ago",57,176685,31.7,,24,41.1
Male,Deaths involving COVID-19,2023,March,70-79,Unvaccinated,5,4503,115.4,u,37.2,270.1
Male,Deaths involving COVID-19,2023,March,70-79,"First dose, less than 21 days ago",<3,0,x,,x,x
Male,Deaths involving COVID-19,2023,March,70-79,"First dose, at least 21 days ago",<3,470,x,,x,x
Male,Deaths involving COVID-19,2023,March,70-79,"Second dose, less than 21 days ago",<3,1,x,,x,x
Male,Deaths involving COVID-19,2023,March,70-79,"Second dose, at least 21 days ago",14,4066,367.3,u,198.9,619.2
Male,Deaths involving COVID-19,2023,March,70-79,"Third dose or booster, less than 21 days ago",<3,0,x,,x,x
Male,Deaths involving COVID-19,2023,March,70-79,"Third dose or booster, at least 21 days ago",34,15364,246.4,,168.4,347.3
Male,Deaths involving COVID-19,2023,March,70-79,"Fourth dose or booster, less than 21 days ago",<3,6,x,,x,x
Male,Deaths involving COVID-19,2023,March,70-79,"Fourth dose or booster, at least 21 days ago",214,166544,124.5,,107.7,141.2
Male,Deaths involving COVID-19,2023,March,80-89,Unvaccinated,17,1528,1140.8,u,664,1827.5
Male,Deaths involving COVID-19,2023,March,80-89,"First dose, less than 21 days ago",<3,0,x,,x,x
Male,Deaths involving COVID-19,2023,March,80-89,"First dose, at least 21 days ago",<3,157,x,,x,x
Male,Deaths involving COVID-19,2023,March,80-89,"Second dose, less than 21 days ago",<3,0,x,,x,x
Male,Deaths involving COVID-19,2023,March,80-89,"Second dose, at least 21 days ago",14,1309,1070.8,u,585.4,1796.6
Male,Deaths involving COVID-19,2023,March,80-89,"Third dose or booster, less than 21 days ago",<3,0,x,,x,x
Male,Deaths involving COVID-19,2023,March,80-89,"Third dose or booster, at least 21 days ago",46,3810,1222.4,,894.8,1630.7
Male,Deaths involving COVID-19,2023,March,80-89,"Fourth dose or booster, less than 21 days ago",<3,2,x,,x,x
Male,Deaths involving COVID-19,2023,March,80-89,"Fourth dose or booster, at least 21 days ago",442,75879,587.4,,532.6,642.1
Male,Deaths involving COVID-19,2023,March,90+,Unvaccinated,10,277,3611.4,u,1728.9,6641.9
Male,Deaths involving COVID-19,2023,March,90+,"First dose, less than 21 days ago",<3,0,x,,x,x
Male,Deaths involving COVID-19,2023,March,90+,"First dose, at least 21 days ago",3,33,9100.9,u,1829.1,26591.3
Male,Deaths involving COVID-19,2023,March,90+,"Second dose, less than 21 days ago",<3,0,x,,x,x
Male,Deaths involving COVID-19,2023,March,90+,"Second dose, at least 21 days ago",5,246,2030.6,u,654.4,4738.7
Male,Deaths involving COVID-19,2023,March,90+,"Third dose or booster, less than 21 days ago",<3,0,x,,x,x
Male,Deaths involving COVID-19,2023,March,90+,"Third dose or booster, at least 21 days ago",21,626,3352.4,,2074.4,5124.7
Male,Deaths involving COVID-19,2023,March,90+,"Fourth dose or booster, less than 21 days ago",<3,0,x,,x,x
Male,Deaths involving COVID-19,2023,March,90+,"Fourth dose or booster, at least 21 days ago",219,12347,1773.7,,1546.5,2024.8
Male,Deaths involving COVID-19,2023,April,18-39,Unvaccinated,<3,105703,x,,x,x
Male,Deaths involving COVID-19,2023,April,18-39,"First dose, less than 21 days ago",<3,11,x,,x,x
Male,Deaths involving COVID-19,2023,April,18-39,"First dose, at least 21 days ago",<3,22372,x,,x,x
Male,Deaths involving COVID-19,2023,April,18-39,"Second dose, less than 21 days ago",<3,25,x,,x,x
Male,Deaths involving COVID-19,2023,April,18-39,"Second dose, at least 21 days ago",<3,141914,x,,x,x
Male,Deaths involving COVID-19,2023,April,18-39,"Third dose or booster, less than 21 days ago",<3,1,x,,x,x
Male,Deaths involving COVID-19,2023,April,18-39,"Third dose or booster, at least 21 days ago",<3,236843,x,,x,x
Male,Deaths involving COVID-19,2023,April,18-39,"Fourth dose or booster, less than 21 days ago",<3,0,x,,x,x
Male,Deaths involving COVID-19,2023,April,18-39,"Fourth dose or booster, at least 21 days ago",<3,25613,x,,x,x
Male,Deaths involving COVID-19,2023,April,40-49,Unvaccinated,<3,30273,x,,x,x
Male,Deaths involving COVID-19,2023,April,40-49,"First dose, less than 21 days ago",<3,2,x,,x,x
Male,Deaths involving COVID-19,2023,April,40-49,"First dose, at least 21 days ago",<3,4578,x,,x,x
Male,Deaths involving COVID-19,2023,April,40-49,"Second dose, less than 21 days ago",<3,3,x,,x,x
Male,Deaths involving COVID-19,2023,April,40-49,"Second dose, at least 21 days ago",<3,43131,x,,x,x
Male,Deaths involving COVID-19,2023,April,40-49,"Third dose or booster, less than 21 days ago",<3,0,x,,x,x
Male,Deaths involving COVID-19,2023,April,40-49,"Third dose or booster, at least 21 days ago",<3,148041,x,,x,x
Male,Deaths involving COVID-19,2023,April,40-49,"Fourth dose or booster, less than 21 days ago",<3,0,x,,x,x
Male,Deaths involving COVID-19,2023,April,40-49,"Fourth dose or booster, at least 21 days ago",<3,29376,x,,x,x
Male,Deaths involving COVID-19,2023,April,50-59,Unvaccinated,<3,19391,x,,x,x
Male,Deaths involving COVID-19,2023,April,50-59,"First dose, less than 21 days ago",<3,1,x,,x,x
Male,Deaths involving COVID-19,2023,April,50-59,"First dose, at least 21 days ago",<3,2807,x,,x,x
Male,Deaths involving COVID-19,2023,April,50-59,"Second dose, less than 21 days ago",<3,2,x,,x,x
Male,Deaths involving COVID-19,2023,April,50-59,"Second dose, at least 21 days ago",3,27732,10.6,u,2.1,31.1
Male,Deaths involving COVID-19,2023,April,50-59,"Third dose or booster, less than 21 days ago",<3,0,x,,x,x
Male,Deaths involving COVID-19,2023,April,50-59,"Third dose or booster, at least 21 days ago",6,91791,6.8,u,2.5,14.7
Male,Deaths involving COVID-19,2023,April,50-59,"Fourth dose or booster, less than 21 days ago",<3,0,x,,x,x
Male,Deaths involving COVID-19,2023,April,50-59,"Fourth dose or booster, at least 21 days ago",12,145342,8.4,u,4.3,14.8
Male,Deaths involving COVID-19,2023,April,60-69,Unvaccinated,8,9932,87.8,u,37.2,174.2
Male,Deaths involving COVID-19,2023,April,60-69,"First dose, less than 21 days ago",<3,0,x,,x,x
Male,Deaths involving COVID-19,2023,April,60-69,"First dose, at least 21 days ago",<3,1251,x,,x,x
Male,Deaths involving COVID-19,2023,April,60-69,"Second dose, less than 21 days ago",<3,1,x,,x,x
Male,Deaths involving COVID-19,2023,April,60-69,"Second dose, at least 21 days ago",3,12357,19.8,u,4.1,58
Male,Deaths involving COVID-19,2023,April,60-69,"Third dose or booster, less than 21 days ago",<3,0,x,,x,x
Male,Deaths involving COVID-19,2023,April,60-69,"Third dose or booster, at least 21 days ago",12,46594,27.9,u,14,49.5
Male,Deaths involving COVID-19,2023,April,60-69,"Fourth dose or booster, less than 21 days ago",<3,0,x,,x,x
Male,Deaths involving COVID-19,2023,April,60-69,"Fourth dose or booster, at least 21 days ago",47,170968,27.2,,20,36.1
Male,Deaths involving COVID-19,2023,April,70-79,Unvaccinated,11,4377,267.3,u,133,479
Male,Deaths involving COVID-19,2023,April,70-79,"First dose, less than 21 days ago",<3,0,x,,x,x
Male,Deaths involving COVID-19,2023,April,70-79,"First dose, at least 21 days ago",<3,457,x,,x,x
Male,Deaths involving COVID-19,2023,April,70-79,"Second dose, less than 21 days ago",<3,0,x,,x,x
Male,Deaths involving COVID-19,2023,April,70-79,"Second dose, at least 21 days ago",8,3958,219.3,u,93.3,434.3
Male,Deaths involving COVID-19,2023,April,70-79,"Third dose or booster, less than 21 days ago",<3,0,x,,x,x
Male,Deaths involving COVID-19,2023,April,70-79,"Third dose or booster, at least 21 days ago",24,14977,171.7,,108.1,258.1
Male,Deaths involving COVID-19,2023,April,70-79,"Fourth dose or booster, less than 21 days ago",<3,0,x,,x,x
Male,Deaths involving COVID-19,2023,April,70-79,"Fourth dose or booster, at least 21 days ago",144,161251,85,,71.1,99
Male,Deaths involving COVID-19,2023,April,80-89,Unvaccinated,12,1480,829,u,427.9,1448.8
Male,Deaths involving COVID-19,2023,April,80-89,"First dose, less than 21 days ago",<3,0,x,,x,x
Male,Deaths involving COVID-19,2023,April,80-89,"First dose, at least 21 days ago",<3,150,x,,x,x
Male,Deaths involving COVID-19,2023,April,80-89,"Second dose, less than 21 days ago",<3,0,x,,x,x
Male,Deaths involving COVID-19,2023,April,80-89,"Second dose, at least 21 days ago",13,1265,1028,u,547.4,1758
Male,Deaths involving COVID-19,2023,April,80-89,"Third dose or booster, less than 21 days ago",<3,0,x,,x,x
Male,Deaths involving COVID-19,2023,April,80-89,"Third dose or booster, at least 21 days ago",20,3689,548.5,,334.9,847.3
Male,Deaths involving COVID-19,2023,April,80-89,"Fourth dose or booster, less than 21 days ago",<3,0,x,,x,x
Male,Deaths involving COVID-19,2023,April,80-89,"Fourth dose or booster, at least 21 days ago",331,73738,452.5,,403.7,501.2
Male,Deaths involving COVID-19,2023,April,90+,Unvaccinated,8,267,2995.1,u,1289.6,5902
Male,Deaths involving COVID-19,2023,April,90+,"First dose, less than 21 days ago",<3,0,x,,x,x
Male,Deaths involving COVID-19,2023,April,90+,"First dose, at least 21 days ago",<3,31,x,,x,x
Male,Deaths involving COVID-19,2023,April,90+,"Second dose, less than 21 days ago",<3,0,x,,x,x
Male,Deaths involving COVID-19,2023,April,90+,"Second dose, at least 21 days ago",4,238,1683.9,u,453,4311.2
Male,Deaths involving COVID-19,2023,April,90+,"Third dose or booster, less than 21 days ago",<3,0,x,,x,x
Male,Deaths involving COVID-19,2023,April,90+,"Third dose or booster, at least 21 days ago",11,603,1824.6,u,909.6,3264.9
Male,Deaths involving COVID-19,2023,April,90+,"Fourth dose or booster, less than 21 days ago",<3,0,x,,x,x
Male,Deaths involving COVID-19,2023,April,90+,"Fourth dose or booster, at least 21 days ago",164,11999,1366.8,,1165.6,1592.7
Male,Deaths involving COVID-19,2023,May,18-39,Unvaccinated,<3,109499,x,,x,x
Male,Deaths involving COVID-19,2023,May,18-39,"First dose, less than 21 days ago",<3,0,x,,x,x
Male,Deaths involving COVID-19,2023,May,18-39,"First dose, at least 21 days ago",<3,23335,x,,x,x
Male,Deaths involving COVID-19,2023,May,18-39,"Second dose, less than 21 days ago",<3,1,x,,x,x
Male,Deaths involving COVID-19,2023,May,18-39,"Second dose, at least 21 days ago",<3,147015,x,,x,x
Male,Deaths involving COVID-19,2023,May,18-39,"Third dose or booster, less than 21 days ago",<3,0,x,,x,x
Male,Deaths involving COVID-19,2023,May,18-39,"Third dose or booster, at least 21 days ago",<3,243916,x,,x,x
Male,Deaths involving COVID-19,2023,May,18-39,"Fourth dose or booster, less than 21 days ago",<3,0,x,,x,x
Male,Deaths involving COVID-19,2023,May,18-39,"Fourth dose or booster, at least 21 days ago",<3,26323,x,,x,x
Male,Deaths involving COVID-19,2023,May,40-49,Unvaccinated,<3,31395,x,,x,x
Male,Deaths involving COVID-19,2023,May,40-49,"First dose, less than 21 days ago",<3,0,x,,x,x
Male,Deaths involving COVID-19,2023,May,40-49,"First dose, at least 21 days ago",<3,4748,x,,x,x
Male,Deaths involving COVID-19,2023,May,40-49,"Second dose, less than 21 days ago",<3,0,x,,x,x
Male,Deaths involving COVID-19,2023,May,40-49,"Second dose, at least 21 days ago",<3,44721,x,,x,x
Male,Deaths involving COVID-19,2023,May,40-49,"Third dose or booster, less than 21 days ago",<3,0,x,,x,x
Male,Deaths involving COVID-19,2023,May,40-49,"Third dose or booster, at least 21 days ago",<3,152834,x,,x,x
Male,Deaths involving COVID-19,2023,May,40-49,"Fourth dose or booster, less than 21 days ago",<3,0,x,,x,x
Male,Deaths involving COVID-19,2023,May,40-49,"Fourth dose or booster, at least 21 days ago",<3,30140,x,,x,x
Male,Deaths involving COVID-19,2023,May,50-59,Unvaccinated,<3,20108,x,,x,x
Male,Deaths involving COVID-19,2023,May,50-59,"First dose, less than 21 days ago",<3,0,x,,x,x
Male,Deaths involving COVID-19,2023,May,50-59,"First dose, at least 21 days ago",<3,2910,x,,x,x
Male,Deaths involving COVID-19,2023,May,50-59,"Second dose, less than 21 days ago",<3,0,x,,x,x
Male,Deaths involving COVID-19,2023,May,50-59,"Second dose, at least 21 days ago",<3,28764,x,,x,x
Male,Deaths involving COVID-19,2023,May,50-59,"Third dose or booster, less than 21 days ago",<3,0,x,,x,x
Male,Deaths involving COVID-19,2023,May,50-59,"Third dose or booster, at least 21 days ago",<3,95529,x,,x,x
Male,Deaths involving COVID-19,2023,May,50-59,"Fourth dose or booster, less than 21 days ago",<3,0,x,,x,x
Male,Deaths involving COVID-19,2023,May,50-59,"Fourth dose or booster, at least 21 days ago",9,149002,5.6,u,2.5,10.7
Male,Deaths involving COVID-19,2023,May,60-69,Unvaccinated,<3,10331,x,,x,x
Male,Deaths involving COVID-19,2023,May,60-69,"First dose, less than 21 days ago",<3,0,x,,x,x
Male,Deaths involving COVID-19,2023,May,60-69,"First dose, at least 21 days ago",<3,1303,x,,x,x
Male,Deaths involving COVID-19,2023,May,60-69,"Second dose, less than 21 days ago",<3,0,x,,x,x
Male,Deaths involving COVID-19,2023,May,60-69,"Second dose, at least 21 days ago",4,12874,37.2,u,9.7,96.2
Male,Deaths involving COVID-19,2023,May,60-69,"Third dose or booster, less than 21 days ago",<3,0,x,,x,x
Male,Deaths involving COVID-19,2023,May,60-69,"Third dose or booster, at least 21 days ago",10,48533,23.5,u,10.9,43.7
Male,Deaths involving COVID-19,2023,May,60-69,"Fourth dose or booster, less than 21 days ago",<3,0,x,,x,x
Male,Deaths involving COVID-19,2023,May,60-69,"Fourth dose or booster, at least 21 days ago",29,176600,16.2,,10.8,23.1
Male,Deaths involving COVID-19,2023,May,70-79,Unvaccinated,7,4541,163.5,u,65.4,337.5
Male,Deaths involving COVID-19,2023,May,70-79,"First dose, less than 21 days ago",<3,0,x,,x,x
Male,Deaths involving COVID-19,2023,May,70-79,"First dose, at least 21 days ago",<3,474,x,,x,x
Male,Deaths involving COVID-19,2023,May,70-79,"Second dose, less than 21 days ago",<3,0,x,,x,x
Male,Deaths involving COVID-19,2023,May,70-79,"Second dose, at least 21 days ago",4,4114,109.6,u,29.2,282.1
Male,Deaths involving COVID-19,2023,May,70-79,"Third dose or booster, less than 21 days ago",<3,0,x,,x,x
Male,Deaths involving COVID-19,2023,May,70-79,"Third dose or booster, at least 21 days ago",19,15594,131.2,u,77.4,207
Male,Deaths involving COVID-19,2023,May,70-79,"Fourth dose or booster, less than 21 days ago",<3,0,x,,x,x
Male,Deaths involving COVID-19,2023,May,70-79,"Fourth dose or booster, at least 21 days ago",99,166674,57.3,,46.5,69.8
Male,Deaths involving COVID-19,2023,May,80-89,Unvaccinated,10,1536,647.7,u,310.3,1191.7
Male,Deaths involving COVID-19,2023,May,80-89,"First dose, less than 21 days ago",<3,0,x,,x,x
Male,Deaths involving COVID-19,2023,May,80-89,"First dose, at least 21 days ago",<3,154,x,,x,x
Male,Deaths involving COVID-19,2023,May,80-89,"Second dose, less than 21 days ago",<3,0,x,,x,x
Male,Deaths involving COVID-19,2023,May,80-89,"Second dose, at least 21 days ago",6,1307,458.6,u,168.3,998.1
Male,Deaths involving COVID-19,2023,May,80-89,"Third dose or booster, less than 21 days ago",<3,0,x,,x,x
Male,Deaths involving COVID-19,2023,May,80-89,"Third dose or booster, at least 21 days ago",14,3814,368.7,u,201.5,618.7
Male,Deaths involving COVID-19,2023,May,80-89,"Fourth dose or booster, less than 21 days ago",<3,0,x,,x,x
Male,Deaths involving COVID-19,2023,May,80-89,"Fourth dose or booster, at least 21 days ago",194,76512,255.6,,219.6,291.5
Male,Deaths involving COVID-19,2023,May,90+,Unvaccinated,4,275,1453.6,u,391.1,3721.5
Male,Deaths involving COVID-19,2023,May,90+,"First dose, less than 21 days ago",<3,0,x,,x,x
Male,Deaths involving COVID-19,2023,May,90+,"First dose, at least 21 days ago",<3,32,x,,x,x
Male,Deaths involving COVID-19,2023,May,90+,"Second dose, less than 21 days ago",<3,0,x,,x,x
Male,Deaths involving COVID-19,2023,May,90+,"Second dose, at least 21 days ago",<3,245,x,,x,x
Male,Deaths involving COVID-19,2023,May,90+,"Third dose or booster, less than 21 days ago",<3,0,x,,x,x
Male,Deaths involving COVID-19,2023,May,90+,"Third dose or booster, at least 21 days ago",4,621,643.9,u,173.2,1648.4
Male,Deaths involving COVID-19,2023,May,90+,"Fourth dose or booster, less than 21 days ago",<3,0,x,,x,x
Male,Deaths involving COVID-19,2023,May,90+,"Fourth dose or booster, at least 21 days ago",112,12473,897.9,,739.3,1080.4
